共找到 2556 个交易日，开始使用pro_bar获取K线数据...
正在获取平安银行 从20150105 到 20250710 的数据...
  获取到 2555 条数据
正在获取万科A 从20150105 到 20250710 的数据...
  获取到 2420 条数据
正在获取*ST国华 从20150105 到 20250710 的数据...
  获取到 2353 条数据
正在获取深振业A 从20150105 到 20250710 的数据...
  获取到 2438 条数据
正在获取全新好 从20150105 到 20250710 的数据...
  获取到 2058 条数据
正在获取神州高铁 从20150105 到 20250710 的数据...
  获取到 2399 条数据
正在获取中国宝安 从20150105 到 20250710 的数据...
  获取到 2523 条数据
正在获取美丽生态 从20150105 到 20250710 的数据...
  获取到 2454 条数据
正在获取深物业A 从20150105 到 20250710 的数据...
  获取到 2555 条数据
正在获取南玻A 从20150105 到 20250710 的数据...
  获取到 2531 条数据
正在获取沙河股份 从20150105 到 20250710 的数据...
  获取到 2555 条数据
正在获取深康佳A 从20150105 到 20250710 的数据...
  获取到 2451 条数据
正在获取深中华A 从20150105 到 20250710 的数据...
  获取到 2521 条数据
正在获取深粮控股 从20150105 到 20250710 的数据...
  获取到 2398 条数据
正在获取深华发A 从20150105 到 20250710 的数据...
  获取到 2408 条数据
正在获取深科技 从20150105 到 20250710 的数据...
  获取到 2535 条数据
正在获取特力A 从20150105 到 20250710 的数据...
  获取到 2539 条数据
正在获取飞亚达 从20150105 到 20250710 的数据...
HTTPConnectionPool(host='api.waditu.com', port=80): Max retries exceeded with url: /dataapi/adj_factor (Caused by NameResolutionError("<urllib3.connection.HTTPConnection object at 0x7f33b54d74c0>: Failed to resolve 'api.waditu.com' ([Errno -2] Name or service not known)"))
  获取到 2548 条数据
正在获取深圳能源 从20150105 到 20250710 的数据...
  获取到 2555 条数据
正在获取国药一致 从20150105 到 20250710 的数据...
  获取到 2444 条数据
正在获取深深房A 从20150105 到 20250710 的数据...
  获取到 1549 条数据
正在获取富奥股份 从20150105 到 20250710 的数据...
  获取到 2548 条数据
正在获取大悦城 从20150105 到 20250710 的数据...
  获取到 2367 条数据
正在获取深桑达A 从20150105 到 20250710 的数据...
  获取到 2401 条数据
正在获取神州数码 从20150105 到 20250710 的数据...
  获取到 2120 条数据
正在获取中国天楹 从20150105 到 20250710 的数据...
  获取到 2225 条数据
正在获取华联控股 从20150105 到 20250710 的数据...
  获取到 2548 条数据
正在获取深南电A 从20150105 到 20250710 的数据...
  获取到 2435 条数据
正在获取中集集团 从20150105 到 20250710 的数据...
  获取到 2549 条数据
正在获取中洲控股 从20150105 到 20250710 的数据...
  获取到 2412 条数据
正在获取深纺织A 从20150105 到 20250710 的数据...
  获取到 2452 条数据
正在获取京基智农 从20150105 到 20250710 的数据...
  获取到 2378 条数据
正在获取德赛电池 从20150105 到 20250710 的数据...
  获取到 2548 条数据
正在获取深天马A 从20150105 到 20250710 的数据...
  获取到 2411 条数据
正在获取方大集团 从20150105 到 20250710 的数据...
HTTPConnectionPool(host='api.waditu.com', port=80): Max retries exceeded with url: /dataapi/daily (Caused by NameResolutionError("<urllib3.connection.HTTPConnection object at 0x7f33b54d7190>: Failed to resolve 'api.waditu.com' ([Errno -2] Name or service not known)"))
  获取到 2549 条数据
正在获取皇庭国际 从20150105 到 20250710 的数据...
  获取到 2442 条数据
正在获取深赛格 从20150105 到 20250710 的数据...
  获取到 2469 条数据
正在获取华锦股份 从20150105 到 20250710 的数据...
  获取到 2553 条数据
正在获取中金岭南 从20150105 到 20250710 的数据...
  获取到 2549 条数据
正在获取农产品 从20150105 到 20250710 的数据...
  获取到 2480 条数据
正在获取深圳华强 从20150105 到 20250710 的数据...
  获取到 2471 条数据
正在获取中兴通讯 从20150105 到 20250710 的数据...
  获取到 2481 条数据
正在获取北方国际 从20150105 到 20250710 的数据...
  获取到 2446 条数据
正在获取中国长城 从20150105 到 20250710 的数据...
  获取到 2358 条数据
正在获取华控赛格 从20150105 到 20250710 的数据...
  获取到 2442 条数据
正在获取华侨城A 从20150105 到 20250710 的数据...
  获取到 2511 条数据
正在获取ST特信 从20150105 到 20250710 的数据...
  获取到 2476 条数据
正在获取海王生物 从20150105 到 20250710 的数据...
  获取到 2542 条数据
正在获取盐田港 从20150105 到 20250710 的数据...
  获取到 2539 条数据
正在获取深圳机场 从20150105 到 20250710 的数据...
  获取到 2553 条数据
正在获取天健集团 从20150105 到 20250710 的数据...
  获取到 2543 条数据
正在获取广聚能源 从20150105 到 20250710 的数据...
  获取到 2555 条数据
正在获取中信海直 从20150105 到 20250710 的数据...
  获取到 2432 条数据
正在获取TCL科技 从20150105 到 20250710 的数据...
  获取到 2389 条数据
正在获取中成股份 从20150105 到 20250710 的数据...
  获取到 2545 条数据
正在获取丰原药业 从20150105 到 20250710 的数据...
  获取到 2278 条数据
正在获取川能动力 从20150105 到 20250710 的数据...
  获取到 2115 条数据
正在获取华数传媒 从20150105 到 20250710 的数据...
  获取到 2426 条数据
正在获取中联重科 从20150105 到 20250710 的数据...
  获取到 2554 条数据
正在获取常山北明 从20150105 到 20250710 的数据...
  获取到 2535 条数据
正在获取国际实业 从20150105 到 20250710 的数据...
  获取到 2443 条数据
正在获取申万宏源 从20150105 到 20250710 的数据...
  获取到 2510 条数据
正在获取东方盛虹 从20150105 到 20250710 的数据...
  获取到 2379 条数据
正在获取美的集团 从20150105 到 20250710 的数据...
  获取到 2502 条数据
正在获取潍柴动力 从20150105 到 20250710 的数据...
  获取到 2553 条数据
正在获取许继电气 从20150105 到 20250710 的数据...
  获取到 2555 条数据
正在获取冀东水泥 从20150105 到 20250710 的数据...
  获取到 2415 条数据
正在获取金融街 从20150105 到 20250710 的数据...
  获取到 2555 条数据
正在获取派林生物 从20150105 到 20250710 的数据...
  获取到 2273 条数据
正在获取长虹华意 从20150105 到 20250710 的数据...
  获取到 2546 条数据
正在获取胜利股份 从20150105 到 20250710 的数据...
HTTPConnectionPool(host='api.waditu.com', port=80): Max retries exceeded with url: /dataapi/adj_factor (Caused by NameResolutionError("<urllib3.connection.HTTPConnection object at 0x7f33b4d787f0>: Failed to resolve 'api.waditu.com' ([Errno -2] Name or service not known)"))
  获取到 2437 条数据
正在获取藏格矿业 从20150105 到 20250710 的数据...
  获取到 2493 条数据
正在获取云鼎科技 从20150105 到 20250710 的数据...
  获取到 2362 条数据
正在获取沈阳机床 从20150105 到 20250710 的数据...
  获取到 2490 条数据
正在获取英特集团 从20150105 到 20250710 的数据...
  获取到 2428 条数据
正在获取渤海租赁 从20150105 到 20250710 的数据...
  获取到 2178 条数据
正在获取合百集团 从20150105 到 20250710 的数据...
  获取到 2551 条数据
正在获取通程控股 从20150105 到 20250710 的数据...
  获取到 2555 条数据
正在获取吉林化纤 从20150105 到 20250710 的数据...
  获取到 2525 条数据
正在获取南京公用 从20150105 到 20250710 的数据...
  获取到 2535 条数据
正在获取湖北宜化 从20150105 到 20250710 的数据...
  获取到 2513 条数据
正在获取东阿阿胶 从20150105 到 20250710 的数据...
  获取到 2555 条数据
正在获取徐工机械 从20150105 到 20250710 的数据...
  获取到 2515 条数据
正在获取兴业银锡 从20150105 到 20250710 的数据...
HTTPConnectionPool(host='api.waditu.com', port=80): Max retries exceeded with url: /dataapi/adj_factor (Caused by NameResolutionError("<urllib3.connection.HTTPConnection object at 0x7f33b4d792a0>: Failed to resolve 'api.waditu.com' ([Errno -2] Name or service not known)"))
  获取到 2293 条数据
正在获取华天酒店 从20150105 到 20250710 的数据...
  获取到 2555 条数据
正在获取粤高速A 从20150105 到 20250710 的数据...
  获取到 2477 条数据
正在获取ST张家界 从20150105 到 20250710 的数据...
  获取到 2528 条数据
正在获取ST晨鸣 从20150105 到 20250710 的数据...
  获取到 2548 条数据
正在获取山东路桥 从20150105 到 20250710 的数据...
  获取到 2509 条数据
正在获取武商集团 从20150105 到 20250710 的数据...
  获取到 2546 条数据
正在获取国新健康 从20150105 到 20250710 的数据...
  获取到 2325 条数据
正在获取*ST生物 从20150105 到 20250710 的数据...
  获取到 2325 条数据
正在获取京粮控股 从20150105 到 20250710 的数据...
HTTPConnectionPool(host='api.waditu.com', port=80): Max retries exceeded with url: /dataapi/adj_factor (Caused by NameResolutionError("<urllib3.connection.HTTPConnection object at 0x7f33b4d79330>: Failed to resolve 'api.waditu.com' ([Errno -2] Name or service not known)"))
  获取到 2422 条数据
正在获取中润资源 从20150105 到 20250710 的数据...
  获取到 2248 条数据
正在获取珠海港 从20150105 到 20250710 的数据...
  获取到 2543 条数据
正在获取华塑控股 从20150105 到 20250710 的数据...
HTTPConnectionPool(host='api.waditu.com', port=80): Max retries exceeded with url: /dataapi/daily (Caused by NameResolutionError("<urllib3.connection.HTTPConnection object at 0x7f33b4d784f0>: Failed to resolve 'api.waditu.com' ([Errno -2] Name or service not known)"))
  获取到 2261 条数据
正在获取新金路 从20150105 到 20250710 的数据...
  获取到 2417 条数据
正在获取丽珠集团 从20150105 到 20250710 的数据...
  获取到 2493 条数据
正在获取渝开发 从20150105 到 20250710 的数据...
HTTPConnectionPool(host='api.waditu.com', port=80): Max retries exceeded with url: /dataapi/adj_factor (Caused by NameResolutionError("<urllib3.connection.HTTPConnection object at 0x7f33b4d78b20>: Failed to resolve 'api.waditu.com' ([Errno -2] Name or service not known)"))
  获取到 2493 条数据
正在获取国际医学 从20150105 到 20250710 的数据...
  获取到 2378 条数据
正在获取荣安地产 从20150105 到 20250710 的数据...
  获取到 2523 条数据
正在获取*ST四环 从20150105 到 20250710 的数据...
  获取到 2453 条数据
正在获取中兵红箭 从20150105 到 20250710 的数据...
  获取到 2416 条数据
正在获取凤凰航运 从20150105 到 20250710 的数据...
  获取到 2312 条数据
正在获取长虹美菱 从20150105 到 20250710 的数据...
  获取到 2535 条数据
正在获取红棉股份 从20150105 到 20250710 的数据...
  获取到 2491 条数据
正在获取岭南控股 从20150105 到 20250710 的数据...
  获取到 2444 条数据
正在获取红太阳 从20150105 到 20250710 的数据...
  获取到 2522 条数据
正在获取学大教育 从20150105 到 20250710 的数据...
  获取到 2169 条数据
正在获取柳工 从20150105 到 20250710 的数据...
  获取到 2534 条数据
正在获取广弘控股 从20150105 到 20250710 的数据...
  获取到 2467 条数据
正在获取冰山冷热 从20150105 到 20250710 的数据...
  获取到 2544 条数据
正在获取穗恒运A 从20150105 到 20250710 的数据...
  获取到 2457 条数据
正在获取华金资本 从20150105 到 20250710 的数据...
  获取到 2553 条数据
正在获取顺钠股份 从20150105 到 20250710 的数据...
  获取到 2452 条数据
正在获取万泽股份 从20150105 到 20250710 的数据...
  获取到 2184 条数据
正在获取华映科技 从20150105 到 20250710 的数据...
  获取到 2511 条数据
正在获取中绿电 从20150105 到 20250710 的数据...
  获取到 2477 条数据
正在获取云南白药 从20150105 到 20250710 的数据...
  获取到 2391 条数据
正在获取粤电力A 从20150105 到 20250710 的数据...
  获取到 2525 条数据
正在获取佛山照明 从20150105 到 20250710 的数据...
  获取到 2542 条数据
正在获取皖能电力 从20150105 到 20250710 的数据...
  获取到 2524 条数据
正在获取中原环保 从20150105 到 20250710 的数据...
  获取到 2517 条数据
正在获取金浦钛业 从20150105 到 20250710 的数据...
  获取到 2351 条数据
正在获取金圆股份 从20150105 到 20250710 的数据...
  获取到 2517 条数据
正在获取航天发展 从20150105 到 20250710 的数据...
  获取到 2269 条数据
正在获取湖南投资 从20150105 到 20250710 的数据...
  获取到 2555 条数据
正在获取江铃汽车 从20150105 到 20250710 的数据...
  获取到 2555 条数据
正在获取创元科技 从20150105 到 20250710 的数据...
  获取到 2532 条数据
正在获取甘肃能化 从20150105 到 20250710 的数据...
  获取到 2539 条数据
正在获取安道麦A 从20150105 到 20250710 的数据...
  获取到 2262 条数据
正在获取泰山石油 从20150105 到 20250710 的数据...
  获取到 2555 条数据
正在获取神州信息 从20150105 到 20250710 的数据...
  获取到 2349 条数据
正在获取西部创业 从20150105 到 20250710 的数据...
  获取到 2404 条数据
正在获取天府文旅 从20150105 到 20250710 的数据...
  获取到 2389 条数据
正在获取万向钱潮 从20150105 到 20250710 的数据...
  获取到 2540 条数据
正在获取我爱我家 从20150105 到 20250710 的数据...
  获取到 2405 条数据
正在获取烽火电子 从20150105 到 20250710 的数据...
  获取到 2545 条数据
正在获取陕国投A 从20150105 到 20250710 的数据...
  获取到 2474 条数据
正在获取供销大集 从20150105 到 20250710 的数据...
  获取到 2237 条数据
正在获取渝三峡A 从20150105 到 20250710 的数据...
  获取到 2425 条数据
正在获取海南海药 从20150105 到 20250710 的数据...
  获取到 2300 条数据
正在获取海德股份 从20150105 到 20250710 的数据...
  获取到 2506 条数据
正在获取泸州老窖 从20150105 到 20250710 的数据...
  获取到 2537 条数据
正在获取苏常柴A 从20150105 到 20250710 的数据...
  获取到 2555 条数据
正在获取新大洲A 从20150105 到 20250710 的数据...
  获取到 2308 条数据
正在获取海马汽车 从20150105 到 20250710 的数据...
  获取到 2552 条数据
正在获取粤宏远A 从20150105 到 20250710 的数据...
  获取到 2555 条数据
正在获取甘化科工 从20150105 到 20250710 的数据...
  获取到 2466 条数据
正在获取威孚高科 从20150105 到 20250710 的数据...
  获取到 2551 条数据
正在获取北部湾港 从20150105 到 20250710 的数据...
  获取到 2410 条数据
正在获取工智退 从20150105 到 20250710 的数据...
  获取到 2228 条数据
正在获取汇源通信 从20150105 到 20250710 的数据...
  获取到 2324 条数据
正在获取贵州轮胎 从20150105 到 20250710 的数据...
HTTPConnectionPool(host='api.waditu.com', port=80): Max retries exceeded with url: /dataapi/daily (Caused by NameResolutionError("<urllib3.connection.HTTPConnection object at 0x7f33b4d78dc0>: Failed to resolve 'api.waditu.com' ([Errno -2] Name or service not known)"))
  获取到 2551 条数据
正在获取启迪药业 从20150105 到 20250710 的数据...
  获取到 2465 条数据
正在获取太阳能 从20150105 到 20250710 的数据...
  获取到 2480 条数据
正在获取平潭发展 从20150105 到 20250710 的数据...
  获取到 2426 条数据
正在获取德龙汇能 从20150105 到 20250710 的数据...
  获取到 2439 条数据
正在获取*ST宝实 从20150105 到 20250710 的数据...
  获取到 2403 条数据
正在获取古井贡酒 从20150105 到 20250710 的数据...
  获取到 2555 条数据
正在获取东北制药 从20150105 到 20250710 的数据...
  获取到 2525 条数据
正在获取兴蓉环境 从20150105 到 20250710 的数据...
  获取到 2555 条数据
正在获取青岛双星 从20150105 到 20250710 的数据...
  获取到 2528 条数据
正在获取建投能源 从20150105 到 20250710 的数据...
  获取到 2534 条数据
正在获取韶能股份 从20150105 到 20250710 的数据...
  获取到 2482 条数据
正在获取盛达资源 从20150105 到 20250710 的数据...
  获取到 2419 条数据
正在获取渤海股份 从20150105 到 20250710 的数据...
  获取到 2483 条数据
正在获取华媒控股 从20150105 到 20250710 的数据...
HTTPConnectionPool(host='api.waditu.com', port=80): Max retries exceeded with url: /dataapi/adj_factor (Caused by NameResolutionError("<urllib3.connection.HTTPConnection object at 0x7f33b4d78280>: Failed to resolve 'api.waditu.com' ([Errno -2] Name or service not known)"))
  获取到 2482 条数据
正在获取*ST阳光 从20150105 到 20250710 的数据...
  获取到 2351 条数据
正在获取ST中迪 从20150105 到 20250710 的数据...
  获取到 2486 条数据
正在获取西安旅游 从20150105 到 20250710 的数据...
  获取到 2434 条数据
正在获取焦作万方 从20150105 到 20250710 的数据...
  获取到 2397 条数据
正在获取*ST美谷 从20150105 到 20250710 的数据...
  获取到 2413 条数据
正在获取中油资本 从20150105 到 20250710 的数据...
  获取到 2446 条数据
正在获取海螺新材 从20150105 到 20250710 的数据...
  获取到 2515 条数据
正在获取盈新发展 从20150105 到 20250710 的数据...
  获取到 2532 条数据
正在获取恒立退 从20150105 到 20250710 的数据...
  获取到 2364 条数据
正在获取吉林敖东 从20150105 到 20250710 的数据...
  获取到 2554 条数据
正在获取长安汽车 从20150105 到 20250710 的数据...
  获取到 2503 条数据
正在获取远大控股 从20150105 到 20250710 的数据...
  获取到 2391 条数据
正在获取*ST天茂 从20150105 到 20250710 的数据...
  获取到 2473 条数据
正在获取高新发展 从20150105 到 20250710 的数据...
  获取到 2512 条数据
正在获取钒钛股份 从20150105 到 20250710 的数据...
  获取到 2134 条数据
正在获取铜陵有色 从20150105 到 20250710 的数据...
  获取到 2391 条数据
正在获取顺发恒业 从20150105 到 20250710 的数据...
  获取到 2555 条数据
正在获取三木集团 从20150105 到 20250710 的数据...
  获取到 2553 条数据
正在获取合金投资 从20150105 到 20250710 的数据...
  获取到 2199 条数据
正在获取英力特 从20150105 到 20250710 的数据...
  获取到 2480 条数据
正在获取风华高科 从20150105 到 20250710 的数据...
  获取到 2410 条数据
正在获取茂化实华 从20150105 到 20250710 的数据...
  获取到 2553 条数据
正在获取*ST万方 从20150105 到 20250710 的数据...
  获取到 2264 条数据
正在获取西王食品 从20150105 到 20250710 的数据...
  获取到 2467 条数据
正在获取仁和药业 从20150105 到 20250710 的数据...
  获取到 2492 条数据
正在获取格力电器 从20150105 到 20250710 的数据...
  获取到 2398 条数据
正在获取泰达股份 从20150105 到 20250710 的数据...
  获取到 2553 条数据
正在获取金岭矿业 从20150105 到 20250710 的数据...
  获取到 2480 条数据
正在获取*ST金科 从20150105 到 20250710 的数据...
  获取到 2478 条数据
正在获取中钨高新 从20150105 到 20250710 的数据...
  获取到 2405 条数据
正在获取珠海中富 从20150105 到 20250710 的数据...
  获取到 2424 条数据
正在获取长春高新 从20150105 到 20250710 的数据...
  获取到 2540 条数据
正在获取永安林业 从20150105 到 20250710 的数据...
  获取到 2443 条数据
正在获取湖北广电 从20150105 到 20250710 的数据...
  获取到 2459 条数据
正在获取*ST荣控 从20150105 到 20250710 的数据...
  获取到 2431 条数据
正在获取ST金鸿 从20150105 到 20250710 的数据...
  获取到 2382 条数据
正在获取盈方微 从20150105 到 20250710 的数据...
  获取到 1818 条数据
正在获取上峰水泥 从20150105 到 20250710 的数据...
  获取到 2450 条数据
正在获取智度股份 从20150105 到 20250710 的数据...
  获取到 2292 条数据
正在获取恒天海龙 从20150105 到 20250710 的数据...
  获取到 2268 条数据
正在获取襄阳轴承 从20150105 到 20250710 的数据...
  获取到 2513 条数据
正在获取大连友谊 从20150105 到 20250710 的数据...
  获取到 2415 条数据
正在获取山推股份 从20150105 到 20250710 的数据...
  获取到 2555 条数据
正在获取视觉中国 从20150105 到 20250710 的数据...
  获取到 2541 条数据
正在获取东方电子 从20150105 到 20250710 的数据...
  获取到 2345 条数据
正在获取博源化工 从20150105 到 20250710 的数据...
  获取到 2510 条数据
正在获取中山公用 从20150105 到 20250710 的数据...
  获取到 2550 条数据
正在获取东北证券 从20150105 到 20250710 的数据...
  获取到 2548 条数据
正在获取国城矿业 从20150105 到 20250710 的数据...
  获取到 2304 条数据
正在获取宝新能源 从20150105 到 20250710 的数据...
  获取到 2506 条数据
正在获取*ST亚太 从20150105 到 20250710 的数据...
  获取到 2476 条数据
正在获取惠天热电 从20150105 到 20250710 的数据...
  获取到 2486 条数据
正在获取滨海能源 从20150105 到 20250710 的数据...
  获取到 2458 条数据
正在获取ST炼石 从20150105 到 20250710 的数据...
  获取到 2360 条数据
正在获取沈阳化工 从20150105 到 20250710 的数据...
  获取到 2550 条数据
正在获取模塑科技 从20150105 到 20250710 的数据...
  获取到 2448 条数据
正在获取厦门信达 从20150105 到 20250710 的数据...
  获取到 2536 条数据
正在获取正虹科技 从20150105 到 20250710 的数据...
  获取到 2550 条数据
正在获取恒逸石化 从20150105 到 20250710 的数据...
  获取到 2486 条数据
正在获取浙江震元 从20150105 到 20250710 的数据...
  获取到 2555 条数据
正在获取双环科技 从20150105 到 20250710 的数据...
  获取到 2436 条数据
正在获取中信特钢 从20150105 到 20250710 的数据...
  获取到 2443 条数据
正在获取河钢股份 从20150105 到 20250710 的数据...
  获取到 2516 条数据
正在获取贝瑞基因 从20150105 到 20250710 的数据...
  获取到 2408 条数据
正在获取*ST京蓝 从20150105 到 20250710 的数据...
  获取到 2140 条数据
正在获取锦龙股份 从20150105 到 20250710 的数据...
  获取到 2457 条数据
正在获取丰乐种业 从20150105 到 20250710 的数据...
  获取到 2514 条数据
正在获取中兴商业 从20150105 到 20250710 的数据...
  获取到 2423 条数据
正在获取黑芝麻 从20150105 到 20250710 的数据...
  获取到 2315 条数据
正在获取中南股份 从20150105 到 20250710 的数据...
  获取到 2468 条数据
正在获取苏宁环球 从20150105 到 20250710 的数据...
  获取到 2406 条数据
正在获取中原传媒 从20150105 到 20250710 的数据...
  获取到 2406 条数据
正在获取新能泰山 从20150105 到 20250710 的数据...
  获取到 2304 条数据
正在获取西安饮食 从20150105 到 20250710 的数据...
  获取到 2475 条数据
正在获取湖南发展 从20150105 到 20250710 的数据...
  获取到 2545 条数据
正在获取美锦能源 从20150105 到 20250710 的数据...
  获取到 2394 条数据
正在获取京东方A 从20150105 到 20250710 的数据...
  获取到 2551 条数据
正在获取鲁泰A 从20150105 到 20250710 的数据...
  获取到 2553 条数据
正在获取冠捷科技 从20150105 到 20250710 的数据...
  获取到 2485 条数据
正在获取国元证券 从20150105 到 20250710 的数据...
  获取到 2525 条数据
正在获取燕京啤酒 从20150105 到 20250710 的数据...
  获取到 2555 条数据
正在获取四川美丰 从20150105 到 20250710 的数据...
  获取到 2555 条数据
正在获取振华科技 从20150105 到 20250710 的数据...
HTTPConnectionPool(host='api.waditu.com', port=80): Max retries exceeded with url: /dataapi/adj_factor (Caused by NameResolutionError("<urllib3.connection.HTTPConnection object at 0x7f33b4d7a470>: Failed to resolve 'api.waditu.com' ([Errno -2] Name or service not known)"))
  获取到 2527 条数据
正在获取罗牛山 从20150105 到 20250710 的数据...
  获取到 2547 条数据
正在获取*ST中地 从20150105 到 20250710 的数据...
HTTPConnectionPool(host='api.waditu.com', port=80): Max retries exceeded with url: /dataapi/adj_factor (Caused by NameResolutionError("<urllib3.connection.HTTPConnection object at 0x7f33b4d794b0>: Failed to resolve 'api.waditu.com' ([Errno -2] Name or service not known)"))
  获取到 2469 条数据
正在获取北方铜业 从20150105 到 20250710 的数据...
  获取到 2494 条数据
正在获取航发控制 从20150105 到 20250710 的数据...
  获取到 2551 条数据
正在获取普洛药业 从20150105 到 20250710 的数据...
  获取到 2541 条数据
正在获取国海证券 从20150105 到 20250710 的数据...
  获取到 2517 条数据
正在获取锌业股份 从20150105 到 20250710 的数据...
  获取到 2533 条数据
正在获取ST西发 从20150105 到 20250710 的数据...
  获取到 2489 条数据
正在获取漳州发展 从20150105 到 20250710 的数据...
  获取到 2527 条数据
正在获取山西高速 从20150105 到 20250710 的数据...
  获取到 2221 条数据
正在获取新华制药 从20150105 到 20250710 的数据...
  获取到 2493 条数据
正在获取浩物股份 从20150105 到 20250710 的数据...
  获取到 2283 条数据
正在获取中色股份 从20150105 到 20250710 的数据...
  获取到 2545 条数据
正在获取中百集团 从20150105 到 20250710 的数据...
  获取到 2555 条数据
正在获取本钢板材 从20150105 到 20250710 的数据...
  获取到 2528 条数据
正在获取西藏矿业 从20150105 到 20250710 的数据...
  获取到 2555 条数据
正在获取通化金马 从20150105 到 20250710 的数据...
  获取到 2144 条数据
正在获取晋控电力 从20150105 到 20250710 的数据...
  获取到 2553 条数据
正在获取中航西飞 从20150105 到 20250710 的数据...
  获取到 2550 条数据
正在获取广发证券 从20150105 到 20250710 的数据...
  获取到 2555 条数据
正在获取中核科技 从20150105 到 20250710 的数据...
  获取到 2540 条数据
正在获取新兴铸管 从20150105 到 20250710 的数据...
  获取到 2492 条数据
正在获取甘咨询 从20150105 到 20250710 的数据...
  获取到 2366 条数据
正在获取恒申新材 从20150105 到 20250710 的数据...
  获取到 2454 条数据
正在获取长江证券 从20150105 到 20250710 的数据...
  获取到 2542 条数据
正在获取居然智家 从20150105 到 20250710 的数据...
  获取到 2544 条数据
正在获取北新建材 从20150105 到 20250710 的数据...
  获取到 2416 条数据
正在获取北大医药 从20150105 到 20250710 的数据...
  获取到 2515 条数据
正在获取万年青 从20150105 到 20250710 的数据...
  获取到 2555 条数据
正在获取华神科技 从20150105 到 20250710 的数据...
  获取到 2457 条数据
正在获取甘肃能源 从20150105 到 20250710 的数据...
  获取到 2546 条数据
正在获取盐湖股份 从20150105 到 20250710 的数据...
  获取到 2231 条数据
正在获取ST华闻 从20150105 到 20250710 的数据...
  获取到 2363 条数据
正在获取英洛华 从20150105 到 20250710 的数据...
  获取到 2472 条数据
正在获取凯撒旅业 从20150105 到 20250710 的数据...
  获取到 2225 条数据
正在获取中国武夷 从20150105 到 20250710 的数据...
  获取到 2533 条数据
正在获取中水渔业 从20150105 到 20250710 的数据...
  获取到 2551 条数据
正在获取酒鬼酒 从20150105 到 20250710 的数据...
  获取到 2462 条数据
正在获取一汽解放 从20150105 到 20250710 的数据...
  获取到 2541 条数据
正在获取四川九洲 从20150105 到 20250710 的数据...
  获取到 2541 条数据
正在获取北京文化 从20150105 到 20250710 的数据...
  获取到 2487 条数据
正在获取山高环能 从20150105 到 20250710 的数据...
  获取到 2261 条数据
正在获取云铝股份 从20150105 到 20250710 的数据...
  获取到 2522 条数据
正在获取和展能源 从20150105 到 20250710 的数据...
  获取到 2545 条数据
正在获取创维数字 从20150105 到 20250710 的数据...
  获取到 2465 条数据
正在获取冰轮环境 从20150105 到 20250710 的数据...
  获取到 2548 条数据
正在获取陕西金叶 从20150105 到 20250710 的数据...
  获取到 2248 条数据
正在获取德展健康 从20150105 到 20250710 的数据...
  获取到 2365 条数据
正在获取美利云 从20150105 到 20250710 的数据...
  获取到 2543 条数据
正在获取智慧农业 从20150105 到 20250710 的数据...
  获取到 2542 条数据
正在获取航锦科技 从20150105 到 20250710 的数据...
  获取到 2326 条数据
正在获取岳阳兴长 从20150105 到 20250710 的数据...
  获取到 2553 条数据
正在获取*ST节能 从20150105 到 20250710 的数据...
  获取到 2275 条数据
正在获取京山轻机 从20150105 到 20250710 的数据...
  获取到 2406 条数据
正在获取山东海化 从20150105 到 20250710 的数据...
  获取到 2554 条数据
正在获取超声电子 从20150105 到 20250710 的数据...
  获取到 2555 条数据
正在获取太钢不锈 从20150105 到 20250710 的数据...
  获取到 2447 条数据
正在获取启迪环境 从20150105 到 20250710 的数据...
  获取到 2492 条数据
正在获取东莞控股 从20150105 到 20250710 的数据...
  获取到 2511 条数据
正在获取天音控股 从20150105 到 20250710 的数据...
  获取到 2316 条数据
正在获取鲁西化工 从20150105 到 20250710 的数据...
  获取到 2545 条数据
正在获取中国稀土 从20150105 到 20250710 的数据...
  获取到 2550 条数据
正在获取粤桂股份 从20150105 到 20250710 的数据...
  获取到 2479 条数据
正在获取秦川机床 从20150105 到 20250710 的数据...
  获取到 2549 条数据
正在获取财信发展 从20150105 到 20250710 的数据...
  获取到 2446 条数据
正在获取国安股份 从20150105 到 20250710 的数据...
  获取到 2430 条数据
正在获取承德露露 从20150105 到 20250710 的数据...
  获取到 2555 条数据
正在获取华茂股份 从20150105 到 20250710 的数据...
  获取到 2414 条数据
正在获取*ST高鸿 从20150105 到 20250710 的数据...
  获取到 2450 条数据
正在获取石化机械 从20150105 到 20250710 的数据...
  获取到 2550 条数据
正在获取冀东装备 从20150105 到 20250710 的数据...
  获取到 2538 条数据
正在获取五粮液 从20150105 到 20250710 的数据...
  获取到 2495 条数据
正在获取国风新材 从20150105 到 20250710 的数据...
  获取到 2534 条数据
正在获取顺鑫农业 从20150105 到 20250710 的数据...
  获取到 2522 条数据
正在获取银星能源 从20150105 到 20250710 的数据...
  获取到 2334 条数据
正在获取三湘印象 从20150105 到 20250710 的数据...
  获取到 2435 条数据
正在获取安凯客车 从20150105 到 20250710 的数据...
  获取到 2541 条数据
正在获取张裕A 从20150105 到 20250710 的数据...
  获取到 2555 条数据
正在获取吉电股份 从20150105 到 20250710 的数据...
  获取到 2520 条数据
正在获取新希望 从20150105 到 20250710 的数据...
  获取到 2420 条数据
正在获取天山股份 从20150105 到 20250710 的数据...
  获取到 2523 条数据
正在获取云南铜业 从20150105 到 20250710 的数据...
  获取到 2464 条数据
正在获取潍柴重机 从20150105 到 20250710 的数据...
  获取到 2545 条数据
正在获取中广核技 从20150105 到 20250710 的数据...
  获取到 2381 条数据
正在获取华联股份 从20150105 到 20250710 的数据...
  获取到 2446 条数据
正在获取湖北能源 从20150105 到 20250710 的数据...
  获取到 2472 条数据
正在获取城发环境 从20150105 到 20250710 的数据...
  获取到 2481 条数据
正在获取海南高速 从20150105 到 20250710 的数据...
  获取到 2555 条数据
正在获取中鼎股份 从20150105 到 20250710 的数据...
  获取到 2343 条数据
正在获取峨眉山A 从20150105 到 20250710 的数据...
  获取到 2555 条数据
正在获取中嘉博创 从20150105 到 20250710 的数据...
  获取到 2285 条数据
正在获取法尔胜 从20150105 到 20250710 的数据...
  获取到 2380 条数据
正在获取欢瑞世纪 从20150105 到 20250710 的数据...
  获取到 2413 条数据
正在获取亚钾国际 从20150105 到 20250710 的数据...
  获取到 2369 条数据
正在获取双汇发展 从20150105 到 20250710 的数据...
  获取到 2540 条数据
正在获取津滨发展 从20150105 到 20250710 的数据...
  获取到 2541 条数据
正在获取鞍钢股份 从20150105 到 20250710 的数据...
  获取到 2554 条数据
正在获取赣能股份 从20150105 到 20250710 的数据...
  获取到 2490 条数据
正在获取现代投资 从20150105 到 20250710 的数据...
  获取到 2412 条数据
正在获取航天科技 从20150105 到 20250710 的数据...
  获取到 2422 条数据
正在获取新洋丰 从20150105 到 20250710 的数据...
  获取到 2528 条数据
正在获取云内动力 从20150105 到 20250710 的数据...
  获取到 2432 条数据
正在获取厦门港务 从20150105 到 20250710 的数据...
  获取到 2521 条数据
正在获取浙商中拓 从20150105 到 20250710 的数据...
  获取到 2510 条数据
正在获取ST景峰 从20150105 到 20250710 的数据...
  获取到 2543 条数据
正在获取ST数源 从20150105 到 20250710 的数据...
  获取到 2528 条数据
正在获取大亚圣象 从20150105 到 20250710 的数据...
  获取到 2539 条数据
正在获取广农糖业 从20150105 到 20250710 的数据...
  获取到 2526 条数据
正在获取泸天化 从20150105 到 20250710 的数据...
  获取到 2192 条数据
正在获取钱江摩托 从20150105 到 20250710 的数据...
  获取到 2524 条数据
正在获取华特达因 从20150105 到 20250710 的数据...
  获取到 2555 条数据
正在获取电广传媒 从20150105 到 20250710 的数据...
  获取到 2397 条数据
正在获取金陵药业 从20150105 到 20250710 的数据...
  获取到 2555 条数据
正在获取沃顿科技 从20150105 到 20250710 的数据...
  获取到 2454 条数据
正在获取海信家电 从20150105 到 20250710 的数据...
  获取到 2555 条数据
正在获取佳电股份 从20150105 到 20250710 的数据...
  获取到 2543 条数据
正在获取河钢资源 从20150105 到 20250710 的数据...
  获取到 2408 条数据
正在获取众合科技 从20150105 到 20250710 的数据...
  获取到 2409 条数据
正在获取福星股份 从20150105 到 20250710 的数据...
  获取到 2520 条数据
正在获取中国铁物 从20150105 到 20250710 的数据...
  获取到 2472 条数据
正在获取中钢国际 从20150105 到 20250710 的数据...
  获取到 2519 条数据
正在获取*ST兰黄 从20150105 到 20250710 的数据...
  获取到 2417 条数据
正在获取中粮科技 从20150105 到 20250710 的数据...
  获取到 2415 条数据
正在获取中关村 从20150105 到 20250710 的数据...
  获取到 2534 条数据
正在获取华菱钢铁 从20150105 到 20250710 的数据...
HTTPConnectionPool(host='api.waditu.com', port=80): Max retries exceeded with url: /dataapi/adj_factor (Caused by NameResolutionError("<urllib3.connection.HTTPConnection object at 0x7f33b4ba0d60>: Failed to resolve 'api.waditu.com' ([Errno -2] Name or service not known)"))
  获取到 2390 条数据
正在获取神火股份 从20150105 到 20250710 的数据...
  获取到 2534 条数据
正在获取四川双马 从20150105 到 20250710 的数据...
  获取到 2330 条数据
正在获取华西股份 从20150105 到 20250710 的数据...
  获取到 2521 条数据
正在获取冀中能源 从20150105 到 20250710 的数据...
  获取到 2555 条数据
正在获取紫光股份 从20150105 到 20250710 的数据...
  获取到 2412 条数据
正在获取南天信息 从20150105 到 20250710 的数据...
  获取到 2516 条数据
正在获取新乡化纤 从20150105 到 20250710 的数据...
  获取到 2551 条数据
正在获取重药控股 从20150105 到 20250710 的数据...
  获取到 2085 条数据
正在获取中国重汽 从20150105 到 20250710 的数据...
  获取到 2555 条数据
正在获取广济药业 从20150105 到 20250710 的数据...
  获取到 2538 条数据
正在获取河化股份 从20150105 到 20250710 的数据...
  获取到 2313 条数据
正在获取欣龙控股 从20150105 到 20250710 的数据...
  获取到 2446 条数据
正在获取中通客车 从20150105 到 20250710 的数据...
  获取到 2540 条数据
正在获取电投产融 从20150105 到 20250710 的数据...
  获取到 2492 条数据
正在获取首钢股份 从20150105 到 20250710 的数据...
  获取到 2429 条数据
正在获取锡业股份 从20150105 到 20250710 的数据...
  获取到 2528 条数据
正在获取东方钽业 从20150105 到 20250710 的数据...
  获取到 2389 条数据
正在获取华东医药 从20150105 到 20250710 的数据...
  获取到 2527 条数据
正在获取天保基建 从20150105 到 20250710 的数据...
  获取到 2555 条数据
正在获取长源电力 从20150105 到 20250710 的数据...
  获取到 2544 条数据
正在获取盈峰环境 从20150105 到 20250710 的数据...
  获取到 2431 条数据
正在获取蓝焰控股 从20150105 到 20250710 的数据...
  获取到 2353 条数据
正在获取安泰科技 从20150105 到 20250710 的数据...
  获取到 2478 条数据
正在获取中科三环 从20150105 到 20250710 的数据...
  获取到 2544 条数据
正在获取*ST中基 从20150105 到 20250710 的数据...
  获取到 2311 条数据
正在获取佛塑科技 从20150105 到 20250710 的数据...
  获取到 2493 条数据
正在获取山金国际 从20150105 到 20250710 的数据...
  获取到 2381 条数据
正在获取浪潮信息 从20150105 到 20250710 的数据...
  获取到 2515 条数据
正在获取桂林旅游 从20150105 到 20250710 的数据...
  获取到 2490 条数据
正在获取众泰汽车 从20150105 到 20250710 的数据...
  获取到 2378 条数据
正在获取山子高科 从20150105 到 20250710 的数据...
  获取到 2208 条数据
正在获取山西焦煤 从20150105 到 20250710 的数据...
  获取到 2545 条数据
正在获取大庆华科 从20150105 到 20250710 的数据...
  获取到 2555 条数据
正在获取越秀资本 从20150105 到 20250710 的数据...
  获取到 2441 条数据
正在获取华工科技 从20150105 到 20250710 的数据...
  获取到 2552 条数据
正在获取九芝堂 从20150105 到 20250710 的数据...
  获取到 2466 条数据
正在获取诚志股份 从20150105 到 20250710 的数据...
  获取到 2360 条数据
正在获取闽东电力 从20150105 到 20250710 的数据...
  获取到 2540 条数据
正在获取皇台酒业 从20150105 到 20250710 的数据...
  获取到 1835 条数据
正在获取新大陆 从20150105 到 20250710 的数据...
  获取到 2491 条数据
正在获取隆平高科 从20150105 到 20250710 的数据...
  获取到 2535 条数据
正在获取华润三九 从20150105 到 20250710 的数据...
  获取到 2555 条数据
正在获取东瑞股份 从20150105 到 20250710 的数据...
  获取到 1017 条数据
正在获取炬申股份 从20150105 到 20250710 的数据...
  获取到 1016 条数据
正在获取大中矿业 从20150105 到 20250710 的数据...
  获取到 1012 条数据
正在获取盛航股份 从20150105 到 20250710 的数据...
HTTPConnectionPool(host='api.waditu.com', port=80): Max retries exceeded with url: /dataapi/adj_factor (Caused by NameResolutionError("<urllib3.connection.HTTPConnection object at 0x7f33b4ba0730>: Failed to resolve 'api.waditu.com' ([Errno -2] Name or service not known)"))
  获取到 1009 条数据
正在获取依依股份 从20150105 到 20250710 的数据...
  获取到 1006 条数据
正在获取联科科技 从20150105 到 20250710 的数据...
  获取到 981 条数据
正在获取华菱线缆 从20150105 到 20250710 的数据...
  获取到 980 条数据
正在获取洪兴股份 从20150105 到 20250710 的数据...
  获取到 959 条数据
正在获取金房能源 从20150105 到 20250710 的数据...
  获取到 955 条数据
正在获取双枪科技 从20150105 到 20250710 的数据...
  获取到 950 条数据
正在获取中旗新材 从20150105 到 20250710 的数据...
  获取到 936 条数据
正在获取中铁特货 从20150105 到 20250710 的数据...
  获取到 926 条数据
正在获取千味央厨 从20150105 到 20250710 的数据...
  获取到 928 条数据
正在获取华瓷股份 从20150105 到 20250710 的数据...
  获取到 904 条数据
正在获取华尔泰 从20150105 到 20250710 的数据...
  获取到 913 条数据
正在获取丽臣实业 从20150105 到 20250710 的数据...
  获取到 906 条数据
正在获取青岛食品 从20150105 到 20250710 的数据...
  获取到 902 条数据
正在获取源飞宠物 从20150105 到 20250710 的数据...
  获取到 699 条数据
正在获取欧克科技 从20150105 到 20250710 的数据...
  获取到 623 条数据
正在获取和泰机电 从20150105 到 20250710 的数据...
  获取到 577 条数据
正在获取拓山重工 从20150105 到 20250710 的数据...
  获取到 740 条数据
正在获取兰州银行 从20150105 到 20250710 的数据...
  获取到 841 条数据
正在获取永泰运 从20150105 到 20250710 的数据...
  获取到 774 条数据
正在获取魅视科技 从20150105 到 20250710 的数据...
  获取到 707 条数据
正在获取劲旅环境 从20150105 到 20250710 的数据...
  获取到 723 条数据
正在获取农心科技 从20150105 到 20250710 的数据...
  获取到 698 条数据
正在获取泰慕士 从20150105 到 20250710 的数据...
  获取到 845 条数据
正在获取弘业期货 从20150105 到 20250710 的数据...
  获取到 708 条数据
正在获取浙江正特 从20150105 到 20250710 的数据...
  获取到 678 条数据
正在获取永达股份 从20150105 到 20250710 的数据...
  获取到 380 条数据
正在获取博菲电气 从20150105 到 20250710 的数据...
  获取到 669 条数据
正在获取炜冈科技 从20150105 到 20250710 的数据...
  获取到 628 条数据
正在获取立新能源 从20150105 到 20250710 的数据...
  获取到 715 条数据
正在获取利仁科技 从20150105 到 20250710 的数据...
  获取到 690 条数据
正在获取坤泰股份 从20150105 到 20250710 的数据...
  获取到 581 条数据
正在获取宏英智能 从20150105 到 20250710 的数据...
  获取到 816 条数据
正在获取汇绿生态 从20150105 到 20250710 的数据...
  获取到 883 条数据
正在获取联合精密 从20150105 到 20250710 的数据...
  获取到 734 条数据
正在获取欧晶科技 从20150105 到 20250710 的数据...
  获取到 669 条数据
正在获取*ST铖昌 从20150105 到 20250710 的数据...
  获取到 751 条数据
正在获取速达股份 从20150105 到 20250710 的数据...
  获取到 203 条数据
正在获取一彬科技 从20150105 到 20250710 的数据...
  获取到 567 条数据
正在获取强邦新材 从20150105 到 20250710 的数据...
  获取到 182 条数据
正在获取三联锻造 从20150105 到 20250710 的数据...
  获取到 516 条数据
正在获取豪鹏科技 从20150105 到 20250710 的数据...
  获取到 687 条数据
正在获取陕西能源 从20150105 到 20250710 的数据...
  获取到 545 条数据
正在获取中电港 从20150105 到 20250710 的数据...
  获取到 545 条数据
正在获取运机集团 从20150105 到 20250710 的数据...
  获取到 895 条数据
正在获取龙源电力 从20150105 到 20250710 的数据...
  获取到 836 条数据
正在获取长江材料 从20150105 到 20250710 的数据...
  获取到 856 条数据
正在获取好上好 从20150105 到 20250710 的数据...
  获取到 653 条数据
正在获取美能能源 从20150105 到 20250710 的数据...
HTTPConnectionPool(host='api.waditu.com', port=80): Max retries exceeded with url: /dataapi/adj_factor (Caused by NameResolutionError("<urllib3.connection.HTTPConnection object at 0x7f33b4ba0a90>: Failed to resolve 'api.waditu.com' ([Errno -2] Name or service not known)"))
  获取到 653 条数据
正在获取三柏硕 从20150105 到 20250710 的数据...
  获取到 661 条数据
正在获取尚太科技 从20150105 到 20250710 的数据...
  获取到 611 条数据
正在获取夏厦精密 从20150105 到 20250710 的数据...
HTTPConnectionPool(host='api.waditu.com', port=80): Max retries exceeded with url: /dataapi/daily (Caused by NameResolutionError("<urllib3.connection.HTTPConnection object at 0x7f33b4ba2560>: Failed to resolve 'api.waditu.com' ([Errno -2] Name or service not known)"))
  获取到 398 条数据
正在获取康冠科技 从20150105 到 20250710 的数据...
  获取到 802 条数据
正在获取德明利 从20150105 到 20250710 的数据...
  获取到 733 条数据
正在获取多利科技 从20150105 到 20250710 的数据...
  获取到 574 条数据
正在获取粤海饲料 从20150105 到 20250710 的数据...
  获取到 824 条数据
正在获取亿道信息 从20150105 到 20250710 的数据...
  获取到 583 条数据
正在获取润贝航科 从20150105 到 20250710 的数据...
  获取到 738 条数据
正在获取三羊马 从20150105 到 20250710 的数据...
  获取到 869 条数据
正在获取阳光乳业 从20150105 到 20250710 的数据...
  获取到 762 条数据
正在获取铭科精技 从20150105 到 20250710 的数据...
  获取到 768 条数据
正在获取箭牌家居 从20150105 到 20250710 的数据...
  获取到 656 条数据
正在获取慕思股份 从20150105 到 20250710 的数据...
  获取到 739 条数据
正在获取长青科技 从20150105 到 20250710 的数据...
  获取到 518 条数据
正在获取联域股份 从20150105 到 20250710 的数据...
  获取到 403 条数据
正在获取登康口腔 从20150105 到 20250710 的数据...
  获取到 545 条数据
正在获取博纳影业 从20150105 到 20250710 的数据...
  获取到 699 条数据
正在获取胜通能源 从20150105 到 20250710 的数据...
  获取到 684 条数据
正在获取锡装股份 从20150105 到 20250710 的数据...
  获取到 677 条数据
正在获取光华股份 从20150105 到 20250710 的数据...
  获取到 625 条数据
正在获取信凯科技 从20150105 到 20250710 的数据...
  获取到 58 条数据
正在获取楚环科技 从20150105 到 20250710 的数据...
  获取到 717 条数据
正在获取四川黄金 从20150105 到 20250710 的数据...
  获取到 570 条数据
正在获取永顺泰 从20150105 到 20250710 的数据...
  获取到 641 条数据
正在获取智微智能 从20150105 到 20250710 的数据...
  获取到 702 条数据
正在获取富岭股份 从20150105 到 20250710 的数据...
  获取到 109 条数据
正在获取兴欣新材 从20150105 到 20250710 的数据...
  获取到 373 条数据
正在获取平安电工 从20150105 到 20250710 的数据...
  获取到 310 条数据
正在获取南矿集团 从20150105 到 20250710 的数据...
  获取到 545 条数据
正在获取播恩集团 从20150105 到 20250710 的数据...
  获取到 568 条数据
正在获取海森药业 从20150105 到 20250710 的数据...
  获取到 545 条数据
正在获取通达创智 从20150105 到 20250710 的数据...
  获取到 564 条数据
正在获取翔腾新材 从20150105 到 20250710 的数据...
  获取到 510 条数据
正在获取百通能源 从20150105 到 20250710 的数据...
  获取到 407 条数据
正在获取德冠新材 从20150105 到 20250710 的数据...
  获取到 411 条数据
正在获取腾达科技 从20150105 到 20250710 的数据...
  获取到 353 条数据
正在获取华纬科技 从20150105 到 20250710 的数据...
  获取到 522 条数据
正在获取新亚电缆 从20150105 到 20250710 的数据...
  获取到 74 条数据
正在获取雪祺电气 从20150105 到 20250710 的数据...
  获取到 359 条数据
正在获取信通电子 从20150105 到 20250710 的数据...
  获取到 7 条数据
正在获取广合科技 从20150105 到 20250710 的数据...
  获取到 307 条数据
正在获取古麒绒材 从20150105 到 20250710 的数据...
  获取到 29 条数据
正在获取国货航 从20150105 到 20250710 的数据...
  获取到 126 条数据
正在获取亚联机械 从20150105 到 20250710 的数据...
  获取到 107 条数据
正在获取江顺科技 从20150105 到 20250710 的数据...
  获取到 51 条数据
正在获取宗申动力 从20150105 到 20250710 的数据...
  获取到 2439 条数据
正在获取招商港口 从20150105 到 20250710 的数据...
  获取到 2274 条数据
正在获取豫能控股 从20150105 到 20250710 的数据...
  获取到 2439 条数据
正在获取招商积余 从20150105 到 20250710 的数据...
  获取到 2475 条数据
正在获取招商公路 从20150105 到 20250710 的数据...
  获取到 1828 条数据
正在获取招商蛇口 从20150105 到 20250710 的数据...
  获取到 2297 条数据
正在获取新和成 从20150105 到 20250710 的数据...
  获取到 2541 条数据
正在获取伟星股份 从20150105 到 20250710 的数据...
  获取到 2466 条数据
正在获取华邦健康 从20150105 到 20250710 的数据...
  获取到 2488 条数据
正在获取ST德豪 从20150105 到 20250710 的数据...
  获取到 2358 条数据
正在获取精工科技 从20150105 到 20250710 的数据...
  获取到 2297 条数据
正在获取华兰生物 从20150105 到 20250710 的数据...
  获取到 2552 条数据
正在获取大族激光 从20150105 到 20250710 的数据...
  获取到 2549 条数据
正在获取天奇股份 从20150105 到 20250710 的数据...
  获取到 2526 条数据
正在获取传化智联 从20150105 到 20250710 的数据...
  获取到 2418 条数据
正在获取盾安环境 从20150105 到 20250710 的数据...
  获取到 2375 条数据
正在获取凯恩股份 从20150105 到 20250710 的数据...
  获取到 2218 条数据
正在获取永新股份 从20150105 到 20250710 的数据...
  获取到 2452 条数据
正在获取协鑫能科 从20150105 到 20250710 的数据...
  获取到 2185 条数据
正在获取世荣兆业 从20150105 到 20250710 的数据...
  获取到 2536 条数据
正在获取东信和平 从20150105 到 20250710 的数据...
  获取到 2541 条数据
正在获取亿帆医药 从20150105 到 20250710 的数据...
  获取到 2528 条数据
正在获取京新药业 从20150105 到 20250710 的数据...
  获取到 2454 条数据
正在获取中捷资源 从20150105 到 20250710 的数据...
  获取到 2382 条数据
正在获取科华生物 从20150105 到 20250710 的数据...
  获取到 2540 条数据
正在获取海特高新 从20150105 到 20250710 的数据...
  获取到 2547 条数据
正在获取ST易购 从20150105 到 20250710 的数据...
  获取到 2528 条数据
正在获取航天电器 从20150105 到 20250710 的数据...
  获取到 2362 条数据
正在获取山东威达 从20150105 到 20250710 的数据...
  获取到 2453 条数据
正在获取分众传媒 从20150105 到 20250710 的数据...
  获取到 2464 条数据
正在获取思源电气 从20150105 到 20250710 的数据...
  获取到 2555 条数据
正在获取七匹狼 从20150105 到 20250710 的数据...
  获取到 2542 条数据
正在获取达安基因 从20150105 到 20250710 的数据...
  获取到 2500 条数据
正在获取巨轮智能 从20150105 到 20250710 的数据...
  获取到 2502 条数据
正在获取苏泊尔 从20150105 到 20250710 的数据...
  获取到 2554 条数据
正在获取丽江股份 从20150105 到 20250710 的数据...
  获取到 2497 条数据
正在获取旺能环境 从20150105 到 20250710 的数据...
  获取到 2421 条数据
正在获取华帝股份 从20150105 到 20250710 的数据...
HTTPConnectionPool(host='api.waditu.com', port=80): Max retries exceeded with url: /dataapi/daily (Caused by NameResolutionError("<urllib3.connection.HTTPConnection object at 0x7f33b4ba2cb0>: Failed to resolve 'api.waditu.com' ([Errno -2] Name or service not known)"))
  获取到 2536 条数据
正在获取联创电子 从20150105 到 20250710 的数据...
  获取到 2453 条数据
正在获取保利联合 从20150105 到 20250710 的数据...
  获取到 2415 条数据
正在获取双鹭药业 从20150105 到 20250710 的数据...
  获取到 2552 条数据
正在获取黔源电力 从20150105 到 20250710 的数据...
  获取到 2555 条数据
正在获取南京港 从20150105 到 20250710 的数据...
  获取到 2417 条数据
正在获取登海种业 从20150105 到 20250710 的数据...
  获取到 2555 条数据
正在获取华孚时尚 从20150105 到 20250710 的数据...
  获取到 2550 条数据
正在获取兔宝宝 从20150105 到 20250710 的数据...
  获取到 2457 条数据
正在获取美年健康 从20150105 到 20250710 的数据...
  获取到 2314 条数据
正在获取国光电器 从20150105 到 20250710 的数据...
  获取到 2506 条数据
正在获取国机精工 从20150105 到 20250710 的数据...
  获取到 2476 条数据
正在获取*ST宝鹰 从20150105 到 20250710 的数据...
HTTPConnectionPool(host='api.waditu.com', port=80): Max retries exceeded with url: /dataapi/adj_factor (Caused by NameResolutionError("<urllib3.connection.HTTPConnection object at 0x7f33b4ba37c0>: Failed to resolve 'api.waditu.com' ([Errno -2] Name or service not known)"))
  获取到 2404 条数据
正在获取宁波华翔 从20150105 到 20250710 的数据...
  获取到 2446 条数据
正在获取紫光国微 从20150105 到 20250710 的数据...
  获取到 2344 条数据
正在获取三花智控 从20150105 到 20250710 的数据...
  获取到 2489 条数据
正在获取中工国际 从20150105 到 20250710 的数据...
  获取到 2436 条数据
正在获取同洲电子 从20150105 到 20250710 的数据...
  获取到 2290 条数据
正在获取云南能投 从20150105 到 20250710 的数据...
  获取到 2302 条数据
正在获取德美化工 从20150105 到 20250710 的数据...
  获取到 2551 条数据
正在获取得润电子 从20150105 到 20250710 的数据...
  获取到 2474 条数据
正在获取横店东磁 从20150105 到 20250710 的数据...
  获取到 2548 条数据
正在获取中钢天源 从20150105 到 20250710 的数据...
  获取到 2316 条数据
正在获取*ST威尔 从20150105 到 20250710 的数据...
HTTPConnectionPool(host='api.waditu.com', port=80): Max retries exceeded with url: /dataapi/adj_factor (Caused by NameResolutionError("<urllib3.connection.HTTPConnection object at 0x7f33b4ba3940>: Failed to resolve 'api.waditu.com' ([Errno -2] Name or service not known)"))
  获取到 2523 条数据
正在获取云南旅游 从20150105 到 20250710 的数据...
  获取到 2308 条数据
正在获取广东建工 从20150105 到 20250710 的数据...
  获取到 2541 条数据
正在获取浙江交科 从20150105 到 20250710 的数据...
  获取到 2326 条数据
正在获取宏润建设 从20150105 到 20250710 的数据...
  获取到 2533 条数据
正在获取远光软件 从20150105 到 20250710 的数据...
  获取到 2541 条数据
正在获取华峰化学 从20150105 到 20250710 的数据...
  获取到 2540 条数据
正在获取东华软件 从20150105 到 20250710 的数据...
  获取到 2406 条数据
正在获取瑞泰科技 从20150105 到 20250710 的数据...
  获取到 2544 条数据
正在获取景兴纸业 从20150105 到 20250710 的数据...
  获取到 2550 条数据
正在获取黑猫股份 从20150105 到 20250710 的数据...
  获取到 2545 条数据
正在获取獐子岛 从20150105 到 20250710 的数据...
  获取到 2440 条数据
正在获取凯瑞德 从20150105 到 20250710 的数据...
  获取到 2168 条数据
正在获取软控股份 从20150105 到 20250710 的数据...
  获取到 2540 条数据
正在获取国轩高科 从20150105 到 20250710 的数据...
  获取到 2516 条数据
正在获取沙钢股份 从20150105 到 20250710 的数据...
  获取到 1869 条数据
正在获取*ST星光 从20150105 到 20250710 的数据...
  获取到 2302 条数据
正在获取大港股份 从20150105 到 20250710 的数据...
HTTPConnectionPool(host='api.waditu.com', port=80): Max retries exceeded with url: /dataapi/adj_factor (Caused by NameResolutionError("<urllib3.connection.HTTPConnection object at 0x7f33b4ba3850>: Failed to resolve 'api.waditu.com' ([Errno -2] Name or service not known)"))
  获取到 2473 条数据
正在获取太阳纸业 从20150105 到 20250710 的数据...
  获取到 2535 条数据
正在获取苏州固锝 从20150105 到 20250710 的数据...
  获取到 2501 条数据
正在获取中材科技 从20150105 到 20250710 的数据...
  获取到 2431 条数据
正在获取金螳螂 从20150105 到 20250710 的数据...
  获取到 2527 条数据
正在获取万邦德 从20150105 到 20250710 的数据...
  获取到 2177 条数据
正在获取孚日股份 从20150105 到 20250710 的数据...
  获取到 2555 条数据
正在获取海鸥住工 从20150105 到 20250710 的数据...
  获取到 2533 条数据
正在获取万丰奥威 从20150105 到 20250710 的数据...
  获取到 2476 条数据
正在获取东方海洋 从20150105 到 20250710 的数据...
  获取到 2449 条数据
正在获取鲁阳节能 从20150105 到 20250710 的数据...
  获取到 2542 条数据
正在获取金智科技 从20150105 到 20250710 的数据...
  获取到 2485 条数据
正在获取江苏国泰 从20150105 到 20250710 的数据...
HTTPConnectionPool(host='api.waditu.com', port=80): Max retries exceeded with url: /dataapi/daily (Caused by NameResolutionError("<urllib3.connection.HTTPConnection object at 0x7f33b4ba2da0>: Failed to resolve 'api.waditu.com' ([Errno -2] Name or service not known)"))
  获取到 2408 条数据
正在获取中泰化学 从20150105 到 20250710 的数据...
  获取到 2454 条数据
正在获取国脉科技 从20150105 到 20250710 的数据...
  获取到 2527 条数据
正在获取青岛金王 从20150105 到 20250710 的数据...
  获取到 2398 条数据
正在获取生意宝 从20150105 到 20250710 的数据...
  获取到 2555 条数据
正在获取易普力 从20150105 到 20250710 的数据...
  获取到 2544 条数据
正在获取山河智能 从20150105 到 20250710 的数据...
  获取到 2457 条数据
正在获取浔兴股份 从20150105 到 20250710 的数据...
  获取到 2242 条数据
正在获取海翔药业 从20150105 到 20250710 的数据...
  获取到 2509 条数据
正在获取天康生物 从20150105 到 20250710 的数据...
  获取到 2540 条数据
正在获取广东鸿图 从20150105 到 20250710 的数据...
  获取到 2446 条数据
正在获取能特科技 从20150105 到 20250710 的数据...
  获取到 2317 条数据
正在获取广博股份 从20150105 到 20250710 的数据...
  获取到 2310 条数据
正在获取恒宝股份 从20150105 到 20250710 的数据...
  获取到 2520 条数据
正在获取信隆健康 从20150105 到 20250710 的数据...
HTTPConnectionPool(host='api.waditu.com', port=80): Max retries exceeded with url: /dataapi/adj_factor (Caused by NameResolutionError("<urllib3.connection.HTTPConnection object at 0x7f33b4ba39d0>: Failed to resolve 'api.waditu.com' ([Errno -2] Name or service not known)"))
  获取到 2555 条数据
正在获取莱宝高科 从20150105 到 20250710 的数据...
  获取到 2403 条数据
正在获取沃华医药 从20150105 到 20250710 的数据...
  获取到 2537 条数据
正在获取沧州明珠 从20150105 到 20250710 的数据...
  获取到 2554 条数据
正在获取兴化股份 从20150105 到 20250710 的数据...
  获取到 2376 条数据
正在获取三钢闽光 从20150105 到 20250710 的数据...
  获取到 2277 条数据
正在获取威海广泰 从20150105 到 20250710 的数据...
  获取到 2503 条数据
正在获取三变科技 从20150105 到 20250710 的数据...
  获取到 2279 条数据
正在获取罗平锌电 从20150105 到 20250710 的数据...
  获取到 2485 条数据
正在获取三维通信 从20150105 到 20250710 的数据...
  获取到 2387 条数据
正在获取中国海诚 从20150105 到 20250710 的数据...
  获取到 2491 条数据
正在获取东港股份 从20150105 到 20250710 的数据...
  获取到 2545 条数据
正在获取康强电子 从20150105 到 20250710 的数据...
  获取到 2469 条数据
正在获取韵达股份 从20150105 到 20250710 的数据...
  获取到 2506 条数据
正在获取科陆电子 从20150105 到 20250710 的数据...
  获取到 2387 条数据
正在获取汇洲智能 从20150105 到 20250710 的数据...
  获取到 2367 条数据
正在获取梦网科技 从20150105 到 20250710 的数据...
  获取到 2429 条数据
正在获取天邦食品 从20150105 到 20250710 的数据...
  获取到 2527 条数据
正在获取湘潭电化 从20150105 到 20250710 的数据...
  获取到 2520 条数据
正在获取银轮股份 从20150105 到 20250710 的数据...
  获取到 2523 条数据
正在获取南极电商 从20150105 到 20250710 的数据...
  获取到 2343 条数据
正在获取电投能源 从20150105 到 20250710 的数据...
  获取到 2429 条数据
正在获取TCL中环 从20150105 到 20250710 的数据...
  获取到 2119 条数据
正在获取沃尔核材 从20150105 到 20250710 的数据...
  获取到 2505 条数据
正在获取利欧股份 从20150105 到 20250710 的数据...
  获取到 2409 条数据
正在获取恒星科技 从20150105 到 20250710 的数据...
  获取到 2458 条数据
正在获取广宇集团 从20150105 到 20250710 的数据...
  获取到 2552 条数据
正在获取天津普林 从20150105 到 20250710 的数据...
  获取到 2416 条数据
正在获取东南网架 从20150105 到 20250710 的数据...
  获取到 2541 条数据
正在获取安纳达 从20150105 到 20250710 的数据...
  获取到 2545 条数据
正在获取实益达 从20150105 到 20250710 的数据...
  获取到 2385 条数据
正在获取顺络电子 从20150105 到 20250710 的数据...
  获取到 2552 条数据
正在获取拓邦股份 从20150105 到 20250710 的数据...
  获取到 2529 条数据
正在获取东华科技 从20150105 到 20250710 的数据...
  获取到 2540 条数据
正在获取贤丰控股 从20150105 到 20250710 的数据...
  获取到 2429 条数据
正在获取宁波银行 从20150105 到 20250710 的数据...
  获取到 2548 条数据
正在获取宏达高科 从20150105 到 20250710 的数据...
  获取到 2555 条数据
正在获取中核钛白 从20150105 到 20250710 的数据...
  获取到 2500 条数据
正在获取荣盛发展 从20150105 到 20250710 的数据...
  获取到 2522 条数据
正在获取北纬科技 从20150105 到 20250710 的数据...
  获取到 2551 条数据
正在获取西部材料 从20150105 到 20250710 的数据...
  获取到 2532 条数据
正在获取通润装备 从20150105 到 20250710 的数据...
  获取到 2480 条数据
正在获取北斗星通 从20150105 到 20250710 的数据...
  获取到 2454 条数据
正在获取广电运通 从20150105 到 20250710 的数据...
  获取到 2504 条数据
正在获取石基信息 从20150105 到 20250710 的数据...
  获取到 2542 条数据
正在获取报喜鸟 从20150105 到 20250710 的数据...
HTTPConnectionPool(host='api.waditu.com', port=80): Max retries exceeded with url: /dataapi/daily (Caused by NameResolutionError("<urllib3.connection.HTTPConnection object at 0x7f33b4ba3f40>: Failed to resolve 'api.waditu.com' ([Errno -2] Name or service not known)"))
  获取到 2553 条数据
正在获取湖南黄金 从20150105 到 20250710 的数据...
  获取到 2553 条数据
正在获取通富微电 从20150105 到 20250710 的数据...
  获取到 2461 条数据
正在获取正邦科技 从20150105 到 20250710 的数据...
  获取到 2481 条数据
正在获取汉钟精机 从20150105 到 20250710 的数据...
  获取到 2547 条数据
正在获取三特索道 从20150105 到 20250710 的数据...
  获取到 2402 条数据
正在获取常铝股份 从20150105 到 20250710 的数据...
  获取到 2398 条数据
正在获取远望谷 从20150105 到 20250710 的数据...
  获取到 2408 条数据
正在获取悦心健康 从20150105 到 20250710 的数据...
  获取到 2418 条数据
正在获取海南发展 从20150105 到 20250710 的数据...
  获取到 2435 条数据
正在获取宁波东力 从20150105 到 20250710 的数据...
  获取到 2399 条数据
正在获取红宝丽 从20150105 到 20250710 的数据...
  获取到 2470 条数据
正在获取莱茵生物 从20150105 到 20250710 的数据...
  获取到 2467 条数据
正在获取东方锆业 从20150105 到 20250710 的数据...
  获取到 2546 条数据
正在获取*ST惠程 从20150105 到 20250710 的数据...
  获取到 2170 条数据
正在获取智光电气 从20150105 到 20250710 的数据...
  获取到 2488 条数据
正在获取芭田股份 从20150105 到 20250710 的数据...
  获取到 2502 条数据
正在获取楚江新材 从20150105 到 20250710 的数据...
  获取到 2399 条数据
正在获取澳洋健康 从20150105 到 20250710 的数据...
  获取到 2505 条数据
正在获取创新医疗 从20150105 到 20250710 的数据...
HTTPConnectionPool(host='api.waditu.com', port=80): Max retries exceeded with url: /dataapi/adj_factor (Caused by NameResolutionError("<urllib3.connection.HTTPConnection object at 0x7f33b4bb4e20>: Failed to resolve 'api.waditu.com' ([Errno -2] Name or service not known)"))
  获取到 2418 条数据
正在获取游族网络 从20150105 到 20250710 的数据...
  获取到 2358 条数据
正在获取东方智造 从20150105 到 20250710 的数据...
  获取到 2296 条数据
正在获取江特电机 从20150105 到 20250710 的数据...
HTTPConnectionPool(host='api.waditu.com', port=80): Max retries exceeded with url: /dataapi/daily (Caused by NameResolutionError("<urllib3.connection.HTTPConnection object at 0x7f33b4bb4bb0>: Failed to resolve 'api.waditu.com' ([Errno -2] Name or service not known)"))
  获取到 2429 条数据
正在获取御银股份 从20150105 到 20250710 的数据...
  获取到 2525 条数据
正在获取延华智能 从20150105 到 20250710 的数据...
  获取到 2510 条数据
正在获取中航光电 从20150105 到 20250710 的数据...
  获取到 2555 条数据
正在获取纳思达 从20150105 到 20250710 的数据...
  获取到 2344 条数据
正在获取粤传媒 从20150105 到 20250710 的数据...
  获取到 2544 条数据
正在获取宝武镁业 从20150105 到 20250710 的数据...
  获取到 2549 条数据
正在获取怡亚通 从20150105 到 20250710 的数据...
  获取到 2427 条数据
正在获取海得控制 从20150105 到 20250710 的数据...
  获取到 2526 条数据
正在获取华天科技 从20150105 到 20250710 的数据...
  获取到 2541 条数据
正在获取全聚德 从20150105 到 20250710 的数据...
  获取到 2550 条数据
正在获取广百股份 从20150105 到 20250710 的数据...
  获取到 2549 条数据
正在获取中天服务 从20150105 到 20250710 的数据...
  获取到 2419 条数据
正在获取中光学 从20150105 到 20250710 的数据...
  获取到 2431 条数据
正在获取成飞集成 从20150105 到 20250710 的数据...
  获取到 2497 条数据
正在获取劲嘉股份 从20150105 到 20250710 的数据...
  获取到 2428 条数据
正在获取融捷股份 从20150105 到 20250710 的数据...
  获取到 2541 条数据
正在获取如意集团 从20150105 到 20250710 的数据...
  获取到 2463 条数据
正在获取武汉凡谷 从20150105 到 20250710 的数据...
  获取到 2508 条数据
正在获取岩山科技 从20150105 到 20250710 的数据...
  获取到 2540 条数据
正在获取方正电机 从20150105 到 20250710 的数据...
  获取到 2473 条数据
正在获取ST证通 从20150105 到 20250710 的数据...
  获取到 2519 条数据
正在获取嘉应制药 从20150105 到 20250710 的数据...
  获取到 2467 条数据
正在获取*ST东晶 从20150105 到 20250710 的数据...
  获取到 2329 条数据
正在获取*ST交投 从20150105 到 20250710 的数据...
  获取到 2518 条数据
正在获取九鼎新材 从20150105 到 20250710 的数据...
  获取到 2414 条数据
正在获取金风科技 从20150105 到 20250710 的数据...
  获取到 2549 条数据
正在获取海亮股份 从20150105 到 20250710 的数据...
  获取到 2392 条数据
正在获取大连重工 从20150105 到 20250710 的数据...
  获取到 2555 条数据
正在获取国统股份 从20150105 到 20250710 的数据...
  获取到 2538 条数据
正在获取海利得 从20150105 到 20250710 的数据...
HTTPConnectionPool(host='api.waditu.com', port=80): Max retries exceeded with url: /dataapi/adj_factor (Caused by NameResolutionError("<urllib3.connection.HTTPConnection object at 0x7f33b4bb47c0>: Failed to resolve 'api.waditu.com' ([Errno -2] Name or service not known)"))
  获取到 2535 条数据
正在获取准油股份 从20150105 到 20250710 的数据...
  获取到 2273 条数据
正在获取合肥城建 从20150105 到 20250710 的数据...
  获取到 2526 条数据
正在获取达意隆 从20150105 到 20250710 的数据...
  获取到 2390 条数据
正在获取飞马国际 从20150105 到 20250710 的数据...
HTTPConnectionPool(host='api.waditu.com', port=80): Max retries exceeded with url: /dataapi/daily (Caused by NameResolutionError("<urllib3.connection.HTTPConnection object at 0x7f33b4bb4b80>: Failed to resolve 'api.waditu.com' ([Errno -2] Name or service not known)"))
  获取到 2320 条数据
正在获取ST宏达 从20150105 到 20250710 的数据...
  获取到 2299 条数据
正在获取天融信 从20150105 到 20250710 的数据...
  获取到 2312 条数据
正在获取大为股份 从20150105 到 20250710 的数据...
  获取到 2491 条数据
正在获取*ST大立 从20150105 到 20250710 的数据...
  获取到 2491 条数据
正在获取诺普信 从20150105 到 20250710 的数据...
  获取到 2542 条数据
正在获取三全食品 从20150105 到 20250710 的数据...
  获取到 2543 条数据
正在获取合力泰 从20150105 到 20250710 的数据...
  获取到 2438 条数据
正在获取拓日新能 从20150105 到 20250710 的数据...
  获取到 2552 条数据
正在获取新里程 从20150105 到 20250710 的数据...
  获取到 2128 条数据
正在获取东华能源 从20150105 到 20250710 的数据...
  获取到 2522 条数据
正在获取福晶科技 从20150105 到 20250710 的数据...
  获取到 2556 条数据
正在获取鱼跃医疗 从20150105 到 20250710 的数据...
  获取到 2539 条数据
正在获取三力士 从20150105 到 20250710 的数据...
  获取到 2457 条数据
正在获取濮耐股份 从20150105 到 20250710 的数据...
  获取到 2526 条数据
正在获取江南化工 从20150105 到 20250710 的数据...
  获取到 2246 条数据
正在获取奥特迅 从20150105 到 20250710 的数据...
  获取到 2531 条数据
正在获取合兴包装 从20150105 到 20250710 的数据...
  获取到 2422 条数据
正在获取鸿博股份 从20150105 到 20250710 的数据...
  获取到 2543 条数据
正在获取科大讯飞 从20150105 到 20250710 的数据...
  获取到 2495 条数据
正在获取*ST奥维 从20150105 到 20250710 的数据...
  获取到 2429 条数据
正在获取启明信息 从20150105 到 20250710 的数据...
  获取到 2556 条数据
正在获取塔牌集团 从20150105 到 20250710 的数据...
  获取到 2515 条数据
正在获取民和股份 从20150105 到 20250710 的数据...
  获取到 2551 条数据
正在获取安妮股份 从20150105 到 20250710 的数据...
  获取到 2390 条数据
正在获取大华股份 从20150105 到 20250710 的数据...
  获取到 2551 条数据
正在获取恒邦股份 从20150105 到 20250710 的数据...
  获取到 2540 条数据
正在获取天威视讯 从20150105 到 20250710 的数据...
  获取到 2455 条数据
正在获取奥特佳 从20150105 到 20250710 的数据...
  获取到 2211 条数据
正在获取盛新锂能 从20150105 到 20250710 的数据...
  获取到 2433 条数据
正在获取歌尔股份 从20150105 到 20250710 的数据...
  获取到 2544 条数据
正在获取九阳股份 从20150105 到 20250710 的数据...
  获取到 2530 条数据
正在获取力合科创 从20150105 到 20250710 的数据...
  获取到 2545 条数据
正在获取滨江集团 从20150105 到 20250710 的数据...
  获取到 2546 条数据
正在获取蔚蓝锂芯 从20150105 到 20250710 的数据...
  获取到 2525 条数据
正在获取北化股份 从20150105 到 20250710 的数据...
  获取到 2380 条数据
正在获取聚力文化 从20150105 到 20250710 的数据...
  获取到 2445 条数据
正在获取华东数控 从20150105 到 20250710 的数据...
  获取到 2322 条数据
正在获取大洋电机 从20150105 到 20250710 的数据...
  获取到 2456 条数据
正在获取联化科技 从20150105 到 20250710 的数据...
  获取到 2552 条数据
正在获取步步高 从20150105 到 20250710 的数据...
  获取到 2511 条数据
正在获取上海莱士 从20150105 到 20250710 的数据...
  获取到 2241 条数据
正在获取*ST智胜 从20150105 到 20250710 的数据...
  获取到 2538 条数据
正在获取泰和新材 从20150105 到 20250710 的数据...
  获取到 2510 条数据
正在获取海陆重工 从20150105 到 20250710 的数据...
  获取到 2362 条数据
正在获取兆新股份 从20150105 到 20250710 的数据...
  获取到 2288 条数据
正在获取利尔化学 从20150105 到 20250710 的数据...
  获取到 2550 条数据
正在获取升达林业 从20150105 到 20250710 的数据...
  获取到 2330 条数据
正在获取拓维信息 从20150105 到 20250710 的数据...
  获取到 2467 条数据
正在获取恩华药业 从20150105 到 20250710 的数据...
  获取到 2556 条数据
正在获取大东南 从20150105 到 20250710 的数据...
  获取到 2167 条数据
正在获取新华都 从20150105 到 20250710 的数据...
  获取到 2359 条数据
正在获取建设工业 从20150105 到 20250710 的数据...
  获取到 2451 条数据
正在获取浙富控股 从20150105 到 20250710 的数据...
  获取到 2453 条数据
正在获取陕天然气 从20150105 到 20250710 的数据...
  获取到 2553 条数据
正在获取电科网安 从20150105 到 20250710 的数据...
  获取到 2495 条数据
正在获取美邦服饰 从20150105 到 20250710 的数据...
  获取到 2511 条数据
正在获取华明装备 从20150105 到 20250710 的数据...
  获取到 2418 条数据
正在获取东方雨虹 从20150105 到 20250710 的数据...
  获取到 2556 条数据
正在获取川润股份 从20150105 到 20250710 的数据...
  获取到 2387 条数据
正在获取水晶光电 从20150105 到 20250710 的数据...
  获取到 2556 条数据
正在获取华昌化工 从20150105 到 20250710 的数据...
  获取到 2535 条数据
正在获取桂林三金 从20150105 到 20250710 的数据...
  获取到 2554 条数据
正在获取万马股份 从20150105 到 20250710 的数据...
  获取到 2518 条数据
正在获取友阿股份 从20150105 到 20250710 的数据...
  获取到 2536 条数据
正在获取神开股份 从20150105 到 20250710 的数据...
  获取到 2349 条数据
正在获取久其软件 从20150105 到 20250710 的数据...
  获取到 2503 条数据
正在获取光迅科技 从20150105 到 20250710 的数据...
  获取到 2553 条数据
正在获取博深股份 从20150105 到 20250710 的数据...
  获取到 2400 条数据
正在获取天润工业 从20150105 到 20250710 的数据...
  获取到 2418 条数据
正在获取亚太股份 从20150105 到 20250710 的数据...
  获取到 2541 条数据
正在获取世联行 从20150105 到 20250710 的数据...
  获取到 2533 条数据
正在获取保龄宝 从20150105 到 20250710 的数据...
  获取到 2405 条数据
正在获取奇正藏药 从20150105 到 20250710 的数据...
  获取到 2551 条数据
正在获取*ST宇顺 从20150105 到 20250710 的数据...
  获取到 2180 条数据
正在获取禾盛新材 从20150105 到 20250710 的数据...
  获取到 2499 条数据
正在获取遥望科技 从20150105 到 20250710 的数据...
  获取到 2433 条数据
正在获取奥飞娱乐 从20150105 到 20250710 的数据...
  获取到 2478 条数据
正在获取罗莱生活 从20150105 到 20250710 的数据...
HTTPConnectionPool(host='api.waditu.com', port=80): Max retries exceeded with url: /dataapi/adj_factor (Caused by NameResolutionError("<urllib3.connection.HTTPConnection object at 0x7f33b4bb5840>: Failed to resolve 'api.waditu.com' ([Errno -2] Name or service not known)"))
  获取到 2536 条数据
正在获取信立泰 从20150105 到 20250710 的数据...
  获取到 2556 条数据
正在获取精艺股份 从20150105 到 20250710 的数据...
  获取到 2503 条数据
正在获取辉煌科技 从20150105 到 20250710 的数据...
  获取到 2513 条数据
正在获取博云新材 从20150105 到 20250710 的数据...
  获取到 2332 条数据
正在获取中电鑫龙 从20150105 到 20250710 的数据...
  获取到 2478 条数据
正在获取圣农发展 从20150105 到 20250710 的数据...
  获取到 2497 条数据
正在获取太阳电缆 从20150105 到 20250710 的数据...
  获取到 2554 条数据
正在获取齐心集团 从20150105 到 20250710 的数据...
  获取到 2303 条数据
正在获取西部建设 从20150105 到 20250710 的数据...
  获取到 2524 条数据
正在获取美盈森 从20150105 到 20250710 的数据...
  获取到 2470 条数据
正在获取洋河股份 从20150105 到 20250710 的数据...
  获取到 2556 条数据
正在获取*ST南置 从20150105 到 20250710 的数据...
  获取到 2527 条数据
正在获取*ST云网 从20150105 到 20250710 的数据...
  获取到 2277 条数据
正在获取北新路桥 从20150105 到 20250710 的数据...
  获取到 2545 条数据
正在获取ST中利 从20150105 到 20250710 的数据...
  获取到 2330 条数据
正在获取东方园林 从20150105 到 20250710 的数据...
  获取到 2344 条数据
正在获取海大集团 从20150105 到 20250710 的数据...
  获取到 2556 条数据
正在获取川发龙蟒 从20150105 到 20250710 的数据...
  获取到 2225 条数据
正在获取日海智能 从20150105 到 20250710 的数据...
  获取到 2423 条数据
正在获取南山控股 从20150105 到 20250710 的数据...
  获取到 2431 条数据
正在获取焦点科技 从20150105 到 20250710 的数据...
  获取到 2556 条数据
正在获取ST亚联 从20150105 到 20250710 的数据...
  获取到 2156 条数据
正在获取众生药业 从20150105 到 20250710 的数据...
  获取到 2495 条数据
正在获取久立特材 从20150105 到 20250710 的数据...
  获取到 2532 条数据
正在获取乐通股份 从20150105 到 20250710 的数据...
  获取到 2358 条数据
正在获取海峡股份 从20150105 到 20250710 的数据...
  获取到 2405 条数据
正在获取华英农业 从20150105 到 20250710 的数据...
  获取到 2502 条数据
正在获取理工能科 从20150105 到 20250710 的数据...
  获取到 2537 条数据
正在获取雅博股份 从20150105 到 20250710 的数据...
  获取到 2169 条数据
正在获取普利特 从20150105 到 20250710 的数据...
  获取到 2533 条数据
正在获取永太科技 从20150105 到 20250710 的数据...
  获取到 2452 条数据
正在获取富安娜 从20150105 到 20250710 的数据...
  获取到 2552 条数据
正在获取新朋股份 从20150105 到 20250710 的数据...
  获取到 2552 条数据
正在获取皇氏集团 从20150105 到 20250710 的数据...
  获取到 2486 条数据
正在获取得利斯 从20150105 到 20250710 的数据...
  获取到 2508 条数据
正在获取皖通科技 从20150105 到 20250710 的数据...
  获取到 2334 条数据
正在获取仙琚制药 从20150105 到 20250710 的数据...
  获取到 2555 条数据
正在获取罗普斯金 从20150105 到 20250710 的数据...
  获取到 2537 条数据
正在获取英威腾 从20150105 到 20250710 的数据...
  获取到 2535 条数据
正在获取科华数据 从20150105 到 20250710 的数据...
  获取到 2468 条数据
正在获取赛象科技 从20150105 到 20250710 的数据...
  获取到 2556 条数据
正在获取奥普光电 从20150105 到 20250710 的数据...
  获取到 2505 条数据
正在获取积成电子 从20150105 到 20250710 的数据...
  获取到 2507 条数据
正在获取格林美 从20150105 到 20250710 的数据...
  获取到 2530 条数据
正在获取巨力索具 从20150105 到 20250710 的数据...
  获取到 2534 条数据
正在获取慈文传媒 从20150105 到 20250710 的数据...
  获取到 2459 条数据
正在获取海宁皮城 从20150105 到 20250710 的数据...
  获取到 2465 条数据
正在获取潮宏基 从20150105 到 20250710 的数据...
  获取到 2360 条数据
正在获取柘中股份 从20150105 到 20250710 的数据...
  获取到 2437 条数据
正在获取泰尔股份 从20150105 到 20250710 的数据...
  获取到 2404 条数据
正在获取高乐股份 从20150105 到 20250710 的数据...
  获取到 2419 条数据
正在获取精华制药 从20150105 到 20250710 的数据...
  获取到 2355 条数据
正在获取北京科锐 从20150105 到 20250710 的数据...
HTTPConnectionPool(host='api.waditu.com', port=80): Max retries exceeded with url: /dataapi/daily (Caused by NameResolutionError("<urllib3.connection.HTTPConnection object at 0x7f33b4bb5180>: Failed to resolve 'api.waditu.com' ([Errno -2] Name or service not known)"))
  获取到 2519 条数据
正在获取漫步者 从20150105 到 20250710 的数据...
  获取到 2547 条数据
正在获取顺丰控股 从20150105 到 20250710 的数据...
  获取到 2508 条数据
正在获取杰瑞股份 从20150105 到 20250710 的数据...
  获取到 2452 条数据
正在获取天娱数科 从20150105 到 20250710 的数据...
  获取到 2354 条数据
正在获取兴民智通 从20150105 到 20250710 的数据...
  获取到 2436 条数据
正在获取赫美集团 从20150105 到 20250710 的数据...
  获取到 2398 条数据
正在获取富临运业 从20150105 到 20250710 的数据...
  获取到 2371 条数据
正在获取森源电气 从20150105 到 20250710 的数据...
  获取到 2379 条数据
正在获取同德化工 从20150105 到 20250710 的数据...
  获取到 2511 条数据
正在获取神剑股份 从20150105 到 20250710 的数据...
  获取到 2462 条数据
正在获取汉王科技 从20150105 到 20250710 的数据...
  获取到 2556 条数据
正在获取隆基机械 从20150105 到 20250710 的数据...
  获取到 2542 条数据
正在获取中恒电气 从20150105 到 20250710 的数据...
  获取到 2531 条数据
正在获取永安药业 从20150105 到 20250710 的数据...
  获取到 2556 条数据
正在获取融发核电 从20150105 到 20250710 的数据...
  获取到 2417 条数据
正在获取康力电梯 从20150105 到 20250710 的数据...
  获取到 2492 条数据
正在获取太极股份 从20150105 到 20250710 的数据...
  获取到 2381 条数据
正在获取卓翼科技 从20150105 到 20250710 的数据...
  获取到 2321 条数据
正在获取亚太药业 从20150105 到 20250710 的数据...
  获取到 2430 条数据
正在获取北方华创 从20150105 到 20250710 的数据...
  获取到 2485 条数据
正在获取伟星新材 从20150105 到 20250710 的数据...
  获取到 2556 条数据
正在获取千方科技 从20150105 到 20250710 的数据...
  获取到 2387 条数据
正在获取中锐股份 从20150105 到 20250710 的数据...
  获取到 2528 条数据
正在获取亚厦股份 从20150105 到 20250710 的数据...
  获取到 2534 条数据
正在获取新北洋 从20150105 到 20250710 的数据...
  获取到 2503 条数据
正在获取国创高新 从20150105 到 20250710 的数据...
  获取到 2388 条数据
正在获取章源钨业 从20150105 到 20250710 的数据...
  获取到 2536 条数据
正在获取宏创控股 从20150105 到 20250710 的数据...
  获取到 2206 条数据
正在获取科远智慧 从20150105 到 20250710 的数据...
  获取到 2543 条数据
正在获取双箭股份 从20150105 到 20250710 的数据...
  获取到 2541 条数据
正在获取蓝帆医疗 从20150105 到 20250710 的数据...
  获取到 2434 条数据
正在获取合众思壮 从20150105 到 20250710 的数据...
  获取到 2388 条数据
正在获取东山精密 从20150105 到 20250710 的数据...
  获取到 2355 条数据
正在获取大北农 从20150105 到 20250710 的数据...
HTTPConnectionPool(host='api.waditu.com', port=80): Max retries exceeded with url: /dataapi/daily (Caused by NameResolutionError("<urllib3.connection.HTTPConnection object at 0x7f33b4bb6e90>: Failed to resolve 'api.waditu.com' ([Errno -2] Name or service not known)"))
  获取到 2531 条数据
正在获取天原股份 从20150105 到 20250710 的数据...
  获取到 2524 条数据
正在获取维信诺 从20150105 到 20250710 的数据...
  获取到 2417 条数据
正在获取ST新亚 从20150105 到 20250710 的数据...
  获取到 2470 条数据
正在获取航天彩虹 从20150105 到 20250710 的数据...
  获取到 2351 条数据
正在获取信邦制药 从20150105 到 20250710 的数据...
  获取到 2486 条数据
正在获取长青股份 从20150105 到 20250710 的数据...
  获取到 2556 条数据
正在获取北京利尔 从20150105 到 20250710 的数据...
  获取到 2493 条数据
正在获取力生制药 从20150105 到 20250710 的数据...
  获取到 2556 条数据
正在获取联发股份 从20150105 到 20250710 的数据...
  获取到 2556 条数据
正在获取双象股份 从20150105 到 20250710 的数据...
  获取到 2519 条数据
正在获取星网锐捷 从20150105 到 20250710 的数据...
  获取到 2418 条数据
正在获取梦洁股份 从20150105 到 20250710 的数据...
  获取到 2550 条数据
正在获取垒知集团 从20150105 到 20250710 的数据...
  获取到 2435 条数据
正在获取海普瑞 从20150105 到 20250710 的数据...
  获取到 2389 条数据
正在获取省广集团 从20150105 到 20250710 的数据...
  获取到 2387 条数据
正在获取中远海科 从20150105 到 20250710 的数据...
HTTPConnectionPool(host='api.waditu.com', port=80): Max retries exceeded with url: /dataapi/adj_factor (Caused by NameResolutionError("<urllib3.connection.HTTPConnection object at 0x7f33b4bb5e40>: Failed to resolve 'api.waditu.com' ([Errno -2] Name or service not known)"))
  获取到 2473 条数据
正在获取和而泰 从20150105 到 20250710 的数据...
  获取到 2538 条数据
正在获取爱仕达 从20150105 到 20250710 的数据...
  获取到 2523 条数据
正在获取嘉欣丝绸 从20150105 到 20250710 的数据...
  获取到 2515 条数据
正在获取四维图新 从20150105 到 20250710 的数据...
  获取到 2479 条数据
正在获取远东传动 从20150105 到 20250710 的数据...
  获取到 2551 条数据
正在获取多氟多 从20150105 到 20250710 的数据...
  获取到 2526 条数据
正在获取齐翔腾达 从20150105 到 20250710 的数据...
  获取到 2379 条数据
正在获取雅克科技 从20150105 到 20250710 的数据...
  获取到 2258 条数据
正在获取广联达 从20150105 到 20250710 的数据...
  获取到 2519 条数据
正在获取汉森制药 从20150105 到 20250710 的数据...
  获取到 2450 条数据
正在获取雷科防务 从20150105 到 20250710 的数据...
  获取到 2383 条数据
正在获取高德红外 从20150105 到 20250710 的数据...
  获取到 2471 条数据
正在获取海康威视 从20150105 到 20250710 的数据...
  获取到 2511 条数据
正在获取爱施德 从20150105 到 20250710 的数据...
  获取到 2494 条数据
正在获取康盛股份 从20150105 到 20250710 的数据...
  获取到 2365 条数据
正在获取天虹股份 从20150105 到 20250710 的数据...
  获取到 2556 条数据
正在获取毅昌科技 从20150105 到 20250710 的数据...
  获取到 2552 条数据
正在获取达实智能 从20150105 到 20250710 的数据...
  获取到 2464 条数据
正在获取科伦药业 从20150105 到 20250710 的数据...
  获取到 2552 条数据
正在获取中粮资本 从20150105 到 20250710 的数据...
  获取到 2405 条数据
正在获取贵州百灵 从20150105 到 20250710 的数据...
  获取到 2554 条数据
正在获取ST凯文 从20150105 到 20250710 的数据...
  获取到 2422 条数据
正在获取胜利精密 从20150105 到 20250710 的数据...
  获取到 2295 条数据
正在获取尤夫股份 从20150105 到 20250710 的数据...
  获取到 2361 条数据
正在获取云南锗业 从20150105 到 20250710 的数据...
  获取到 2548 条数据
正在获取兆驰股份 从20150105 到 20250710 的数据...
  获取到 2473 条数据
正在获取杭氧股份 从20150105 到 20250710 的数据...
  获取到 2542 条数据
正在获取棕榈股份 从20150105 到 20250710 的数据...
  获取到 2408 条数据
正在获取九安医疗 从20150105 到 20250710 的数据...
  获取到 2535 条数据
正在获取万里扬 从20150105 到 20250710 的数据...
  获取到 2421 条数据
正在获取兴森科技 从20150105 到 20250710 的数据...
  获取到 2418 条数据
正在获取誉衡药业 从20150105 到 20250710 的数据...
  获取到 2399 条数据
正在获取江苏神通 从20150105 到 20250710 的数据...
  获取到 2445 条数据
正在获取启明星辰 从20150105 到 20250710 的数据...
  获取到 2432 条数据
正在获取闰土股份 从20150105 到 20250710 的数据...
  获取到 2499 条数据
正在获取众业达 从20150105 到 20250710 的数据...
  获取到 2511 条数据
正在获取龙星科技 从20150105 到 20250710 的数据...
  获取到 2288 条数据
正在获取金洲管道 从20150105 到 20250710 的数据...
  获取到 2392 条数据
正在获取巨星科技 从20150105 到 20250710 的数据...
  获取到 2551 条数据
正在获取中南文化 从20150105 到 20250710 的数据...
  获取到 2304 条数据
正在获取盛路通信 从20150105 到 20250710 的数据...
  获取到 2485 条数据
正在获取中原内配 从20150105 到 20250710 的数据...
  获取到 2552 条数据
正在获取国星光电 从20150105 到 20250710 的数据...
  获取到 2552 条数据
正在获取摩恩电气 从20150105 到 20250710 的数据...
  获取到 2467 条数据
正在获取长高电新 从20150105 到 20250710 的数据...
  获取到 2421 条数据
正在获取华软科技 从20150105 到 20250710 的数据...
  获取到 2351 条数据
正在获取松芝股份 从20150105 到 20250710 的数据...
  获取到 2536 条数据
正在获取百川股份 从20150105 到 20250710 的数据...
  获取到 2516 条数据
正在获取欧菲光 从20150105 到 20250710 的数据...
  获取到 2523 条数据
正在获取青龙管业 从20150105 到 20250710 的数据...
  获取到 2556 条数据
正在获取益生股份 从20150105 到 20250710 的数据...
  获取到 2480 条数据
正在获取晶澳科技 从20150105 到 20250710 的数据...
  获取到 2483 条数据
正在获取赣锋锂业 从20150105 到 20250710 的数据...
  获取到 2539 条数据
正在获取珠江啤酒 从20150105 到 20250710 的数据...
  获取到 2520 条数据
正在获取嘉事堂 从20150105 到 20250710 的数据...
  获取到 2473 条数据
正在获取沪电股份 从20150105 到 20250710 的数据...
  获取到 2556 条数据
正在获取海格通信 从20150105 到 20250710 的数据...
  获取到 2428 条数据
正在获取天齐锂业 从20150105 到 20250710 的数据...
  获取到 2513 条数据
正在获取二六三 从20150105 到 20250710 的数据...
  获取到 2532 条数据
正在获取申通快递 从20150105 到 20250710 的数据...
  获取到 2463 条数据
正在获取三维化学 从20150105 到 20250710 的数据...
  获取到 2467 条数据
正在获取金正大 从20150105 到 20250710 的数据...
  获取到 2453 条数据
正在获取中超控股 从20150105 到 20250710 的数据...
  获取到 2461 条数据
正在获取双环传动 从20150105 到 20250710 的数据...
  获取到 2547 条数据
正在获取榕基软件 从20150105 到 20250710 的数据...
  获取到 2496 条数据
正在获取立讯精密 从20150105 到 20250710 的数据...
  获取到 2539 条数据
正在获取宝莫股份 从20150105 到 20250710 的数据...
  获取到 2439 条数据
正在获取常宝股份 从20150105 到 20250710 的数据...
  获取到 2474 条数据
正在获取富春环保 从20150105 到 20250710 的数据...
  获取到 2533 条数据
正在获取新筑股份 从20150105 到 20250710 的数据...
  获取到 2514 条数据
正在获取双塔食品 从20150105 到 20250710 的数据...
  获取到 2431 条数据
正在获取广田集团 从20150105 到 20250710 的数据...
  获取到 2527 条数据
正在获取润邦股份 从20150105 到 20250710 的数据...
  获取到 2430 条数据
正在获取江海股份 从20150105 到 20250710 的数据...
  获取到 2556 条数据
正在获取ST雪发 从20150105 到 20250710 的数据...
  获取到 2238 条数据
正在获取嘉麟杰 从20150105 到 20250710 的数据...
  获取到 2378 条数据
正在获取大金重工 从20150105 到 20250710 的数据...
  获取到 2536 条数据
正在获取金固股份 从20150105 到 20250710 的数据...
  获取到 2529 条数据
正在获取浙江永强 从20150105 到 20250710 的数据...
  获取到 2523 条数据
正在获取山东墨龙 从20150105 到 20250710 的数据...
  获取到 2552 条数据
正在获取通鼎互联 从20150105 到 20250710 的数据...
  获取到 2362 条数据
正在获取恒基达鑫 从20150105 到 20250710 的数据...
  获取到 2278 条数据
正在获取荣盛石化 从20150105 到 20250710 的数据...
  获取到 2552 条数据
正在获取华斯股份 从20150105 到 20250710 的数据...
  获取到 2517 条数据
正在获取佳隆股份 从20150105 到 20250710 的数据...
  获取到 2548 条数据
正在获取*ST辉丰 从20150105 到 20250710 的数据...
  获取到 2536 条数据
正在获取雅化集团 从20150105 到 20250710 的数据...
  获取到 2556 条数据
正在获取汉缆股份 从20150105 到 20250710 的数据...
  获取到 2522 条数据
正在获取山西证券 从20150105 到 20250710 的数据...
  获取到 2545 条数据
正在获取利源股份 从20150105 到 20250710 的数据...
  获取到 2539 条数据
正在获取协鑫集成 从20150105 到 20250710 的数据...
  获取到 2388 条数据
正在获取涪陵榨菜 从20150105 到 20250710 的数据...
  获取到 2372 条数据
正在获取老板电器 从20150105 到 20250710 的数据...
  获取到 2552 条数据
正在获取天汽模 从20150105 到 20250710 的数据...
  获取到 2473 条数据
正在获取中顺洁柔 从20150105 到 20250710 的数据...
  获取到 2526 条数据
正在获取达华智能 从20150105 到 20250710 的数据...
  获取到 2191 条数据
正在获取蓝丰生化 从20150105 到 20250710 的数据...
  获取到 2350 条数据
正在获取宝馨科技 从20150105 到 20250710 的数据...
  获取到 2421 条数据
正在获取金字火腿 从20150105 到 20250710 的数据...
  获取到 2316 条数据
正在获取旷达科技 从20150105 到 20250710 的数据...
  获取到 2540 条数据
正在获取恺英网络 从20150105 到 20250710 的数据...
  获取到 2444 条数据
正在获取科士达 从20150105 到 20250710 的数据...
  获取到 2531 条数据
正在获取银河电子 从20150105 到 20250710 的数据...
  获取到 2504 条数据
正在获取日发精机 从20150105 到 20250710 的数据...
  获取到 2399 条数据
正在获取齐峰新材 从20150105 到 20250710 的数据...
  获取到 2551 条数据
正在获取浙江众成 从20150105 到 20250710 的数据...
  获取到 2530 条数据
正在获取天桥起重 从20150105 到 20250710 的数据...
  获取到 2492 条数据
正在获取光正眼科 从20150105 到 20250710 的数据...
  获取到 2401 条数据
正在获取山东矿机 从20150105 到 20250710 的数据...
  获取到 2355 条数据
正在获取新时达 从20150105 到 20250710 的数据...
  获取到 2477 条数据
正在获取ST英飞拓 从20150105 到 20250710 的数据...
  获取到 2496 条数据
正在获取*ST海源 从20150105 到 20250710 的数据...
  获取到 2492 条数据
正在获取金财互联 从20150105 到 20250710 的数据...
  获取到 2389 条数据
正在获取天顺风能 从20150105 到 20250710 的数据...
  获取到 2527 条数据
正在获取天山铝业 从20150105 到 20250710 的数据...
  获取到 2447 条数据
正在获取金杯电工 从20150105 到 20250710 的数据...
  获取到 2535 条数据
正在获取西子洁能 从20150105 到 20250710 的数据...
  获取到 2556 条数据
正在获取林州重机 从20150105 到 20250710 的数据...
  获取到 2452 条数据
正在获取飞龙股份 从20150105 到 20250710 的数据...
  获取到 2550 条数据
正在获取海联金汇 从20150105 到 20250710 的数据...
  获取到 2422 条数据
正在获取司尔特 从20150105 到 20250710 的数据...
  获取到 2509 条数据
正在获取云图控股 从20150105 到 20250710 的数据...
  获取到 2551 条数据
正在获取亚太科技 从20150105 到 20250710 的数据...
  获取到 2546 条数据
正在获取鸿路钢构 从20150105 到 20250710 的数据...
  获取到 2551 条数据
正在获取中化岩土 从20150105 到 20250710 的数据...
  获取到 2435 条数据
正在获取万和电气 从20150105 到 20250710 的数据...
  获取到 2523 条数据
正在获取普天科技 从20150105 到 20250710 的数据...
HTTPConnectionPool(host='api.waditu.com', port=80): Max retries exceeded with url: /dataapi/adj_factor (Caused by NameResolutionError("<urllib3.connection.HTTPConnection object at 0x7f33b4c18dc0>: Failed to resolve 'api.waditu.com' ([Errno -2] Name or service not known)"))
  获取到 2402 条数据
正在获取东方铁塔 从20150105 到 20250710 的数据...
  获取到 2326 条数据
正在获取新联电子 从20150105 到 20250710 的数据...
  获取到 2536 条数据
正在获取春兴精工 从20150105 到 20250710 的数据...
  获取到 2360 条数据
正在获取金新农 从20150105 到 20250710 的数据...
  获取到 2469 条数据
正在获取凯美特气 从20150105 到 20250710 的数据...
  获取到 2450 条数据
正在获取千红制药 从20150105 到 20250710 的数据...
  获取到 2553 条数据
正在获取尚荣医疗 从20150105 到 20250710 的数据...
  获取到 2534 条数据
正在获取宝鼎科技 从20150105 到 20250710 的数据...
  获取到 2475 条数据
正在获取南方精工 从20150105 到 20250710 的数据...
  获取到 2432 条数据
正在获取惠博普 从20150105 到 20250710 的数据...
  获取到 2512 条数据
正在获取三七互娱 从20150105 到 20250710 的数据...
  获取到 2358 条数据
正在获取辉隆股份 从20150105 到 20250710 的数据...
HTTPConnectionPool(host='api.waditu.com', port=80): Max retries exceeded with url: /dataapi/daily (Caused by NameResolutionError("<urllib3.connection.HTTPConnection object at 0x7f33b4c18970>: Failed to resolve 'api.waditu.com' ([Errno -2] Name or service not known)"))
  获取到 2537 条数据
正在获取洽洽食品 从20150105 到 20250710 的数据...
  获取到 2516 条数据
正在获取巨人网络 从20150105 到 20250710 的数据...
HTTPConnectionPool(host='api.waditu.com', port=80): Max retries exceeded with url: /dataapi/daily (Caused by NameResolutionError("<urllib3.connection.HTTPConnection object at 0x7f33b4c196c0>: Failed to resolve 'api.waditu.com' ([Errno -2] Name or service not known)"))
  获取到 2234 条数据
正在获取亚威股份 从20150105 到 20250710 的数据...
  获取到 2545 条数据
正在获取通达股份 从20150105 到 20250710 的数据...
  获取到 2491 条数据
正在获取徐家汇 从20150105 到 20250710 的数据...
  获取到 2556 条数据
正在获取兄弟科技 从20150105 到 20250710 的数据...
  获取到 2534 条数据
正在获取森马服饰 从20150105 到 20250710 的数据...
  获取到 2555 条数据
正在获取天沃科技 从20150105 到 20250710 的数据...
  获取到 2445 条数据
正在获取顺灏股份 从20150105 到 20250710 的数据...
  获取到 2513 条数据
正在获取益盛药业 从20150105 到 20250710 的数据...
  获取到 2550 条数据
正在获取唐人神 从20150105 到 20250710 的数据...
  获取到 2353 条数据
正在获取百润股份 从20150105 到 20250710 的数据...
  获取到 2524 条数据
正在获取*ST步森 从20150105 到 20250710 的数据...
  获取到 2103 条数据
正在获取贝因美 从20150105 到 20250710 的数据...
  获取到 2506 条数据
正在获取德力股份 从20150105 到 20250710 的数据...
  获取到 2247 条数据
正在获取索菲亚 从20150105 到 20250710 的数据...
  获取到 2531 条数据
正在获取清新环境 从20150105 到 20250710 的数据...
  获取到 2374 条数据
正在获取明牌珠宝 从20150105 到 20250710 的数据...
  获取到 2374 条数据
正在获取群兴玩具 从20150105 到 20250710 的数据...
  获取到 2207 条数据
正在获取通达动力 从20150105 到 20250710 的数据...
  获取到 2190 条数据
正在获取雷柏科技 从20150105 到 20250710 的数据...
  获取到 2447 条数据
正在获取闽发铝业 从20150105 到 20250710 的数据...
  获取到 2387 条数据
正在获取中京电子 从20150105 到 20250710 的数据...
  获取到 2417 条数据
正在获取圣阳股份 从20150105 到 20250710 的数据...
  获取到 2402 条数据
正在获取ST未名 从20150105 到 20250710 的数据...
  获取到 2535 条数据
正在获取好想你 从20150105 到 20250710 的数据...
  获取到 2423 条数据
正在获取海能达 从20150105 到 20250710 的数据...
  获取到 2516 条数据
正在获取西陇科学 从20150105 到 20250710 的数据...
HTTPConnectionPool(host='api.waditu.com', port=80): Max retries exceeded with url: /dataapi/daily (Caused by NameResolutionError("<urllib3.connection.HTTPConnection object at 0x7f33b4c19000>: Failed to resolve 'api.waditu.com' ([Errno -2] Name or service not known)"))
  获取到 2352 条数据
正在获取双星新材 从20150105 到 20250710 的数据...
  获取到 2551 条数据
正在获取*ST围海 从20150105 到 20250710 的数据...
  获取到 2354 条数据
正在获取奥拓电子 从20150105 到 20250710 的数据...
  获取到 2438 条数据
正在获取史丹利 从20150105 到 20250710 的数据...
  获取到 2552 条数据
正在获取瑞康医药 从20150105 到 20250710 的数据...
  获取到 2460 条数据
正在获取万安科技 从20150105 到 20250710 的数据...
  获取到 2528 条数据
正在获取恒大高新 从20150105 到 20250710 的数据...
  获取到 2399 条数据
正在获取ST八菱 从20150105 到 20250710 的数据...
  获取到 2408 条数据
正在获取日上集团 从20150105 到 20250710 的数据...
  获取到 2546 条数据
正在获取比亚迪 从20150105 到 20250710 的数据...
  获取到 2546 条数据
正在获取豪迈科技 从20150105 到 20250710 的数据...
  获取到 2556 条数据
正在获取海南瑞泽 从20150105 到 20250710 的数据...
  获取到 2355 条数据
正在获取金禾实业 从20150105 到 20250710 的数据...
  获取到 2549 条数据
正在获取山东章鼓 从20150105 到 20250710 的数据...
  获取到 2480 条数据
正在获取盛通股份 从20150105 到 20250710 的数据...
  获取到 2463 条数据
正在获取领益智造 从20150105 到 20250710 的数据...
  获取到 2392 条数据
正在获取龙佰集团 从20150105 到 20250710 的数据...
  获取到 2466 条数据
正在获取ST华通 从20150105 到 20250710 的数据...
HTTPConnectionPool(host='api.waditu.com', port=80): Max retries exceeded with url: /dataapi/adj_factor (Caused by NameResolutionError("<urllib3.connection.HTTPConnection object at 0x7f33b4c18bb0>: Failed to resolve 'api.waditu.com' ([Errno -2] Name or service not known)"))
  获取到 2185 条数据
正在获取以岭药业 从20150105 到 20250710 的数据...
  获取到 2542 条数据
正在获取姚记科技 从20150105 到 20250710 的数据...
  获取到 2403 条数据
正在获取大连电瓷 从20150105 到 20250710 的数据...
  获取到 2342 条数据
正在获取中公教育 从20150105 到 20250710 的数据...
  获取到 2383 条数据
正在获取江苏国信 从20150105 到 20250710 的数据...
  获取到 2220 条数据
正在获取捷顺科技 从20150105 到 20250710 的数据...
  获取到 2531 条数据
正在获取东方精工 从20150105 到 20250710 的数据...
  获取到 2417 条数据
正在获取朗姿股份 从20150105 到 20250710 的数据...
  获取到 2403 条数据
正在获取北玻股份 从20150105 到 20250710 的数据...
  获取到 2549 条数据
正在获取奥佳华 从20150105 到 20250710 的数据...
  获取到 2522 条数据
正在获取哈尔斯 从20150105 到 20250710 的数据...
  获取到 2546 条数据
正在获取长青集团 从20150105 到 20250710 的数据...
  获取到 2508 条数据
正在获取露笑科技 从20150105 到 20250710 的数据...
  获取到 2228 条数据
正在获取ST瑞和 从20150105 到 20250710 的数据...
  获取到 2505 条数据
正在获取皓宸医疗 从20150105 到 20250710 的数据...
  获取到 2215 条数据
正在获取亚玛顿 从20150105 到 20250710 的数据...
  获取到 2537 条数据
正在获取完美世界 从20150105 到 20250710 的数据...
  获取到 2279 条数据
正在获取光启技术 从20150105 到 20250710 的数据...
  获取到 2318 条数据
正在获取金达威 从20150105 到 20250710 的数据...
  获取到 2489 条数据
正在获取三峡旅游 从20150105 到 20250710 的数据...
  获取到 2525 条数据
正在获取成都路桥 从20150105 到 20250710 的数据...
HTTPConnectionPool(host='api.waditu.com', port=80): Max retries exceeded with url: /dataapi/daily (Caused by NameResolutionError("<urllib3.connection.HTTPConnection object at 0x7f33b4c1a500>: Failed to resolve 'api.waditu.com' ([Errno -2] Name or service not known)"))
  获取到 2531 条数据
正在获取仁智股份 从20150105 到 20250710 的数据...
HTTPConnectionPool(host='api.waditu.com', port=80): Max retries exceeded with url: /dataapi/adj_factor (Caused by NameResolutionError("<urllib3.connection.HTTPConnection object at 0x7f33b4c1a290>: Failed to resolve 'api.waditu.com' ([Errno -2] Name or service not known)"))
  获取到 2354 条数据
正在获取ST华西 从20150105 到 20250710 的数据...
  获取到 2327 条数据
正在获取德尔未来 从20150105 到 20250710 的数据...
HTTPConnectionPool(host='api.waditu.com', port=80): Max retries exceeded with url: /dataapi/daily (Caused by NameResolutionError("<urllib3.connection.HTTPConnection object at 0x7f33b4c1a200>: Failed to resolve 'api.waditu.com' ([Errno -2] Name or service not known)"))
  获取到 2397 条数据
正在获取道明光学 从20150105 到 20250710 的数据...
  获取到 2432 条数据
正在获取申科股份 从20150105 到 20250710 的数据...
  获取到 2357 条数据
正在获取棒杰股份 从20150105 到 20250710 的数据...
  获取到 2541 条数据
正在获取安洁科技 从20150105 到 20250710 的数据...
  获取到 2483 条数据
正在获取金安国纪 从20150105 到 20250710 的数据...
  获取到 2435 条数据
正在获取赞宇科技 从20150105 到 20250710 的数据...
HTTPConnectionPool(host='api.waditu.com', port=80): Read timed out.
  获取到 2493 条数据
正在获取勤上股份 从20150105 到 20250710 的数据...
  获取到 2221 条数据
正在获取雪人集团 从20150105 到 20250710 的数据...
  获取到 2445 条数据
正在获取跨境通 从20150105 到 20250710 的数据...
  获取到 2466 条数据
正在获取公元股份 从20150105 到 20250710 的数据...
  获取到 2556 条数据
正在获取荣联科技 从20150105 到 20250710 的数据...
  获取到 2420 条数据
正在获取万润股份 从20150105 到 20250710 的数据...
  获取到 2442 条数据
正在获取佛慈制药 从20150105 到 20250710 的数据...
  获取到 2544 条数据
正在获取华宏科技 从20150105 到 20250710 的数据...
  获取到 2431 条数据
正在获取天佑德酒 从20150105 到 20250710 的数据...
  获取到 2556 条数据
正在获取*ST仁东 从20150105 到 20250710 的数据...
  获取到 2149 条数据
正在获取卫星化学 从20150105 到 20250710 的数据...
  获取到 2536 条数据
正在获取博彦科技 从20150105 到 20250710 的数据...
  获取到 2501 条数据
正在获取ST加加 从20150105 到 20250710 的数据...
  获取到 2226 条数据
正在获取利君股份 从20150105 到 20250710 的数据...
  获取到 2514 条数据
正在获取扬子新材 从20150105 到 20250710 的数据...
  获取到 2288 条数据
正在获取海思科 从20150105 到 20250710 的数据...
  获取到 2551 条数据
正在获取万润科技 从20150105 到 20250710 的数据...
  获取到 2270 条数据
正在获取共达电声 从20150105 到 20250710 的数据...
  获取到 2339 条数据
正在获取*ST摩登 从20150105 到 20250710 的数据...
  获取到 2191 条数据
正在获取中科金财 从20150105 到 20250710 的数据...
  获取到 2541 条数据
正在获取雪迪龙 从20150105 到 20250710 的数据...
  获取到 2547 条数据
正在获取凯文教育 从20150105 到 20250710 的数据...
  获取到 2387 条数据
正在获取茂硕电源 从20150105 到 20250710 的数据...
  获取到 2475 条数据
正在获取克明食品 从20150105 到 20250710 的数据...
  获取到 2490 条数据
正在获取峰璟股份 从20150105 到 20250710 的数据...
  获取到 2437 条数据
正在获取普邦股份 从20150105 到 20250710 的数据...
  获取到 2350 条数据
正在获取信质集团 从20150105 到 20250710 的数据...
  获取到 2375 条数据
正在获取德联集团 从20150105 到 20250710 的数据...
  获取到 2553 条数据
正在获取威领股份 从20150105 到 20250710 的数据...
  获取到 2387 条数据
正在获取TCL智家 从20150105 到 20250710 的数据...
  获取到 2334 条数据
正在获取康达新材 从20150105 到 20250710 的数据...
  获取到 2344 条数据
正在获取国盛金控 从20150105 到 20250710 的数据...
HTTPConnectionPool(host='api.waditu.com', port=80): Max retries exceeded with url: /dataapi/daily (Caused by NameResolutionError("<urllib3.connection.HTTPConnection object at 0x7f33b4c1a650>: Failed to resolve 'api.waditu.com' ([Errno -2] Name or service not known)"))
  获取到 2317 条数据
正在获取龙泉股份 从20150105 到 20250710 的数据...
  获取到 2458 条数据
正在获取东江环保 从20150105 到 20250710 的数据...
  获取到 2480 条数据
正在获取西部证券 从20150105 到 20250710 的数据...
  获取到 2542 条数据
正在获取兴业科技 从20150105 到 20250710 的数据...
  获取到 2534 条数据
正在获取东诚药业 从20150105 到 20250710 的数据...
  获取到 2235 条数据
正在获取顺威股份 从20150105 到 20250710 的数据...
  获取到 2319 条数据
正在获取浙江美大 从20150105 到 20250710 的数据...
  获取到 2491 条数据
正在获取珠江钢琴 从20150105 到 20250710 的数据...
  获取到 2536 条数据
正在获取福建金森 从20150105 到 20250710 的数据...
  获取到 2552 条数据
正在获取奋达科技 从20150105 到 20250710 的数据...
  获取到 2471 条数据
正在获取龙洲股份 从20150105 到 20250710 的数据...
  获取到 2460 条数据
正在获取广东宏大 从20150105 到 20250710 的数据...
  获取到 2384 条数据
正在获取华东重机 从20150105 到 20250710 的数据...
  获取到 2356 条数据
正在获取亿利达 从20150105 到 20250710 的数据...
  获取到 2463 条数据
正在获取乔治白 从20150105 到 20250710 的数据...
  获取到 2553 条数据
正在获取金河生物 从20150105 到 20250710 的数据...
  获取到 2524 条数据
正在获取远大智能 从20150105 到 20250710 的数据...
  获取到 2548 条数据
正在获取美亚光电 从20150105 到 20250710 的数据...
  获取到 2552 条数据
正在获取冀凯股份 从20150105 到 20250710 的数据...
  获取到 2352 条数据
正在获取远程股份 从20150105 到 20250710 的数据...
  获取到 2468 条数据
正在获取*ST双成 从20150105 到 20250710 的数据...
  获取到 2476 条数据
正在获取顾地科技 从20150105 到 20250710 的数据...
  获取到 2299 条数据
正在获取煌上煌 从20150105 到 20250710 的数据...
  获取到 2542 条数据
正在获取百洋股份 从20150105 到 20250710 的数据...
  获取到 2350 条数据
正在获取红旗连锁 从20150105 到 20250710 的数据...
  获取到 2480 条数据
正在获取博实股份 从20150105 到 20250710 的数据...
  获取到 2536 条数据
正在获取万憬能源 从20150105 到 20250710 的数据...
  获取到 2554 条数据
正在获取奥瑞金 从20150105 到 20250710 的数据...
  获取到 2478 条数据
正在获取海欣食品 从20150105 到 20250710 的数据...
  获取到 2496 条数据
正在获取浙江世宝 从20150105 到 20250710 的数据...
  获取到 2394 条数据
正在获取新宝股份 从20150105 到 20250710 的数据...
  获取到 2556 条数据
正在获取良信股份 从20150105 到 20250710 的数据...
  获取到 2545 条数据
正在获取众信旅游 从20150105 到 20250710 的数据...
  获取到 2387 条数据
正在获取光洋股份 从20150105 到 20250710 的数据...
  获取到 2529 条数据
正在获取天赐材料 从20150105 到 20250710 的数据...
  获取到 2542 条数据
正在获取思美传媒 从20150105 到 20250710 的数据...
  获取到 2363 条数据
正在获取*ST东易 从20150105 到 20250710 的数据...
  获取到 2522 条数据
正在获取牧原股份 从20150105 到 20250710 的数据...
  获取到 2531 条数据
正在获取登云股份 从20150105 到 20250710 的数据...
HTTPConnectionPool(host='api.waditu.com', port=80): Max retries exceeded with url: /dataapi/adj_factor (Caused by NameResolutionError("<urllib3.connection.HTTPConnection object at 0x7f33b4c1ac20>: Failed to resolve 'api.waditu.com' ([Errno -2] Name or service not known)"))
  获取到 2538 条数据
正在获取湖南白银 从20150105 到 20250710 的数据...
  获取到 2365 条数据
正在获取ST岭南 从20150105 到 20250710 的数据...
  获取到 2391 条数据
正在获取友邦吊顶 从20150105 到 20250710 的数据...
  获取到 2531 条数据
正在获取麦趣尔 从20150105 到 20250710 的数据...
  获取到 2327 条数据
正在获取金一文化 从20150105 到 20250710 的数据...
  获取到 2235 条数据
正在获取物产金轮 从20150105 到 20250710 的数据...
  获取到 2474 条数据
正在获取小崧股份 从20150105 到 20250710 的数据...
HTTPConnectionPool(host='api.waditu.com', port=80): Max retries exceeded with url: /dataapi/daily (Caused by NameResolutionError("<urllib3.connection.HTTPConnection object at 0x7f33b4c1b1f0>: Failed to resolve 'api.waditu.com' ([Errno -2] Name or service not known)"))
HTTPConnectionPool(host='api.waditu.com', port=80): Max retries exceeded with url: /dataapi/daily (Caused by NameResolutionError("<urllib3.connection.HTTPConnection object at 0x7f33b4c1abc0>: Failed to resolve 'api.waditu.com' ([Errno -2] Name or service not known)"))
  获取到 2463 条数据
正在获取海洋王 从20150105 到 20250710 的数据...
  获取到 2484 条数据
正在获取跃岭股份 从20150105 到 20250710 的数据...
  获取到 2422 条数据
正在获取龙大美食 从20150105 到 20250710 的数据...
  获取到 2483 条数据
正在获取一心堂 从20150105 到 20250710 的数据...
  获取到 2459 条数据
正在获取特一药业 从20150105 到 20250710 的数据...
  获取到 2463 条数据
正在获取好利科技 从20150105 到 20250710 的数据...
  获取到 2449 条数据
正在获取电光科技 从20150105 到 20250710 的数据...
  获取到 2424 条数据
正在获取萃华珠宝 从20150105 到 20250710 的数据...
  获取到 2537 条数据
正在获取燕塘乳业 从20150105 到 20250710 的数据...
  获取到 2544 条数据
正在获取雄韬股份 从20150105 到 20250710 的数据...
  获取到 2540 条数据
正在获取利民股份 从20150105 到 20250710 的数据...
  获取到 2530 条数据
正在获取王子新材 从20150105 到 20250710 的数据...
  获取到 2331 条数据
正在获取国信证券 从20150105 到 20250710 的数据...
  获取到 2539 条数据
正在获取葵花药业 从20150105 到 20250710 的数据...
  获取到 2556 条数据
正在获取中矿资源 从20150105 到 20250710 的数据...
  获取到 2428 条数据
正在获取万达电影 从20150105 到 20250710 的数据...
  获取到 2093 条数据
正在获取光华科技 从20150105 到 20250710 的数据...
  获取到 2481 条数据
正在获取*ST三圣 从20150105 到 20250710 的数据...
  获取到 2439 条数据
正在获取富煌钢构 从20150105 到 20250710 的数据...
  获取到 2493 条数据
正在获取木林森 从20150105 到 20250710 的数据...
  获取到 2314 条数据
正在获取仙坛股份 从20150105 到 20250710 的数据...
  获取到 2513 条数据
正在获取埃斯顿 从20150105 到 20250710 的数据...
  获取到 2448 条数据
正在获取世龙实业 从20150105 到 20250710 的数据...
  获取到 2489 条数据
正在获取国光股份 从20150105 到 20250710 的数据...
  获取到 2507 条数据
正在获取昇兴股份 从20150105 到 20250710 的数据...
  获取到 2423 条数据
正在获取永东股份 从20150105 到 20250710 的数据...
  获取到 2467 条数据
正在获取奥赛康 从20150105 到 20250710 的数据...
  获取到 2433 条数据
正在获取永兴材料 从20150105 到 20250710 的数据...
  获取到 2334 条数据
正在获取南兴股份 从20150105 到 20250710 的数据...
  获取到 2372 条数据
正在获取浙农股份 从20150105 到 20250710 的数据...
  获取到 2440 条数据
正在获取天际股份 从20150105 到 20250710 的数据...
HTTPConnectionPool(host='api.waditu.com', port=80): Max retries exceeded with url: /dataapi/daily (Caused by NameResolutionError("<urllib3.connection.HTTPConnection object at 0x7f33b4c19b40>: Failed to resolve 'api.waditu.com' ([Errno -2] Name or service not known)"))
  获取到 2381 条数据
正在获取凤形股份 从20150105 到 20250710 的数据...
  获取到 2427 条数据
正在获取浙江建投 从20150105 到 20250710 的数据...
  获取到 2358 条数据
正在获取*ST金比 从20150105 到 20250710 的数据...
  获取到 2324 条数据
正在获取汇洁股份 从20150105 到 20250710 的数据...
  获取到 2451 条数据
正在获取蓝黛科技 从20150105 到 20250710 的数据...
  获取到 2396 条数据
正在获取索菱股份 从20150105 到 20250710 的数据...
  获取到 2303 条数据
正在获取先锋电子 从20150105 到 20250710 的数据...
  获取到 2449 条数据
正在获取国恩股份 从20150105 到 20250710 的数据...
  获取到 2434 条数据
正在获取普路通 从20150105 到 20250710 的数据...
  获取到 2412 条数据
正在获取真视通 从20150105 到 20250710 的数据...
  获取到 2391 条数据
正在获取众兴菌业 从20150105 到 20250710 的数据...
  获取到 2430 条数据
正在获取康弘药业 从20150105 到 20250710 的数据...
  获取到 2440 条数据
正在获取快意电梯 从20150105 到 20250710 的数据...
  获取到 2012 条数据
正在获取文科股份 从20150105 到 20250710 的数据...
  获取到 2428 条数据
正在获取久远银海 从20150105 到 20250710 的数据...
HTTPConnectionPool(host='api.waditu.com', port=80): Max retries exceeded with url: /dataapi/adj_factor (Caused by NameResolutionError("<urllib3.connection.HTTPConnection object at 0x7f33b4c1b760>: Failed to resolve 'api.waditu.com' ([Errno -2] Name or service not known)"))
  获取到 2303 条数据
正在获取中晟高科 从20150105 到 20250710 的数据...
  获取到 2249 条数据
正在获取中坚科技 从20150105 到 20250710 的数据...
  获取到 2285 条数据
正在获取三夫户外 从20150105 到 20250710 的数据...
  获取到 2319 条数据
正在获取可立克 从20150105 到 20250710 的数据...
  获取到 2320 条数据
正在获取凯龙股份 从20150105 到 20250710 的数据...
  获取到 2329 条数据
正在获取万里石 从20150105 到 20250710 的数据...
  获取到 2313 条数据
正在获取银宝山新 从20150105 到 20250710 的数据...
  获取到 2316 条数据
正在获取华源控股 从20150105 到 20250710 的数据...
  获取到 2178 条数据
正在获取鹭燕医药 从20150105 到 20250710 的数据...
  获取到 2278 条数据
正在获取*ST建艺 从20150105 到 20250710 的数据...
  获取到 2267 条数据
正在获取瑞尔特 从20150105 到 20250710 的数据...
  获取到 2271 条数据
正在获取坚朗五金 从20150105 到 20250710 的数据...
  获取到 2256 条数据
正在获取通宇通讯 从20150105 到 20250710 的数据...
  获取到 2257 条数据
正在获取罗欣药业 从20150105 到 20250710 的数据...
  获取到 2233 条数据
正在获取永和智控 从20150105 到 20250710 的数据...
  获取到 2152 条数据
正在获取世嘉科技 从20150105 到 20250710 的数据...
  获取到 2166 条数据
正在获取第一创业 从20150105 到 20250710 的数据...
  获取到 2210 条数据
正在获取帝欧家居 从20150105 到 20250710 的数据...
  获取到 2147 条数据
正在获取环球印务 从20150105 到 20250710 的数据...
  获取到 2148 条数据
正在获取天顺股份 从20150105 到 20250710 的数据...
  获取到 2210 条数据
正在获取微光股份 从20150105 到 20250710 的数据...
  获取到 2199 条数据
正在获取洪汇新材 从20150105 到 20250710 的数据...
  获取到 2194 条数据
正在获取吉宏股份 从20150105 到 20250710 的数据...
  获取到 2129 条数据
正在获取丰元股份 从20150105 到 20250710 的数据...
  获取到 2188 条数据
正在获取华锋股份 从20150105 到 20250710 的数据...
  获取到 2019 条数据
正在获取江阴银行 从20150105 到 20250710 的数据...
  获取到 2139 条数据
正在获取*ST恒久 从20150105 到 20250710 的数据...
  获取到 2160 条数据
正在获取红墙股份 从20150105 到 20250710 的数据...
  获取到 2122 条数据
正在获取山东赫达 从20150105 到 20250710 的数据...
  获取到 2152 条数据
正在获取郑中设计 从20150105 到 20250710 的数据...
  获取到 2143 条数据
正在获取恩捷股份 从20150105 到 20250710 的数据...
HTTPConnectionPool(host='api.waditu.com', port=80): Max retries exceeded with url: /dataapi/adj_factor (Caused by NameResolutionError("<urllib3.connection.HTTPConnection object at 0x7f33b4c1a4a0>: Failed to resolve 'api.waditu.com' ([Errno -2] Name or service not known)"))
  获取到 2053 条数据
正在获取路畅科技 从20150105 到 20250710 的数据...
  获取到 2070 条数据
正在获取崇达技术 从20150105 到 20250710 的数据...
  获取到 2126 条数据
正在获取*ST和科 从20150105 到 20250710 的数据...
  获取到 2012 条数据
正在获取黄山胶囊 从20150105 到 20250710 的数据...
  获取到 2117 条数据
正在获取富森美 从20150105 到 20250710 的数据...
  获取到 2106 条数据
正在获取东方中科 从20150105 到 20250710 的数据...
  获取到 2001 条数据
正在获取桂发祥 从20150105 到 20250710 的数据...
  获取到 2089 条数据
正在获取凯莱英 从20150105 到 20250710 的数据...
  获取到 2099 条数据
正在获取ST中装 从20150105 到 20250710 的数据...
  获取到 2090 条数据
正在获取凯中精密 从20150105 到 20250710 的数据...
  获取到 2078 条数据
正在获取和胜股份 从20150105 到 20250710 的数据...
  获取到 2061 条数据
正在获取纳尔股份 从20150105 到 20250710 的数据...
  获取到 2077 条数据
正在获取易明医药 从20150105 到 20250710 的数据...
  获取到 2079 条数据
正在获取高争民爆 从20150105 到 20250710 的数据...
  获取到 2084 条数据
正在获取贝肯能源 从20150105 到 20250710 的数据...
  获取到 2078 条数据
正在获取星网宇达 从20150105 到 20250710 的数据...
  获取到 2082 条数据
正在获取名雕股份 从20150105 到 20250710 的数据...
  获取到 2082 条数据
正在获取裕同科技 从20150105 到 20250710 的数据...
  获取到 2079 条数据
正在获取比音勒芬 从20150105 到 20250710 的数据...
  获取到 2074 条数据
正在获取弘亚数控 从20150105 到 20250710 的数据...
  获取到 2071 条数据
正在获取同为股份 从20150105 到 20250710 的数据...
  获取到 2071 条数据
正在获取新宏泽 从20150105 到 20250710 的数据...
  获取到 2060 条数据
正在获取英维克 从20150105 到 20250710 的数据...
  获取到 1994 条数据
正在获取道恩股份 从20150105 到 20250710 的数据...
  获取到 2040 条数据
正在获取张家港行 从20150105 到 20250710 的数据...
  获取到 2042 条数据
正在获取华统股份 从20150105 到 20250710 的数据...
  获取到 2063 条数据
正在获取视源股份 从20150105 到 20250710 的数据...
  获取到 2056 条数据
正在获取翔鹭钨业 从20150105 到 20250710 的数据...
  获取到 2052 条数据
正在获取泰嘉股份 从20150105 到 20250710 的数据...
  获取到 2055 条数据
正在获取同兴达 从20150105 到 20250710 的数据...
  获取到 2052 条数据
正在获取英联股份 从20150105 到 20250710 的数据...
  获取到 2048 条数据
正在获取盐津铺子 从20150105 到 20250710 的数据...
  获取到 2047 条数据
正在获取*ST高斯 从20150105 到 20250710 的数据...
  获取到 2040 条数据
正在获取威星智能 从20150105 到 20250710 的数据...
  获取到 2040 条数据
正在获取科达利 从20150105 到 20250710 的数据...
  获取到 2031 条数据
正在获取麦格米特 从20150105 到 20250710 的数据...
  获取到 1949 条数据
正在获取道道全 从20150105 到 20250710 的数据...
  获取到 2025 条数据
正在获取皮阿诺 从20150105 到 20250710 的数据...
  获取到 2021 条数据
正在获取捷荣技术 从20150105 到 20250710 的数据...
  获取到 2018 条数据
正在获取美芝股份 从20150105 到 20250710 的数据...
  获取到 1889 条数据
正在获取三晖电气 从20150105 到 20250710 的数据...
  获取到 1943 条数据
正在获取力盛体育 从20150105 到 20250710 的数据...
  获取到 2007 条数据
正在获取洁美科技 从20150105 到 20250710 的数据...
  获取到 2007 条数据
正在获取星帅尔 从20150105 到 20250710 的数据...
  获取到 1997 条数据
正在获取瀛通通讯 从20150105 到 20250710 的数据...
  获取到 2001 条数据
正在获取实丰文化 从20150105 到 20250710 的数据...
  获取到 2005 条数据
正在获取今飞凯达 从20150105 到 20250710 的数据...
  获取到 2000 条数据
正在获取盘龙药业 从20150105 到 20250710 的数据...
  获取到 1850 条数据
正在获取钧达股份 从20150105 到 20250710 的数据...
  获取到 1995 条数据
正在获取传艺科技 从20150105 到 20250710 的数据...
  获取到 1918 条数据
正在获取周大生 从20150105 到 20250710 的数据...
  获取到 1993 条数据
正在获取*ST绿康 从20150105 到 20250710 的数据...
  获取到 1985 条数据
正在获取金溢科技 从20150105 到 20250710 的数据...
  获取到 1982 条数据
正在获取香山股份 从20150105 到 20250710 的数据...
  获取到 1937 条数据
正在获取伟隆股份 从20150105 到 20250710 的数据...
  获取到 1984 条数据
正在获取ST天圣 从20150105 到 20250710 的数据...
  获取到 1916 条数据
正在获取新天药业 从20150105 到 20250710 的数据...
  获取到 1968 条数据
正在获取安奈儿 从20150105 到 20250710 的数据...
  获取到 1966 条数据
正在获取三利谱 从20150105 到 20250710 的数据...
  获取到 1972 条数据
正在获取智能自控 从20150105 到 20250710 的数据...
  获取到 1969 条数据
正在获取元隆雅图 从20150105 到 20250710 的数据...
  获取到 1964 条数据
正在获取长缆科技 从20150105 到 20250710 的数据...
  获取到 1945 条数据
正在获取卫光生物 从20150105 到 20250710 的数据...
  获取到 1917 条数据
正在获取美格智能 从20150105 到 20250710 的数据...
  获取到 1956 条数据
正在获取金龙羽 从20150105 到 20250710 的数据...
  获取到 1939 条数据
正在获取中设股份 从20150105 到 20250710 的数据...
  获取到 1943 条数据
正在获取凌霄泵业 从20150105 到 20250710 的数据...
  获取到 1937 条数据
正在获取京泉华 从20150105 到 20250710 的数据...
  获取到 1950 条数据
正在获取沃特股份 从20150105 到 20250710 的数据...
  获取到 1950 条数据
正在获取绿茵生态 从20150105 到 20250710 的数据...
  获取到 1928 条数据
正在获取惠威科技 从20150105 到 20250710 的数据...
  获取到 1931 条数据
正在获取东方嘉盛 从20150105 到 20250710 的数据...
  获取到 1929 条数据
正在获取弘宇股份 从20150105 到 20250710 的数据...
  获取到 1917 条数据
正在获取中宠股份 从20150105 到 20250710 的数据...
  获取到 1902 条数据
正在获取科力尔 从20150105 到 20250710 的数据...
  获取到 1914 条数据
正在获取京能热力 从20150105 到 20250710 的数据...
  获取到 1888 条数据
正在获取川恒股份 从20150105 到 20250710 的数据...
  获取到 1906 条数据
正在获取中大力德 从20150105 到 20250710 的数据...
  获取到 1906 条数据
正在获取意华股份 从20150105 到 20250710 的数据...
  获取到 1901 条数据
正在获取*ST赛隆 从20150105 到 20250710 的数据...
  获取到 1897 条数据
正在获取英派斯 从20150105 到 20250710 的数据...
  获取到 1893 条数据
正在获取哈三联 从20150105 到 20250710 的数据...
  获取到 1890 条数据
正在获取大博医疗 从20150105 到 20250710 的数据...
  获取到 1890 条数据
正在获取铭普光磁 从20150105 到 20250710 的数据...
  获取到 1875 条数据
正在获取宇环数控 从20150105 到 20250710 的数据...
  获取到 1879 条数据
正在获取金逸影视 从20150105 到 20250710 的数据...
  获取到 1879 条数据
正在获取华阳集团 从20150105 到 20250710 的数据...
  获取到 1880 条数据
正在获取华森制药 从20150105 到 20250710 的数据...
  获取到 1871 条数据
正在获取德生科技 从20150105 到 20250710 的数据...
  获取到 1873 条数据
正在获取集泰股份 从20150105 到 20250710 的数据...
  获取到 1869 条数据
正在获取庄园牧场 从20150105 到 20250710 的数据...
  获取到 1866 条数据
正在获取佛燃能源 从20150105 到 20250710 的数据...
  获取到 1852 条数据
正在获取中新赛克 从20150105 到 20250710 的数据...
  获取到 1853 条数据
正在获取奥士康 从20150105 到 20250710 的数据...
  获取到 1845 条数据
正在获取中欣氟材 从20150105 到 20250710 的数据...
  获取到 1838 条数据
正在获取深南电路 从20150105 到 20250710 的数据...
  获取到 1835 条数据
正在获取金奥博 从20150105 到 20250710 的数据...
  获取到 1830 条数据
正在获取蒙娜丽莎 从20150105 到 20250710 的数据...
  获取到 1833 条数据
正在获取名臣健康 从20150105 到 20250710 的数据...
  获取到 1832 条数据
正在获取德赛西威 从20150105 到 20250710 的数据...
  获取到 1828 条数据
正在获取联诚精密 从20150105 到 20250710 的数据...
  获取到 1827 条数据
正在获取伊戈尔 从20150105 到 20250710 的数据...
  获取到 1823 条数据
正在获取润都股份 从20150105 到 20250710 的数据...
  获取到 1821 条数据
正在获取盈趣科技 从20150105 到 20250710 的数据...
  获取到 1813 条数据
正在获取华西证券 从20150105 到 20250710 的数据...
  获取到 1800 条数据
正在获取泰永长征 从20150105 到 20250710 的数据...
  获取到 1789 条数据
正在获取华夏航空 从20150105 到 20250710 的数据...
  获取到 1786 条数据
正在获取润建股份 从20150105 到 20250710 的数据...
  获取到 1787 条数据
正在获取宏川智慧 从20150105 到 20250710 的数据...
  获取到 1759 条数据
正在获取锋龙股份 从20150105 到 20250710 的数据...
  获取到 1757 条数据
正在获取明德生物 从20150105 到 20250710 的数据...
  获取到 1699 条数据
正在获取新兴装备 从20150105 到 20250710 的数据...
  获取到 1661 条数据
正在获取天奥电子 从20150105 到 20250710 的数据...
  获取到 1660 条数据
正在获取郑州银行 从20150105 到 20250710 的数据...
  获取到 1648 条数据
正在获取兴瑞科技 从20150105 到 20250710 的数据...
  获取到 1644 条数据
正在获取鹏鼎控股 从20150105 到 20250710 的数据...
  获取到 1649 条数据
正在获取长城证券 从20150105 到 20250710 的数据...
  获取到 1627 条数据
正在获取昂利康 从20150105 到 20250710 的数据...
  获取到 1620 条数据
正在获取新疆交建 从20150105 到 20250710 的数据...
  获取到 1604 条数据
正在获取新农股份 从20150105 到 20250710 的数据...
  获取到 1599 条数据
正在获取宇晶股份 从20150105 到 20250710 的数据...
  获取到 1588 条数据
正在获取华林证券 从20150105 到 20250710 的数据...
  获取到 1570 条数据
正在获取新乳业 从20150105 到 20250710 的数据...
  获取到 1564 条数据
正在获取恒铭达 从20150105 到 20250710 的数据...
  获取到 1559 条数据
正在获取青岛银行 从20150105 到 20250710 的数据...
  获取到 1565 条数据
正在获取华阳国际 从20150105 到 20250710 的数据...
  获取到 1547 条数据
正在获取奥美医疗 从20150105 到 20250710 的数据...
  获取到 1538 条数据
正在获取金时科技 从20150105 到 20250710 的数据...
  获取到 1531 条数据
正在获取亚世光电 从20150105 到 20250710 的数据...
  获取到 1525 条数据
正在获取日丰股份 从20150105 到 20250710 的数据...
  获取到 1499 条数据
正在获取鸿合科技 从20150105 到 20250710 的数据...
  获取到 1485 条数据
正在获取西麦食品 从20150105 到 20250710 的数据...
  获取到 1471 条数据
正在获取科瑞技术 从20150105 到 20250710 的数据...
  获取到 1444 条数据
正在获取青农商行 从20150105 到 20250710 的数据...
  获取到 1527 条数据
正在获取小熊电器 从20150105 到 20250710 的数据...
  获取到 1424 条数据
正在获取青鸟消防 从20150105 到 20250710 的数据...
  获取到 1434 条数据
正在获取瑞达期货 从20150105 到 20250710 的数据...
  获取到 1415 条数据
正在获取五方光电 从20150105 到 20250710 的数据...
  获取到 1408 条数据
正在获取豪尔赛 从20150105 到 20250710 的数据...
  获取到 1384 条数据
正在获取祥鑫科技 从20150105 到 20250710 的数据...
  获取到 1385 条数据
正在获取苏州银行 从20150105 到 20250710 的数据...
  获取到 1439 条数据
正在获取广电计量 从20150105 到 20250710 的数据...
  获取到 1375 条数据
正在获取新大正 从20150105 到 20250710 的数据...
  获取到 1358 条数据
正在获取嘉美包装 从20150105 到 20250710 的数据...
  获取到 1359 条数据
正在获取锐明技术 从20150105 到 20250710 的数据...
  获取到 1348 条数据
正在获取和远气体 从20150105 到 20250710 的数据...
  获取到 1330 条数据
正在获取科安达 从20150105 到 20250710 的数据...
  获取到 1340 条数据
正在获取侨银股份 从20150105 到 20250710 的数据...
  获取到 1335 条数据
正在获取博杰股份 从20150105 到 20250710 的数据...
  获取到 1319 条数据
正在获取瑞玛精密 从20150105 到 20250710 的数据...
  获取到 1297 条数据
正在获取天箭科技 从20150105 到 20250710 的数据...
  获取到 1290 条数据
正在获取安宁股份 从20150105 到 20250710 的数据...
  获取到 1268 条数据
正在获取雷赛智能 从20150105 到 20250710 的数据...
  获取到 1275 条数据
正在获取华盛昌 从20150105 到 20250710 的数据...
  获取到 1270 条数据
正在获取朝阳科技 从20150105 到 20250710 的数据...
  获取到 1268 条数据
正在获取湘佳股份 从20150105 到 20250710 的数据...
  获取到 1263 条数据
正在获取芯瑞达 从20150105 到 20250710 的数据...
  获取到 1261 条数据
正在获取森麒麟 从20150105 到 20250710 的数据...
  获取到 1168 条数据
正在获取北摩高科 从20150105 到 20250710 的数据...
  获取到 1260 条数据
正在获取宇新股份 从20150105 到 20250710 的数据...
  获取到 1239 条数据
正在获取京北方 从20150105 到 20250710 的数据...
  获取到 1257 条数据
正在获取豪美新材 从20150105 到 20250710 的数据...
  获取到 1250 条数据
正在获取中天精装 从20150105 到 20250710 的数据...
  获取到 1231 条数据
正在获取盛视科技 从20150105 到 20250710 的数据...
  获取到 1245 条数据
正在获取甘源食品 从20150105 到 20250710 的数据...
  获取到 1198 条数据
正在获取宝明科技 从20150105 到 20250710 的数据...
  获取到 1197 条数据
正在获取奥海科技 从20150105 到 20250710 的数据...
  获取到 1187 条数据
正在获取天地在线 从20150105 到 20250710 的数据...
  获取到 1186 条数据
正在获取顺博合金 从20150105 到 20250710 的数据...
  获取到 1178 条数据
正在获取瑞鹄模具 从20150105 到 20250710 的数据...
  获取到 1174 条数据
正在获取优彩资源 从20150105 到 20250710 的数据...
  获取到 1158 条数据
正在获取天禾股份 从20150105 到 20250710 的数据...
  获取到 1174 条数据
正在获取劲仔食品 从20150105 到 20250710 的数据...
  获取到 1167 条数据
正在获取中岩大地 从20150105 到 20250710 的数据...
  获取到 1152 条数据
正在获取壶化股份 从20150105 到 20250710 的数据...
  获取到 1161 条数据
正在获取天元股份 从20150105 到 20250710 的数据...
  获取到 1162 条数据
正在获取*ST声迅 从20150105 到 20250710 的数据...
  获取到 1119 条数据
正在获取竞业达 从20150105 到 20250710 的数据...
  获取到 1156 条数据
正在获取百亚股份 从20150105 到 20250710 的数据...
  获取到 1162 条数据
正在获取直真科技 从20150105 到 20250710 的数据...
  获取到 1160 条数据
正在获取开普检测 从20150105 到 20250710 的数据...
  获取到 1160 条数据
正在获取中天火箭 从20150105 到 20250710 的数据...
  获取到 1158 条数据
正在获取若羽臣 从20150105 到 20250710 的数据...
  获取到 1158 条数据
正在获取海象新材 从20150105 到 20250710 的数据...
  获取到 1155 条数据
正在获取东鹏控股 从20150105 到 20250710 的数据...
  获取到 1148 条数据
正在获取地铁设计 从20150105 到 20250710 的数据...
  获取到 1135 条数据
正在获取日久光电 从20150105 到 20250710 的数据...
HTTPConnectionPool(host='api.waditu.com', port=80): Max retries exceeded with url: /dataapi/daily (Caused by NameResolutionError("<urllib3.connection.HTTPConnection object at 0x7f33b4b94220>: Failed to resolve 'api.waditu.com' ([Errno -2] Name or service not known)"))
  获取到 1146 条数据
正在获取欣贺股份 从20150105 到 20250710 的数据...
  获取到 1143 条数据
正在获取大洋生物 从20150105 到 20250710 的数据...
  获取到 1143 条数据
正在获取金富科技 从20150105 到 20250710 的数据...
  获取到 1134 条数据
正在获取宸展光电 从20150105 到 20250710 的数据...
  获取到 1127 条数据
正在获取立方制药 从20150105 到 20250710 的数据...
  获取到 1107 条数据
正在获取兆威机电 从20150105 到 20250710 的数据...
  获取到 1114 条数据
正在获取联泓新科 从20150105 到 20250710 的数据...
  获取到 1112 条数据
正在获取彩虹集团 从20150105 到 20250710 的数据...
  获取到 1109 条数据
正在获取思进智能 从20150105 到 20250710 的数据...
  获取到 1109 条数据
正在获取中晶科技 从20150105 到 20250710 的数据...
  获取到 1104 条数据
正在获取同兴科技 从20150105 到 20250710 的数据...
  获取到 1104 条数据
正在获取振邦智能 从20150105 到 20250710 的数据...
  获取到 1098 条数据
正在获取吉大正元 从20150105 到 20250710 的数据...
  获取到 1100 条数据
正在获取祖名股份 从20150105 到 20250710 的数据...
  获取到 1092 条数据
正在获取中瓷电子 从20150105 到 20250710 的数据...
  获取到 1084 条数据
正在获取*ST传智 从20150105 到 20250710 的数据...
  获取到 1087 条数据
正在获取征和工业 从20150105 到 20250710 的数据...
  获取到 1089 条数据
正在获取南网能源 从20150105 到 20250710 的数据...
  获取到 1083 条数据
正在获取泰坦股份 从20150105 到 20250710 的数据...
  获取到 1076 条数据
正在获取三和管桩 从20150105 到 20250710 的数据...
  获取到 1071 条数据
正在获取鑫铂股份 从20150105 到 20250710 的数据...
  获取到 1067 条数据
正在获取顺控发展 从20150105 到 20250710 的数据...
  获取到 1049 条数据
正在获取楚天龙 从20150105 到 20250710 的数据...
  获取到 1044 条数据
正在获取真爱美家 从20150105 到 20250710 的数据...
  获取到 1034 条数据
正在获取中农联合 从20150105 到 20250710 的数据...
  获取到 1034 条数据
正在获取华亚智能 从20150105 到 20250710 的数据...
  获取到 1029 条数据
正在获取中国广核 从20150105 到 20250710 的数据...
  获取到 1423 条数据
正在获取特锐德 从20150105 到 20250710 的数据...
  获取到 2486 条数据
正在获取神州泰岳 从20150105 到 20250710 的数据...
  获取到 2545 条数据
正在获取乐普医疗 从20150105 到 20250710 的数据...
  获取到 2521 条数据
正在获取南风股份 从20150105 到 20250710 的数据...
  获取到 2450 条数据
正在获取探路者 从20150105 到 20250710 的数据...
  获取到 2484 条数据
正在获取莱美药业 从20150105 到 20250710 的数据...
  获取到 2547 条数据
正在获取汉威科技 从20150105 到 20250710 的数据...
  获取到 2515 条数据
正在获取天海防务 从20150105 到 20250710 的数据...
  获取到 2409 条数据
正在获取安科生物 从20150105 到 20250710 的数据...
  获取到 2494 条数据
正在获取豆神教育 从20150105 到 20250710 的数据...
  获取到 2385 条数据
正在获取鼎汉技术 从20150105 到 20250710 的数据...
  获取到 2473 条数据
正在获取华测检测 从20150105 到 20250710 的数据...
  获取到 2522 条数据
正在获取新宁物流 从20150105 到 20250710 的数据...
  获取到 2483 条数据
正在获取亿纬锂能 从20150105 到 20250710 的数据...
  获取到 2536 条数据
正在获取爱尔眼科 从20150105 到 20250710 的数据...
  获取到 2538 条数据
正在获取北陆药业 从20150105 到 20250710 的数据...
  获取到 2491 条数据
正在获取网宿科技 从20150105 到 20250710 的数据...
  获取到 2512 条数据
正在获取中元股份 从20150105 到 20250710 的数据...
  获取到 2480 条数据
正在获取硅宝科技 从20150105 到 20250710 的数据...
  获取到 2480 条数据
正在获取ST银江 从20150105 到 20250710 的数据...
  获取到 2463 条数据
正在获取大禹节水 从20150105 到 20250710 的数据...
  获取到 2533 条数据
正在获取吉峰科技 从20150105 到 20250710 的数据...
  获取到 2363 条数据
正在获取机器人 从20150105 到 20250710 的数据...
  获取到 2556 条数据
正在获取华星创业 从20150105 到 20250710 的数据...
  获取到 2266 条数据
正在获取红日药业 从20150105 到 20250710 的数据...
  获取到 2484 条数据
正在获取华谊兄弟 从20150105 到 20250710 的数据...
  获取到 2449 条数据
正在获取*ST天龙 从20150105 到 20250710 的数据...
  获取到 2552 条数据
正在获取阳普医疗 从20150105 到 20250710 的数据...
  获取到 2365 条数据
正在获取宝通科技 从20150105 到 20250710 的数据...
  获取到 2427 条数据
正在获取金龙机电 从20150105 到 20250710 的数据...
  获取到 2399 条数据
正在获取同花顺 从20150105 到 20250710 的数据...
  获取到 2555 条数据
正在获取钢研高纳 从20150105 到 20250710 的数据...
  获取到 2467 条数据
正在获取中科电气 从20150105 到 20250710 的数据...
  获取到 2424 条数据
正在获取超图软件 从20150105 到 20250710 的数据...
  获取到 2477 条数据
正在获取新宙邦 从20150105 到 20250710 的数据...
  获取到 2539 条数据
正在获取上海凯宝 从20150105 到 20250710 的数据...
  获取到 2551 条数据
正在获取九洲集团 从20150105 到 20250710 的数据...
  获取到 2417 条数据
正在获取回天新材 从20150105 到 20250710 的数据...
  获取到 2532 条数据
正在获取朗科科技 从20150105 到 20250710 的数据...
  获取到 2544 条数据
正在获取星辉娱乐 从20150105 到 20250710 的数据...
  获取到 2417 条数据
正在获取ST赛为 从20150105 到 20250710 的数据...
  获取到 2424 条数据
正在获取华力创通 从20150105 到 20250710 的数据...
HTTPConnectionPool(host='api.waditu.com', port=80): Max retries exceeded with url: /dataapi/daily (Caused by NameResolutionError("<urllib3.connection.HTTPConnection object at 0x7f33b4b95900>: Failed to resolve 'api.waditu.com' ([Errno -2] Name or service not known)"))
  获取到 2507 条数据
正在获取台基股份 从20150105 到 20250710 的数据...
  获取到 2410 条数据
正在获取天源迪科 从20150105 到 20250710 的数据...
  获取到 2411 条数据
正在获取合康新能 从20150105 到 20250710 的数据...
  获取到 2479 条数据
正在获取福瑞股份 从20150105 到 20250710 的数据...
  获取到 2387 条数据
正在获取世纪鼎利 从20150105 到 20250710 的数据...
  获取到 2464 条数据
正在获取琏升科技 从20150105 到 20250710 的数据...
  获取到 2412 条数据
正在获取ST中青宝 从20150105 到 20250710 的数据...
  获取到 2414 条数据
正在获取航宇微 从20150105 到 20250710 的数据...
  获取到 2468 条数据
正在获取鼎龙股份 从20150105 到 20250710 的数据...
  获取到 2462 条数据
正在获取万邦达 从20150105 到 20250710 的数据...
  获取到 2541 条数据
正在获取中创环保 从20150105 到 20250710 的数据...
  获取到 2382 条数据
正在获取万顺新材 从20150105 到 20250710 的数据...
  获取到 2381 条数据
正在获取蓝色光标 从20150105 到 20250710 的数据...
  获取到 2479 条数据
正在获取东方财富 从20150105 到 20250710 的数据...
  获取到 2500 条数据
正在获取旗天科技 从20150105 到 20250710 的数据...
HTTPConnectionPool(host='api.waditu.com', port=80): Max retries exceeded with url: /dataapi/adj_factor (Caused by NameResolutionError("<urllib3.connection.HTTPConnection object at 0x7f33b4b94f70>: Failed to resolve 'api.waditu.com' ([Errno -2] Name or service not known)"))
HTTPConnectionPool(host='api.waditu.com', port=80): Max retries exceeded with url: /dataapi/adj_factor (Caused by NameResolutionError("<urllib3.connection.HTTPConnection object at 0x7f33b4b97520>: Failed to resolve 'api.waditu.com' ([Errno -2] Name or service not known)"))
  获取到 2425 条数据
正在获取中能电气 从20150105 到 20250710 的数据...
  获取到 2446 条数据
正在获取天龙集团 从20150105 到 20250710 的数据...
  获取到 2307 条数据
正在获取海兰信 从20150105 到 20250710 的数据...
  获取到 2329 条数据
正在获取三川智慧 从20150105 到 20250710 的数据...
  获取到 2553 条数据
正在获取安诺其 从20150105 到 20250710 的数据...
  获取到 2484 条数据
正在获取南都电源 从20150105 到 20250710 的数据...
  获取到 2468 条数据
正在获取金利华电 从20150105 到 20250710 的数据...
  获取到 2429 条数据
正在获取碧水源 从20150105 到 20250710 的数据...
  获取到 2478 条数据
正在获取福石控股 从20150105 到 20250710 的数据...
  获取到 2194 条数据
正在获取海新能科 从20150105 到 20250710 的数据...
  获取到 2536 条数据
正在获取当升科技 从20150105 到 20250710 的数据...
  获取到 2459 条数据
正在获取华平股份 从20150105 到 20250710 的数据...
  获取到 2503 条数据
正在获取数字政通 从20150105 到 20250710 的数据...
  获取到 2530 条数据
正在获取GQY视讯 从20150105 到 20250710 的数据...
  获取到 2425 条数据
正在获取国民技术 从20150105 到 20250710 的数据...
  获取到 2529 条数据
正在获取思创医惠 从20150105 到 20250710 的数据...
  获取到 2472 条数据
正在获取数码视讯 从20150105 到 20250710 的数据...
  获取到 2538 条数据
正在获取易成新能 从20150105 到 20250710 的数据...
  获取到 2275 条数据
正在获取恒信东方 从20150105 到 20250710 的数据...
  获取到 2387 条数据
正在获取奥克股份 从20150105 到 20250710 的数据...
  获取到 2538 条数据
正在获取创世纪 从20150105 到 20250710 的数据...
  获取到 2429 条数据
正在获取海默科技 从20150105 到 20250710 的数据...
  获取到 2504 条数据
正在获取银之杰 从20150105 到 20250710 的数据...
  获取到 2428 条数据
正在获取康芝药业 从20150105 到 20250710 的数据...
  获取到 2422 条数据
正在获取荃银高科 从20150105 到 20250710 的数据...
  获取到 2358 条数据
正在获取长信科技 从20150105 到 20250710 的数据...
  获取到 2225 条数据
正在获取金通灵 从20150105 到 20250710 的数据...
  获取到 2469 条数据
正在获取科新机电 从20150105 到 20250710 的数据...
  获取到 2399 条数据
正在获取*ST金刚 从20150105 到 20250710 的数据...
  获取到 2378 条数据
正在获取国联水产 从20150105 到 20250710 的数据...
  获取到 2450 条数据
正在获取华伍股份 从20150105 到 20250710 的数据...
  获取到 2484 条数据
正在获取ST易联众 从20150105 到 20250710 的数据...
  获取到 2426 条数据
正在获取ST智云 从20150105 到 20250710 的数据...
  获取到 2471 条数据
正在获取高新兴 从20150105 到 20250710 的数据...
HTTPConnectionPool(host='api.waditu.com', port=80): Max retries exceeded with url: /dataapi/adj_factor (Caused by NameResolutionError("<urllib3.connection.HTTPConnection object at 0x7f33b4b95a80>: Failed to resolve 'api.waditu.com' ([Errno -2] Name or service not known)"))
  获取到 2410 条数据
正在获取尤洛卡 从20150105 到 20250710 的数据...
  获取到 2441 条数据
正在获取双林股份 从20150105 到 20250710 的数据...
  获取到 2362 条数据
正在获取振芯科技 从20150105 到 20250710 的数据...
  获取到 2487 条数据
正在获取乾照光电 从20150105 到 20250710 的数据...
  获取到 2526 条数据
正在获取达刚控股 从20150105 到 20250710 的数据...
  获取到 2497 条数据
正在获取龙源技术 从20150105 到 20250710 的数据...
  获取到 2556 条数据
正在获取西部牧业 从20150105 到 20250710 的数据...
  获取到 2537 条数据
正在获取建新股份 从20150105 到 20250710 的数据...
  获取到 2556 条数据
正在获取新开源 从20150105 到 20250710 的数据...
  获取到 2309 条数据
正在获取华仁药业 从20150105 到 20250710 的数据...
  获取到 2324 条数据
正在获取向日葵 从20150105 到 20250710 的数据...
  获取到 2358 条数据
正在获取万讯自控 从20150105 到 20250710 的数据...
HTTPConnectionPool(host='api.waditu.com', port=80): Max retries exceeded with url: /dataapi/daily (Caused by NameResolutionError("<urllib3.connection.HTTPConnection object at 0x7f33b4b97b20>: Failed to resolve 'api.waditu.com' ([Errno -2] Name or service not known)"))
  获取到 2452 条数据
正在获取顺网科技 从20150105 到 20250710 的数据...
  获取到 2461 条数据
正在获取长盈精密 从20150105 到 20250710 的数据...
  获取到 2534 条数据
正在获取东方日升 从20150105 到 20250710 的数据...
  获取到 2459 条数据
正在获取瑞普生物 从20150105 到 20250710 的数据...
  获取到 2521 条数据
正在获取经纬辉开 从20150105 到 20250710 的数据...
  获取到 2443 条数据
正在获取阳谷华泰 从20150105 到 20250710 的数据...
  获取到 2510 条数据
正在获取智飞生物 从20150105 到 20250710 的数据...
  获取到 2552 条数据
正在获取亚光科技 从20150105 到 20250710 的数据...
  获取到 2320 条数据
正在获取汇川技术 从20150105 到 20250710 的数据...
  获取到 2543 条数据
正在获取*ST聆达 从20150105 到 20250710 的数据...
  获取到 2448 条数据
正在获取锐奇股份 从20150105 到 20250710 的数据...
  获取到 2467 条数据
正在获取银河磁体 从20150105 到 20250710 的数据...
  获取到 2556 条数据
正在获取锦富技术 从20150105 到 20250710 的数据...
  获取到 2446 条数据
正在获取泰胜风能 从20150105 到 20250710 的数据...
  获取到 2514 条数据
正在获取新国都 从20150105 到 20250710 的数据...
  获取到 2520 条数据
正在获取英唐智控 从20150105 到 20250710 的数据...
  获取到 2290 条数据
正在获取青松股份 从20150105 到 20250710 的数据...
  获取到 2445 条数据
正在获取华策影视 从20150105 到 20250710 的数据...
  获取到 2547 条数据
正在获取大富科技 从20150105 到 20250710 的数据...
  获取到 2222 条数据
正在获取宝利国际 从20150105 到 20250710 的数据...
  获取到 2475 条数据
正在获取信维通信 从20150105 到 20250710 的数据...
  获取到 2516 条数据
正在获取ST先河 从20150105 到 20250710 的数据...
  获取到 2541 条数据
正在获取晨光生物 从20150105 到 20250710 的数据...
HTTPConnectionPool(host='api.waditu.com', port=80): Max retries exceeded with url: /dataapi/daily (Caused by NameResolutionError("<urllib3.connection.HTTPConnection object at 0x7f33b4b970a0>: Failed to resolve 'api.waditu.com' ([Errno -2] Name or service not known)"))
  获取到 2556 条数据
正在获取晓程科技 从20150105 到 20250710 的数据...
  获取到 2556 条数据
正在获取节能环境 从20150105 到 20250710 的数据...
  获取到 2365 条数据
正在获取和顺电气 从20150105 到 20250710 的数据...
  获取到 2459 条数据
正在获取沃森生物 从20150105 到 20250710 的数据...
  获取到 2310 条数据
正在获取盈康生命 从20150105 到 20250710 的数据...
  获取到 2335 条数据
正在获取宋城演艺 从20150105 到 20250710 的数据...
  获取到 2481 条数据
正在获取南方泵业 从20150105 到 20250710 的数据...
HTTPConnectionPool(host='api.waditu.com', port=80): Max retries exceeded with url: /dataapi/daily (Caused by NameResolutionError("<urllib3.connection.HTTPConnection object at 0x7f33b4b95b10>: Failed to resolve 'api.waditu.com' ([Errno -2] Name or service not known)"))
  获取到 2408 条数据
正在获取汤臣倍健 从20150105 到 20250710 的数据...
  获取到 2434 条数据
正在获取ST香雪 从20150105 到 20250710 的数据...
  获取到 2545 条数据
正在获取天舟文化 从20150105 到 20250710 的数据...
  获取到 2300 条数据
正在获取睿智医药 从20150105 到 20250710 的数据...
  获取到 2148 条数据
正在获取世纪瑞尔 从20150105 到 20250710 的数据...
  获取到 2367 条数据
正在获取昌红科技 从20150105 到 20250710 的数据...
  获取到 2464 条数据
正在获取ST新动力 从20150105 到 20250710 的数据...
  获取到 2357 条数据
正在获取科泰电源 从20150105 到 20250710 的数据...
  获取到 2490 条数据
正在获取瑞凌股份 从20150105 到 20250710 的数据...
  获取到 2532 条数据
正在获取安居宝 从20150105 到 20250710 的数据...
  获取到 2532 条数据
正在获取新锦动力 从20150105 到 20250710 的数据...
  获取到 2453 条数据
正在获取振东制药 从20150105 到 20250710 的数据...
  获取到 2422 条数据
正在获取*ST新研 从20150105 到 20250710 的数据...
  获取到 2422 条数据
正在获取秀强股份 从20150105 到 20250710 的数据...
  获取到 2545 条数据
正在获取华中数控 从20150105 到 20250710 的数据...
  获取到 2464 条数据
正在获取雷曼光电 从20150105 到 20250710 的数据...
  获取到 2402 条数据
正在获取先锋新材 从20150105 到 20250710 的数据...
  获取到 2203 条数据
正在获取通源石油 从20150105 到 20250710 的数据...
  获取到 2333 条数据
正在获取ST天瑞 从20150105 到 20250710 的数据...
  获取到 2480 条数据
正在获取东方国信 从20150105 到 20250710 的数据...
  获取到 2458 条数据
正在获取ST迪威迅 从20150105 到 20250710 的数据...
  获取到 2475 条数据
正在获取万达信息 从20150105 到 20250710 的数据...
  获取到 2394 条数据
正在获取天晟新材 从20150105 到 20250710 的数据...
  获取到 2424 条数据
正在获取汉得信息 从20150105 到 20250710 的数据...
  获取到 2529 条数据
正在获取东富龙 从20150105 到 20250710 的数据...
  获取到 2552 条数据
正在获取中电环保 从20150105 到 20250710 的数据...
  获取到 2554 条数据
正在获取福能东方 从20150105 到 20250710 的数据...
  获取到 2316 条数据
正在获取元力股份 从20150105 到 20250710 的数据...
  获取到 2512 条数据
正在获取ST朗源 从20150105 到 20250710 的数据...
  获取到 2523 条数据
正在获取鸿特科技 从20150105 到 20250710 的数据...
  获取到 2419 条数据
正在获取中海达 从20150105 到 20250710 的数据...
  获取到 2485 条数据
正在获取四方达 从20150105 到 20250710 的数据...
  获取到 2414 条数据
正在获取华峰超纤 从20150105 到 20250710 的数据...
  获取到 2392 条数据
正在获取佐力药业 从20150105 到 20250710 的数据...
HTTPConnectionPool(host='api.waditu.com', port=80): Max retries exceeded with url: /dataapi/daily (Caused by NameResolutionError("<urllib3.connection.HTTPConnection object at 0x7f33b4b970a0>: Failed to resolve 'api.waditu.com' ([Errno -2] Name or service not known)"))
  获取到 2466 条数据
正在获取捷成股份 从20150105 到 20250710 的数据...
  获取到 2510 条数据
正在获取东软载波 从20150105 到 20250710 的数据...
  获取到 2546 条数据
正在获取力源信息 从20150105 到 20250710 的数据...
  获取到 2285 条数据
正在获取通裕重工 从20150105 到 20250710 的数据...
  获取到 2512 条数据
正在获取永清环保 从20150105 到 20250710 的数据...
  获取到 2360 条数据
正在获取国投智能 从20150105 到 20250710 的数据...
  获取到 2474 条数据
正在获取神农种业 从20150105 到 20250710 的数据...
  获取到 2314 条数据
正在获取维尔利 从20150105 到 20250710 的数据...
  获取到 2390 条数据
正在获取潜能恒信 从20150105 到 20250710 的数据...
  获取到 2489 条数据
正在获取科德教育 从20150105 到 20250710 的数据...
  获取到 2299 条数据
正在获取佳士科技 从20150105 到 20250710 的数据...
  获取到 2546 条数据
正在获取福安药业 从20150105 到 20250710 的数据...
  获取到 2482 条数据
正在获取长荣股份 从20150105 到 20250710 的数据...
  获取到 2492 条数据
正在获取长海股份 从20150105 到 20250710 的数据...
  获取到 2457 条数据
正在获取节能铁汉 从20150105 到 20250710 的数据...
  获取到 2243 条数据
正在获取ST纳川 从20150105 到 20250710 的数据...
  获取到 2325 条数据
正在获取翰宇药业 从20150105 到 20250710 的数据...
  获取到 2533 条数据
正在获取高盟新材 从20150105 到 20250710 的数据...
HTTPConnectionPool(host='api.waditu.com', port=80): Max retries exceeded with url: /dataapi/adj_factor (Caused by NameResolutionError("<urllib3.connection.HTTPConnection object at 0x7f33b4c68af0>: Failed to resolve 'api.waditu.com' ([Errno -2] Name or service not known)"))
  获取到 2504 条数据
正在获取海伦哲 从20150105 到 20250710 的数据...
  获取到 2269 条数据
正在获取聚光科技 从20150105 到 20250710 的数据...
  获取到 2476 条数据
正在获取舒泰神 从20150105 到 20250710 的数据...
  获取到 2556 条数据
正在获取*ST天喻 从20150105 到 20250710 的数据...
  获取到 2524 条数据
正在获取理邦仪器 从20150105 到 20250710 的数据...
  获取到 2554 条数据
正在获取欣旺达 从20150105 到 20250710 的数据...
  获取到 2533 条数据
正在获取中程退 从20150105 到 20250710 的数据...
  获取到 2388 条数据
正在获取有棵树 从20150105 到 20250710 的数据...
  获取到 2287 条数据
正在获取森远股份 从20150105 到 20250710 的数据...
  获取到 2554 条数据
正在获取*ST亿通 从20150105 到 20250710 的数据...
  获取到 2537 条数据
正在获取易华录 从20150105 到 20250710 的数据...
  获取到 2442 条数据
正在获取佳讯飞鸿 从20150105 到 20250710 的数据...
  获取到 2400 条数据
正在获取日科化学 从20150105 到 20250710 的数据...
  获取到 2510 条数据
正在获取电科院 从20150105 到 20250710 的数据...
  获取到 2522 条数据
正在获取东方电热 从20150105 到 20250710 的数据...
  获取到 2542 条数据
正在获取安利股份 从20150105 到 20250710 的数据...
  获取到 2544 条数据
正在获取鸿利智汇 从20150105 到 20250710 的数据...
HTTPConnectionPool(host='api.waditu.com', port=80): Max retries exceeded with url: /dataapi/daily (Caused by NameResolutionError("<urllib3.connection.HTTPConnection object at 0x7f33b4c68c40>: Failed to resolve 'api.waditu.com' ([Errno -2] Name or service not known)"))
  获取到 2427 条数据
正在获取金运激光 从20150105 到 20250710 的数据...
  获取到 2416 条数据
正在获取银禧科技 从20150105 到 20250710 的数据...
  获取到 2487 条数据
正在获取科大智能 从20150105 到 20250710 的数据...
  获取到 2363 条数据
正在获取北京君正 从20150105 到 20250710 的数据...
HTTPConnectionPool(host='api.waditu.com', port=80): Max retries exceeded with url: /dataapi/adj_factor (Caused by NameResolutionError("<urllib3.connection.HTTPConnection object at 0x7f33b4c68430>: Failed to resolve 'api.waditu.com' ([Errno -2] Name or service not known)"))
  获取到 2334 条数据
正在获取正海磁材 从20150105 到 20250710 的数据...
  获取到 2542 条数据
正在获取*ST金泰 从20150105 到 20250710 的数据...
  获取到 2344 条数据
正在获取上海钢联 从20150105 到 20250710 的数据...
  获取到 2447 条数据
正在获取光韵达 从20150105 到 20250710 的数据...
  获取到 2463 条数据
正在获取富瑞特装 从20150105 到 20250710 的数据...
  获取到 2490 条数据
正在获取拓尔思 从20150105 到 20250710 的数据...
  获取到 2473 条数据
正在获取永利股份 从20150105 到 20250710 的数据...
  获取到 2492 条数据
正在获取银信科技 从20150105 到 20250710 的数据...
  获取到 2540 条数据
正在获取洲明科技 从20150105 到 20250710 的数据...
  获取到 2474 条数据
正在获取金城医药 从20150105 到 20250710 的数据...
  获取到 2456 条数据
正在获取开尔新材 从20150105 到 20250710 的数据...
  获取到 2467 条数据
正在获取方直科技 从20150105 到 20250710 的数据...
  获取到 2420 条数据
正在获取上海新阳 从20150105 到 20250710 的数据...
  获取到 2552 条数据
正在获取美晨科技 从20150105 到 20250710 的数据...
  获取到 2515 条数据
正在获取冠昊生物 从20150105 到 20250710 的数据...
  获取到 2329 条数据
正在获取东宝生物 从20150105 到 20250710 的数据...
  获取到 2492 条数据
正在获取飞力达 从20150105 到 20250710 的数据...
  获取到 2405 条数据
正在获取瑞丰光电 从20150105 到 20250710 的数据...
  获取到 2488 条数据
正在获取佳云科技 从20150105 到 20250710 的数据...
  获取到 2367 条数据
正在获取瑞丰高材 从20150105 到 20250710 的数据...
  获取到 2452 条数据
正在获取迪安诊断 从20150105 到 20250710 的数据...
  获取到 2538 条数据
正在获取天玑科技 从20150105 到 20250710 的数据...
  获取到 2545 条数据
正在获取宝莱特 从20150105 到 20250710 的数据...
  获取到 2552 条数据
正在获取融捷健康 从20150105 到 20250710 的数据...
  获取到 2374 条数据
正在获取新开普 从20150105 到 20250710 的数据...
  获取到 2498 条数据
正在获取依米康 从20150105 到 20250710 的数据...
  获取到 2501 条数据
正在获取初灵信息 从20150105 到 20250710 的数据...
  获取到 2493 条数据
正在获取光线传媒 从20150105 到 20250710 的数据...
  获取到 2516 条数据
正在获取金信诺 从20150105 到 20250710 的数据...
  获取到 2452 条数据
正在获取卫宁健康 从20150105 到 20250710 的数据...
  获取到 2537 条数据
正在获取仟源医药 从20150105 到 20250710 的数据...
  获取到 2536 条数据
正在获取常山药业 从20150105 到 20250710 的数据...
  获取到 2528 条数据
正在获取星星科技 从20150105 到 20250710 的数据...
  获取到 2521 条数据
正在获取开山股份 从20150105 到 20250710 的数据...
  获取到 2506 条数据
正在获取精锻科技 从20150105 到 20250710 的数据...
  获取到 2556 条数据
正在获取新天科技 从20150105 到 20250710 的数据...
  获取到 2533 条数据
正在获取新莱应材 从20150105 到 20250710 的数据...
  获取到 2478 条数据
正在获取雅本化学 从20150105 到 20250710 的数据...
  获取到 2476 条数据
正在获取隆华科技 从20150105 到 20250710 的数据...
  获取到 2482 条数据
正在获取佳创视讯 从20150105 到 20250710 的数据...
  获取到 2546 条数据
正在获取通光线缆 从20150105 到 20250710 的数据...
  获取到 2435 条数据
正在获取兴源环境 从20150105 到 20250710 的数据...
  获取到 2246 条数据
正在获取尔康制药 从20150105 到 20250710 的数据...
  获取到 2421 条数据
正在获取*ST佳沃 从20150105 到 20250710 的数据...
  获取到 2419 条数据
正在获取联建光电 从20150105 到 20250710 的数据...
  获取到 2404 条数据
正在获取中威电子 从20150105 到 20250710 的数据...
  获取到 2546 条数据
正在获取华宇软件 从20150105 到 20250710 的数据...
  获取到 2424 条数据
正在获取开能健康 从20150105 到 20250710 的数据...
  获取到 2400 条数据
正在获取阳光电源 从20150105 到 20250710 的数据...
  获取到 2535 条数据
正在获取梅安森 从20150105 到 20250710 的数据...
  获取到 2547 条数据
正在获取三丰智能 从20150105 到 20250710 的数据...
  获取到 2418 条数据
正在获取海联讯 从20150105 到 20250710 的数据...
  获取到 2519 条数据
正在获取华昌达 从20150105 到 20250710 的数据...
  获取到 2200 条数据
正在获取和晶科技 从20150105 到 20250710 的数据...
  获取到 2385 条数据
正在获取*ST紫天 从20150105 到 20250710 的数据...
  获取到 2187 条数据
正在获取金明精机 从20150105 到 20250710 的数据...
  获取到 2500 条数据
正在获取温州宏丰 从20150105 到 20250710 的数据...
  获取到 2519 条数据
正在获取苏交科 从20150105 到 20250710 的数据...
  获取到 2472 条数据
正在获取国瓷材料 从20150105 到 20250710 的数据...
  获取到 2423 条数据
正在获取安科瑞 从20150105 到 20250710 的数据...
  获取到 2551 条数据
正在获取飞利信 从20150105 到 20250710 的数据...
  获取到 2471 条数据
正在获取朗玛信息 从20150105 到 20250710 的数据...
  获取到 2456 条数据
正在获取利德曼 从20150105 到 20250710 的数据...
  获取到 2522 条数据
正在获取荣科科技 从20150105 到 20250710 的数据...
  获取到 2328 条数据
正在获取百纳千成 从20150105 到 20250710 的数据...
  获取到 2410 条数据
正在获取吴通控股 从20150105 到 20250710 的数据...
  获取到 2355 条数据
正在获取蓝英装备 从20150105 到 20250710 的数据...
  获取到 2465 条数据
正在获取博雅生物 从20150105 到 20250710 的数据...
HTTPConnectionPool(host='api.waditu.com', port=80): Max retries exceeded with url: /dataapi/daily (Caused by NameResolutionError("<urllib3.connection.HTTPConnection object at 0x7f33b4c68700>: Failed to resolve 'api.waditu.com' ([Errno -2] Name or service not known)"))
  获取到 2433 条数据
正在获取三六五网 从20150105 到 20250710 的数据...
  获取到 2499 条数据
正在获取利亚德 从20150105 到 20250710 的数据...
  获取到 2484 条数据
正在获取三诺生物 从20150105 到 20250710 的数据...
HTTPConnectionPool(host='api.waditu.com', port=80): Max retries exceeded with url: /dataapi/daily (Caused by NameResolutionError("<urllib3.connection.HTTPConnection object at 0x7f33b4c68ac0>: Failed to resolve 'api.waditu.com' ([Errno -2] Name or service not known)"))
  获取到 2356 条数据
正在获取富春股份 从20150105 到 20250710 的数据...
  获取到 2287 条数据
正在获取ST峡创 从20150105 到 20250710 的数据...
  获取到 2358 条数据
正在获取*ST长方 从20150105 到 20250710 的数据...
  获取到 2467 条数据
正在获取同有科技 从20150105 到 20250710 的数据...
  获取到 2526 条数据
正在获取聚飞光电 从20150105 到 20250710 的数据...
  获取到 2540 条数据
正在获取云意电气 从20150105 到 20250710 的数据...
  获取到 2533 条数据
正在获取裕兴股份 从20150105 到 20250710 的数据...
  获取到 2556 条数据
正在获取远方信息 从20150105 到 20250710 的数据...
  获取到 2465 条数据
正在获取慈星股份 从20150105 到 20250710 的数据...
  获取到 2520 条数据
正在获取中际旭创 从20150105 到 20250710 的数据...
  获取到 2392 条数据
正在获取宜通世纪 从20150105 到 20250710 的数据...
  获取到 2398 条数据
正在获取ST任子行 从20150105 到 20250710 的数据...
  获取到 2471 条数据
正在获取*ST天山 从20150105 到 20250710 的数据...
  获取到 2314 条数据
正在获取戴维医疗 从20150105 到 20250710 的数据...
  获取到 2548 条数据
正在获取掌趣科技 从20150105 到 20250710 的数据...
  获取到 2404 条数据
正在获取晶盛机电 从20150105 到 20250710 的数据...
  获取到 2453 条数据
正在获取珈伟新能 从20150105 到 20250710 的数据...
  获取到 2346 条数据
正在获取博晖创新 从20150105 到 20250710 的数据...
  获取到 2551 条数据
正在获取麦捷科技 从20150105 到 20250710 的数据...
  获取到 2418 条数据
正在获取海达股份 从20150105 到 20250710 的数据...
  获取到 2461 条数据
正在获取同大股份 从20150105 到 20250710 的数据...
  获取到 2556 条数据
正在获取硕贝德 从20150105 到 20250710 的数据...
  获取到 2298 条数据
正在获取华灿光电 从20150105 到 20250710 的数据...
  获取到 2270 条数据
正在获取旋极信息 从20150105 到 20250710 的数据...
  获取到 2334 条数据
正在获取ST凯利 从20150105 到 20250710 的数据...
  获取到 2450 条数据
正在获取中颖电子 从20150105 到 20250710 的数据...
  获取到 2551 条数据
正在获取宜安科技 从20150105 到 20250710 的数据...
  获取到 2519 条数据
正在获取海伦钢琴 从20150105 到 20250710 的数据...
  获取到 2542 条数据
正在获取苏大维格 从20150105 到 20250710 的数据...
  获取到 2412 条数据
正在获取天壕能源 从20150105 到 20250710 的数据...
  获取到 2441 条数据
正在获取兆日科技 从20150105 到 20250710 的数据...
  获取到 2556 条数据
正在获取津膜科技 从20150105 到 20250710 的数据...
  获取到 2400 条数据
正在获取迪森股份 从20150105 到 20250710 的数据...
  获取到 2443 条数据
正在获取银邦股份 从20150105 到 20250710 的数据...
  获取到 2498 条数据
正在获取ST开元 从20150105 到 20250710 的数据...
  获取到 2448 条数据
正在获取润和软件 从20150105 到 20250710 的数据...
  获取到 2469 条数据
正在获取科恒股份 从20150105 到 20250710 的数据...
  获取到 2387 条数据
正在获取麦克奥迪 从20150105 到 20250710 的数据...
  获取到 2527 条数据
正在获取天银机电 从20150105 到 20250710 的数据...
  获取到 2492 条数据
正在获取ST联创 从20150105 到 20250710 的数据...
  获取到 2308 条数据
正在获取ST立方 从20150105 到 20250710 的数据...
  获取到 2433 条数据
正在获取华民股份 从20150105 到 20250710 的数据...
  获取到 2481 条数据
正在获取南大光电 从20150105 到 20250710 的数据...
  获取到 2492 条数据
正在获取泰格医药 从20150105 到 20250710 的数据...
  获取到 2510 条数据
正在获取长亮科技 从20150105 到 20250710 的数据...
  获取到 2443 条数据
正在获取金卡智能 从20150105 到 20250710 的数据...
  获取到 2396 条数据
正在获取华鹏飞 从20150105 到 20250710 的数据...
  获取到 2476 条数据
正在获取永贵电器 从20150105 到 20250710 的数据...
  获取到 2453 条数据
正在获取北信源 从20150105 到 20250710 的数据...
  获取到 2493 条数据
正在获取东土科技 从20150105 到 20250710 的数据...
  获取到 2328 条数据
正在获取东华测试 从20150105 到 20250710 的数据...
  获取到 2556 条数据
正在获取蒙草生态 从20150105 到 20250710 的数据...
  获取到 2498 条数据
正在获取我武生物 从20150105 到 20250710 的数据...
  获取到 2556 条数据
正在获取楚天科技 从20150105 到 20250710 的数据...
  获取到 2494 条数据
正在获取全通教育 从20150105 到 20250710 的数据...
  获取到 2463 条数据
正在获取炬华科技 从20150105 到 20250710 的数据...
  获取到 2468 条数据
正在获取博腾股份 从20150105 到 20250710 的数据...
  获取到 2446 条数据
正在获取中文在线 从20150105 到 20250710 的数据...
  获取到 2383 条数据
正在获取恒华科技 从20150105 到 20250710 的数据...
  获取到 2493 条数据
正在获取创意信息 从20150105 到 20250710 的数据...
  获取到 2373 条数据
正在获取汇金股份 从20150105 到 20250710 的数据...
  获取到 2453 条数据
正在获取绿盟科技 从20150105 到 20250710 的数据...
  获取到 2538 条数据
正在获取安控科技 从20150105 到 20250710 的数据...
  获取到 2504 条数据
正在获取汇中股份 从20150105 到 20250710 的数据...
  获取到 2556 条数据
正在获取扬杰科技 从20150105 到 20250710 的数据...
  获取到 2514 条数据
正在获取中铁装配 从20150105 到 20250710 的数据...
  获取到 2376 条数据
正在获取鹏翎股份 从20150105 到 20250710 的数据...
  获取到 2514 条数据
正在获取ST易事特 从20150105 到 20250710 的数据...
  获取到 2441 条数据
正在获取赢时胜 从20150105 到 20250710 的数据...
  获取到 2509 条数据
正在获取鼎捷数智 从20150105 到 20250710 的数据...
  获取到 2551 条数据
正在获取*ST东通 从20150105 到 20250710 的数据...
  获取到 2489 条数据
正在获取安硕信息 从20150105 到 20250710 的数据...
  获取到 2556 条数据
正在获取溢多利 从20150105 到 20250710 的数据...
  获取到 2467 条数据
正在获取斯莱克 从20150105 到 20250710 的数据...
  获取到 2549 条数据
正在获取光环新网 从20150105 到 20250710 的数据...
HTTPConnectionPool(host='api.waditu.com', port=80): Max retries exceeded with url: /dataapi/adj_factor (Caused by NameResolutionError("<urllib3.connection.HTTPConnection object at 0x7f33b4c6a440>: Failed to resolve 'api.waditu.com' ([Errno -2] Name or service not known)"))
  获取到 2368 条数据
正在获取三联虹普 从20150105 到 20250710 的数据...
  获取到 2441 条数据
正在获取雪浪环境 从20150105 到 20250710 的数据...
  获取到 2544 条数据
正在获取飞天诚信 从20150105 到 20250710 的数据...
  获取到 2556 条数据
正在获取富邦科技 从20150105 到 20250710 的数据...
  获取到 2465 条数据
正在获取节能国祯 从20150105 到 20250710 的数据...
  获取到 2511 条数据
正在获取艾比森 从20150105 到 20250710 的数据...
  获取到 2556 条数据
正在获取天华新能 从20150105 到 20250710 的数据...
  获取到 2486 条数据
正在获取*ST长药 从20150105 到 20250710 的数据...
  获取到 2452 条数据
正在获取中来股份 从20150105 到 20250710 的数据...
  获取到 2544 条数据
正在获取天孚通信 从20150105 到 20250710 的数据...
  获取到 2513 条数据
正在获取菲利华 从20150105 到 20250710 的数据...
  获取到 2556 条数据
正在获取迪瑞医疗 从20150105 到 20250710 的数据...
  获取到 2494 条数据
正在获取天和防务 从20150105 到 20250710 的数据...
  获取到 2517 条数据
正在获取飞凯材料 从20150105 到 20250710 的数据...
  获取到 2461 条数据
正在获取天利科技 从20150105 到 20250710 的数据...
  获取到 2541 条数据
正在获取劲拓股份 从20150105 到 20250710 的数据...
  获取到 2556 条数据
正在获取花园生物 从20150105 到 20250710 的数据...
  获取到 2539 条数据
正在获取宝色股份 从20150105 到 20250710 的数据...
  获取到 2469 条数据
正在获取汉宇集团 从20150105 到 20250710 的数据...
HTTPConnectionPool(host='api.waditu.com', port=80): Max retries exceeded with url: /dataapi/daily (Caused by NameResolutionError("<urllib3.connection.HTTPConnection object at 0x7f33b4c6aec0>: Failed to resolve 'api.waditu.com' ([Errno -2] Name or service not known)"))
  获取到 2556 条数据
正在获取博济医药 从20150105 到 20250710 的数据...
  获取到 2414 条数据
正在获取科隆股份 从20150105 到 20250710 的数据...
  获取到 2469 条数据
正在获取九强生物 从20150105 到 20250710 的数据...
  获取到 2556 条数据
正在获取凯发电气 从20150105 到 20250710 的数据...
  获取到 2437 条数据
正在获取三环集团 从20150105 到 20250710 的数据...
  获取到 2546 条数据
正在获取道氏技术 从20150105 到 20250710 的数据...
  获取到 2466 条数据
正在获取正业科技 从20150105 到 20250710 的数据...
  获取到 2336 条数据
正在获取金盾股份 从20150105 到 20250710 的数据...
  获取到 2275 条数据
正在获取迦南科技 从20150105 到 20250710 的数据...
  获取到 2461 条数据
正在获取芒果超媒 从20150105 到 20250710 的数据...
  获取到 2284 条数据
正在获取中光防雷 从20150105 到 20250710 的数据...
  获取到 2262 条数据
正在获取伊之密 从20150105 到 20250710 的数据...
  获取到 2533 条数据
正在获取苏试试验 从20150105 到 20250710 的数据...
  获取到 2534 条数据
正在获取南华仪器 从20150105 到 20250710 的数据...
  获取到 2542 条数据
正在获取昆仑万维 从20150105 到 20250710 的数据...
  获取到 2473 条数据
正在获取ST浩丰 从20150105 到 20250710 的数据...
  获取到 2431 条数据
正在获取五洋自控 从20150105 到 20250710 的数据...
  获取到 2369 条数据
正在获取力星股份 从20150105 到 20250710 的数据...
  获取到 2484 条数据
正在获取博世科 从20150105 到 20250710 的数据...
  获取到 2503 条数据
正在获取昇辉科技 从20150105 到 20250710 的数据...
  获取到 2257 条数据
正在获取航新科技 从20150105 到 20250710 的数据...
  获取到 2425 条数据
正在获取中建环能 从20150105 到 20250710 的数据...
  获取到 2391 条数据
正在获取华智数媒 从20150105 到 20250710 的数据...
  获取到 2440 条数据
正在获取红相股份 从20150105 到 20250710 的数据...
  获取到 2319 条数据
正在获取立中集团 从20150105 到 20250710 的数据...
  获取到 2337 条数据
正在获取强力新材 从20150105 到 20250710 的数据...
  获取到 2409 条数据
正在获取诚益通 从20150105 到 20250710 的数据...
  获取到 2437 条数据
正在获取富临精工 从20150105 到 20250710 的数据...
  获取到 2421 条数据
正在获取蓝思科技 从20150105 到 20250710 的数据...
  获取到 2484 条数据
正在获取金石亚药 从20150105 到 20250710 的数据...
  获取到 2360 条数据
正在获取中泰股份 从20150105 到 20250710 的数据...
  获取到 2492 条数据
正在获取广生堂 从20150105 到 20250710 的数据...
  获取到 2434 条数据
正在获取清水源 从20150105 到 20250710 的数据...
  获取到 2362 条数据
正在获取鹏辉能源 从20150105 到 20250710 的数据...
  获取到 2434 条数据
正在获取美康生物 从20150105 到 20250710 的数据...
  获取到 2481 条数据
正在获取运达科技 从20150105 到 20250710 的数据...
  获取到 2349 条数据
正在获取鲍斯股份 从20150105 到 20250710 的数据...
  获取到 2238 条数据
正在获取润泽科技 从20150105 到 20250710 的数据...
  获取到 2473 条数据
正在获取金雷股份 从20150105 到 20250710 的数据...
  获取到 2474 条数据
正在获取双杰电气 从20150105 到 20250710 的数据...
  获取到 2377 条数据
正在获取康斯特 从20150105 到 20250710 的数据...
HTTPConnectionPool(host='api.waditu.com', port=80): Max retries exceeded with url: /dataapi/daily (Caused by NameResolutionError("<urllib3.connection.HTTPConnection object at 0x7f33b4c69e40>: Failed to resolve 'api.waditu.com' ([Errno -2] Name or service not known)"))
  获取到 2483 条数据
正在获取航天智造 从20150105 到 20250710 的数据...
  获取到 2471 条数据
正在获取全信股份 从20150105 到 20250710 的数据...
  获取到 2386 条数据
正在获取浩云科技 从20150105 到 20250710 的数据...
  获取到 2477 条数据
正在获取汉邦高科 从20150105 到 20250710 的数据...
  获取到 2386 条数据
正在获取先导智能 从20150105 到 20250710 的数据...
  获取到 2319 条数据
正在获取创业慧康 从20150105 到 20250710 的数据...
  获取到 2395 条数据
正在获取山河药辅 从20150105 到 20250710 的数据...
  获取到 2469 条数据
正在获取三鑫医疗 从20150105 到 20250710 的数据...
  获取到 2459 条数据
正在获取深信服 从20150105 到 20250710 的数据...
  获取到 1737 条数据
正在获取航天智装 从20150105 到 20250710 的数据...
  获取到 2336 条数据
正在获取赛微电子 从20150105 到 20250710 的数据...
  获取到 2319 条数据
正在获取赢合科技 从20150105 到 20250710 的数据...
  获取到 2409 条数据
正在获取全志科技 从20150105 到 20250710 的数据...
  获取到 2459 条数据
正在获取汤姆猫 从20150105 到 20250710 的数据...
  获取到 2250 条数据
正在获取惠伦晶体 从20150105 到 20250710 的数据...
  获取到 2454 条数据
正在获取田中精机 从20150105 到 20250710 的数据...
HTTPConnectionPool(host='api.waditu.com', port=80): Max retries exceeded with url: /dataapi/adj_factor (Caused by NameResolutionError("<urllib3.connection.HTTPConnection object at 0x7f33b4c6a0b0>: Failed to resolve 'api.waditu.com' ([Errno -2] Name or service not known)"))
  获取到 2254 条数据
正在获取ST华铭 从20150105 到 20250710 的数据...
  获取到 2174 条数据
正在获取迈克生物 从20150105 到 20250710 的数据...
  获取到 2459 条数据
正在获取星徽股份 从20150105 到 20250710 的数据...
  获取到 2269 条数据
正在获取高伟达 从20150105 到 20250710 的数据...
  获取到 2364 条数据
正在获取赛摩智能 从20150105 到 20250710 的数据...
  获取到 2103 条数据
正在获取迅游科技 从20150105 到 20250710 的数据...
  获取到 2259 条数据
正在获取四方精创 从20150105 到 20250710 的数据...
  获取到 2428 条数据
正在获取信息发展 从20150105 到 20250710 的数据...
  获取到 2342 条数据
正在获取中密控股 从20150105 到 20250710 的数据...
  获取到 2449 条数据
正在获取厚普股份 从20150105 到 20250710 的数据...
  获取到 2440 条数据
正在获取*ST新元 从20150105 到 20250710 的数据...
  获取到 2255 条数据
正在获取德尔股份 从20150105 到 20250710 的数据...
  获取到 2374 条数据
正在获取景嘉微 从20150105 到 20250710 的数据...
  获取到 2247 条数据
正在获取香农芯创 从20150105 到 20250710 的数据...
  获取到 2422 条数据
正在获取胜宏科技 从20150105 到 20250710 的数据...
  获取到 2445 条数据
正在获取ST合纵 从20150105 到 20250710 的数据...
  获取到 2342 条数据
正在获取杭州高新 从20150105 到 20250710 的数据...
  获取到 2354 条数据
正在获取神思电子 从20150105 到 20250710 的数据...
  获取到 2351 条数据
正在获取光力科技 从20150105 到 20250710 的数据...
  获取到 2369 条数据
正在获取濮阳惠成 从20150105 到 20250710 的数据...
  获取到 2417 条数据
正在获取万孚生物 从20150105 到 20250710 的数据...
  获取到 2429 条数据
正在获取首华燃气 从20150105 到 20250710 的数据...
  获取到 2358 条数据
正在获取蓝海华腾 从20150105 到 20250710 的数据...
  获取到 2261 条数据
正在获取赛升药业 从20150105 到 20250710 的数据...
  获取到 2440 条数据
正在获取东杰智能 从20150105 到 20250710 的数据...
HTTPConnectionPool(host='api.waditu.com', port=80): Max retries exceeded with url: /dataapi/adj_factor (Caused by NameResolutionError("<urllib3.connection.HTTPConnection object at 0x7f33b4c6b790>: Failed to resolve 'api.waditu.com' ([Errno -2] Name or service not known)"))
  获取到 2303 条数据
正在获取蓝晓科技 从20150105 到 20250710 的数据...
  获取到 2427 条数据
正在获取恒锋工具 从20150105 到 20250710 的数据...
  获取到 2297 条数据
正在获取光智科技 从20150105 到 20250710 的数据...
  获取到 2427 条数据
正在获取华自科技 从20150105 到 20250710 的数据...
  获取到 2170 条数据
正在获取通合科技 从20150105 到 20250710 的数据...
  获取到 2224 条数据
正在获取华图山鼎 从20150105 到 20250710 的数据...
  获取到 2122 条数据
正在获取润欣科技 从20150105 到 20250710 的数据...
  获取到 2319 条数据
正在获取盛天网络 从20150105 到 20250710 的数据...
  获取到 2313 条数据
正在获取中科创达 从20150105 到 20250710 的数据...
  获取到 2266 条数据
正在获取富祥药业 从20150105 到 20250710 的数据...
  获取到 2320 条数据
正在获取温氏股份 从20150105 到 20250710 的数据...
  获取到 2345 条数据
正在获取高澜股份 从20150105 到 20250710 的数据...
  获取到 2291 条数据
正在获取启迪设计 从20150105 到 20250710 的数据...
HTTPConnectionPool(host='api.waditu.com', port=80): Max retries exceeded with url: /dataapi/adj_factor (Caused by NameResolutionError("<urllib3.connection.HTTPConnection object at 0x7f33b4c6a1a0>: Failed to resolve 'api.waditu.com' ([Errno -2] Name or service not known)"))
  获取到 2224 条数据
正在获取海顺新材 从20150105 到 20250710 的数据...
  获取到 2289 条数据
正在获取新易盛 从20150105 到 20250710 的数据...
  获取到 2272 条数据
正在获取昊志机电 从20150105 到 20250710 的数据...
  获取到 2265 条数据
正在获取天邑股份 从20150105 到 20250710 的数据...
  获取到 1766 条数据
正在获取川金诺 从20150105 到 20250710 的数据...
  获取到 2261 条数据
正在获取ST名家汇 从20150105 到 20250710 的数据...
  获取到 2237 条数据
正在获取苏奥传感 从20150105 到 20250710 的数据...
  获取到 2226 条数据
正在获取维宏股份 从20150105 到 20250710 的数据...
  获取到 2238 条数据
正在获取新美星 从20150105 到 20250710 的数据...
  获取到 2234 条数据
正在获取金冠股份 从20150105 到 20250710 的数据...
  获取到 1960 条数据
正在获取雪榕生物 从20150105 到 20250710 的数据...
  获取到 2227 条数据
正在获取中亚股份 从20150105 到 20250710 的数据...
  获取到 2216 条数据
正在获取恒实科技 从20150105 到 20250710 的数据...
  获取到 2115 条数据
正在获取友讯达 从20150105 到 20250710 的数据...
  获取到 1994 条数据
正在获取三德科技 从20150105 到 20250710 的数据...
  获取到 2205 条数据
正在获取久之洋 从20150105 到 20250710 的数据...
  获取到 2211 条数据
正在获取海波重科 从20150105 到 20250710 的数据...
  获取到 2180 条数据
正在获取新迅达 从20150105 到 20250710 的数据...
  获取到 2059 条数据
正在获取新光药业 从20150105 到 20250710 的数据...
  获取到 2192 条数据
正在获取科大国创 从20150105 到 20250710 的数据...
  获取到 2176 条数据
正在获取爱司凯 从20150105 到 20250710 的数据...
  获取到 2165 条数据
正在获取世名科技 从20150105 到 20250710 的数据...
  获取到 2185 条数据
正在获取辰安科技 从20150105 到 20250710 的数据...
  获取到 2093 条数据
正在获取博思软件 从20150105 到 20250710 的数据...
  获取到 2150 条数据
正在获取中船应急 从20150105 到 20250710 的数据...
  获取到 2165 条数据
正在获取幸福蓝海 从20150105 到 20250710 的数据...
  获取到 2166 条数据
正在获取健帆生物 从20150105 到 20250710 的数据...
  获取到 2170 条数据
正在获取领湃科技 从20150105 到 20250710 的数据...
  获取到 2153 条数据
正在获取优博讯 从20150105 到 20250710 的数据...
  获取到 2160 条数据
正在获取今天国际 从20150105 到 20250710 的数据...
HTTPConnectionPool(host='api.waditu.com', port=80): Max retries exceeded with url: /dataapi/adj_factor (Caused by NameResolutionError("<urllib3.connection.HTTPConnection object at 0x7f33b4c6b430>: Failed to resolve 'api.waditu.com' ([Errno -2] Name or service not known)"))
  获取到 2158 条数据
正在获取冰川网络 从20150105 到 20250710 的数据...
  获取到 2158 条数据
正在获取陇神戎发 从20150105 到 20250710 的数据...
  获取到 2125 条数据
正在获取达威股份 从20150105 到 20250710 的数据...
  获取到 2089 条数据
正在获取农尚环境 从20150105 到 20250710 的数据...
  获取到 2135 条数据
正在获取广信材料 从20150105 到 20250710 的数据...
  获取到 2072 条数据
正在获取同益股份 从20150105 到 20250710 的数据...
  获取到 2152 条数据
正在获取横河精密 从20150105 到 20250710 的数据...
  获取到 2149 条数据
正在获取蜀道装备 从20150105 到 20250710 的数据...
  获取到 2145 条数据
正在获取先进数通 从20150105 到 20250710 的数据...
  获取到 2140 条数据
正在获取新晨科技 从20150105 到 20250710 的数据...
  获取到 2127 条数据
正在获取朗科智能 从20150105 到 20250710 的数据...
  获取到 2061 条数据
正在获取联得装备 从20150105 到 20250710 的数据...
  获取到 2131 条数据
正在获取雄帝科技 从20150105 到 20250710 的数据...
  获取到 2131 条数据
正在获取川环科技 从20150105 到 20250710 的数据...
  获取到 2129 条数据
正在获取长芯博创 从20150105 到 20250710 的数据...
  获取到 2122 条数据
正在获取优德精密 从20150105 到 20250710 的数据...
  获取到 2129 条数据
正在获取和仁科技 从20150105 到 20250710 的数据...
  获取到 2122 条数据
正在获取古鳌科技 从20150105 到 20250710 的数据...
  获取到 2114 条数据
正在获取万集科技 从20150105 到 20250710 的数据...
  获取到 2119 条数据
正在获取集智股份 从20150105 到 20250710 的数据...
  获取到 2119 条数据
正在获取三超新材 从20150105 到 20250710 的数据...
  获取到 1997 条数据
正在获取ST路通 从20150105 到 20250710 的数据...
  获取到 2121 条数据
正在获取丝路视觉 从20150105 到 20250710 的数据...
  获取到 2109 条数据
正在获取理工光科 从20150105 到 20250710 的数据...
  获取到 2112 条数据
正在获取贝达药业 从20150105 到 20250710 的数据...
  获取到 2108 条数据
正在获取佳发教育 从20150105 到 20250710 的数据...
  获取到 2112 条数据
正在获取中富通 从20150105 到 20250710 的数据...
  获取到 2112 条数据
正在获取*ST汇科 从20150105 到 20250710 的数据...
  获取到 2033 条数据
正在获取乐心医疗 从20150105 到 20250710 的数据...
  获取到 2098 条数据
正在获取神宇股份 从20150105 到 20250710 的数据...
  获取到 2103 条数据
正在获取筑博设计 从20150105 到 20250710 的数据...
  获取到 1375 条数据
正在获取科信技术 从20150105 到 20250710 的数据...
  获取到 2097 条数据
正在获取激智科技 从20150105 到 20250710 的数据...
  获取到 2092 条数据
正在获取精测电子 从20150105 到 20250710 的数据...
  获取到 2097 条数据
正在获取星源材质 从20150105 到 20250710 的数据...
  获取到 2090 条数据
正在获取天能重工 从20150105 到 20250710 的数据...
  获取到 2089 条数据
正在获取太辰光 从20150105 到 20250710 的数据...
  获取到 2087 条数据
正在获取平治信息 从20150105 到 20250710 的数据...
  获取到 2077 条数据
正在获取安车检测 从20150105 到 20250710 的数据...
  获取到 2087 条数据
正在获取兴齐眼药 从20150105 到 20250710 的数据...
  获取到 2085 条数据
正在获取中旗股份 从20150105 到 20250710 的数据...
  获取到 2077 条数据
正在获取容大感光 从20150105 到 20250710 的数据...
  获取到 2067 条数据
正在获取开润股份 从20150105 到 20250710 的数据...
  获取到 2076 条数据
正在获取会畅通讯 从20150105 到 20250710 的数据...
  获取到 1978 条数据
正在获取数字认证 从20150105 到 20250710 的数据...
  获取到 2074 条数据
正在获取贝斯特 从20150105 到 20250710 的数据...
  获取到 1954 条数据
正在获取晨曦航空 从20150105 到 20250710 的数据...
  获取到 2077 条数据
正在获取英飞特 从20150105 到 20250710 的数据...
  获取到 2029 条数据
正在获取赛托生物 从20150105 到 20250710 的数据...
  获取到 2065 条数据
正在获取海辰药业 从20150105 到 20250710 的数据...
  获取到 2061 条数据
正在获取奥联电子 从20150105 到 20250710 的数据...
  获取到 2064 条数据
正在获取美联新材 从20150105 到 20250710 的数据...
  获取到 1975 条数据
正在获取天铁科技 从20150105 到 20250710 的数据...
  获取到 2066 条数据
正在获取熙菱信息 从20150105 到 20250710 的数据...
  获取到 2066 条数据
正在获取江龙船艇 从20150105 到 20250710 的数据...
  获取到 2060 条数据
正在获取移为通信 从20150105 到 20250710 的数据...
  获取到 1958 条数据
正在获取万里马 从20150105 到 20250710 的数据...
  获取到 2063 条数据
正在获取华凯易佰 从20150105 到 20250710 的数据...
  获取到 2034 条数据
正在获取新雷能 从20150105 到 20250710 的数据...
  获取到 2019 条数据
正在获取朗进科技 从20150105 到 20250710 的数据...
  获取到 1469 条数据
正在获取欧普康视 从20150105 到 20250710 的数据...
  获取到 2058 条数据
正在获取利安隆 从20150105 到 20250710 的数据...
  获取到 2046 条数据
正在获取吉大通信 从20150105 到 20250710 的数据...
  获取到 2049 条数据
正在获取诚迈科技 从20150105 到 20250710 的数据...
  获取到 2050 条数据
正在获取雄塑科技 从20150105 到 20250710 的数据...
  获取到 2044 条数据
正在获取国瑞科技 从20150105 到 20250710 的数据...
  获取到 2050 条数据
正在获取康泰生物 从20150105 到 20250710 的数据...
  获取到 2048 条数据
正在获取飞荣达 从20150105 到 20250710 的数据...
  获取到 2051 条数据
正在获取立昂技术 从20150105 到 20250710 的数据...
  获取到 1890 条数据
正在获取长川科技 从20150105 到 20250710 的数据...
  获取到 1990 条数据
正在获取恒锋信息 从20150105 到 20250710 的数据...
  获取到 2047 条数据
正在获取金太阳 从20150105 到 20250710 的数据...
  获取到 2047 条数据
正在获取拓斯达 从20150105 到 20250710 的数据...
  获取到 2034 条数据
正在获取思特奇 从20150105 到 20250710 的数据...
  获取到 2044 条数据
正在获取汇纳科技 从20150105 到 20250710 的数据...
  获取到 2039 条数据
正在获取晨化股份 从20150105 到 20250710 的数据...
  获取到 2044 条数据
正在获取美力科技 从20150105 到 20250710 的数据...
  获取到 2039 条数据
正在获取宣亚国际 从20150105 到 20250710 的数据...
  获取到 1871 条数据
正在获取富瀚微 从20150105 到 20250710 的数据...
  获取到 2029 条数据
正在获取百川畅银 从20150105 到 20250710 的数据...
  获取到 1002 条数据
正在获取欣天科技 从20150105 到 20250710 的数据...
  获取到 2042 条数据
正在获取尚品宅配 从20150105 到 20250710 的数据...
  获取到 2028 条数据
正在获取安靠智电 从20150105 到 20250710 的数据...
  获取到 2033 条数据
正在获取寒锐钴业 从20150105 到 20250710 的数据...
  获取到 2027 条数据
正在获取金银河 从20150105 到 20250710 的数据...
  获取到 2032 条数据
正在获取光库科技 从20150105 到 20250710 的数据...
  获取到 2025 条数据
正在获取维业股份 从20150105 到 20250710 的数据...
  获取到 2021 条数据
正在获取博士眼镜 从20150105 到 20250710 的数据...
HTTPConnectionPool(host='api.waditu.com', port=80): Max retries exceeded with url: /dataapi/daily (Caused by NameResolutionError("<urllib3.connection.HTTPConnection object at 0x7f33b4b8ca90>: Failed to resolve 'api.waditu.com' ([Errno -2] Name or service not known)"))
  获取到 2022 条数据
正在获取捷捷微电 从20150105 到 20250710 的数据...
  获取到 2023 条数据
正在获取万兴科技 从20150105 到 20250710 的数据...
  获取到 1802 条数据
正在获取三雄极光 从20150105 到 20250710 的数据...
HTTPConnectionPool(host='api.waditu.com', port=80): Max retries exceeded with url: /dataapi/daily (Caused by NameResolutionError("<urllib3.connection.HTTPConnection object at 0x7f33b4b8cb50>: Failed to resolve 'api.waditu.com' ([Errno -2] Name or service not known)"))
  获取到 2020 条数据
正在获取华瑞股份 从20150105 到 20250710 的数据...
  获取到 2019 条数据
正在获取华测导航 从20150105 到 20250710 的数据...
  获取到 2018 条数据
正在获取亿联网络 从20150105 到 20250710 的数据...
  获取到 2020 条数据
正在获取新劲刚 从20150105 到 20250710 的数据...
  获取到 1972 条数据
正在获取久吾高科 从20150105 到 20250710 的数据...
  获取到 2016 条数据
正在获取光莆股份 从20150105 到 20250710 的数据...
  获取到 2008 条数据
正在获取开立医疗 从20150105 到 20250710 的数据...
  获取到 2008 条数据
正在获取彩讯股份 从20150105 到 20250710 的数据...
  获取到 1771 条数据
正在获取中达安 从20150105 到 20250710 的数据...
  获取到 2002 条数据
正在获取同和药业 从20150105 到 20250710 的数据...
  获取到 2009 条数据
正在获取扬帆新材 从20150105 到 20250710 的数据...
  获取到 2004 条数据
正在获取广和通 从20150105 到 20250710 的数据...
  获取到 1996 条数据
正在获取凯普生物 从20150105 到 20250710 的数据...
  获取到 2004 条数据
正在获取德艺文创 从20150105 到 20250710 的数据...
  获取到 1982 条数据
正在获取正丹股份 从20150105 到 20250710 的数据...
  获取到 1995 条数据
正在获取透景生命 从20150105 到 20250710 的数据...
  获取到 1997 条数据
正在获取万通智控 从20150105 到 20250710 的数据...
  获取到 1988 条数据
正在获取南京聚隆 从20150105 到 20250710 的数据...
  获取到 1796 条数据
正在获取正元智慧 从20150105 到 20250710 的数据...
HTTPConnectionPool(host='api.waditu.com', port=80): Max retries exceeded with url: /dataapi/daily (Caused by NameResolutionError("<urllib3.connection.HTTPConnection object at 0x7f33b4b8cac0>: Failed to resolve 'api.waditu.com' ([Errno -2] Name or service not known)"))
  获取到 1987 条数据
正在获取超频三 从20150105 到 20250710 的数据...
  获取到 1948 条数据
正在获取星云股份 从20150105 到 20250710 的数据...
  获取到 1995 条数据
正在获取杭州园林 从20150105 到 20250710 的数据...
  获取到 1983 条数据
正在获取太龙股份 从20150105 到 20250710 的数据...
  获取到 1990 条数据
正在获取金陵体育 从20150105 到 20250710 的数据...
  获取到 1986 条数据
正在获取雷迪克 从20150105 到 20250710 的数据...
  获取到 1981 条数据
正在获取正海生物 从20150105 到 20250710 的数据...
  获取到 1981 条数据
正在获取世纪天鸿 从20150105 到 20250710 的数据...
  获取到 1888 条数据
正在获取晶瑞电材 从20150105 到 20250710 的数据...
  获取到 1969 条数据
正在获取民德电子 从20150105 到 20250710 的数据...
  获取到 1910 条数据
正在获取弘信电子 从20150105 到 20250710 的数据...
  获取到 1934 条数据
正在获取延江股份 从20150105 到 20250710 的数据...
  获取到 1970 条数据
正在获取中孚信息 从20150105 到 20250710 的数据...
  获取到 1865 条数据
正在获取江苏雷利 从20150105 到 20250710 的数据...
HTTPConnectionPool(host='api.waditu.com', port=80): Max retries exceeded with url: /dataapi/daily (Caused by NameResolutionError("<urllib3.connection.HTTPConnection object at 0x7f33b4b8d360>: Failed to resolve 'api.waditu.com' ([Errno -2] Name or service not known)"))
  获取到 1960 条数据
正在获取圣邦股份 从20150105 到 20250710 的数据...
  获取到 1958 条数据
正在获取科锐国际 从20150105 到 20250710 的数据...
  获取到 1918 条数据
正在获取科蓝软件 从20150105 到 20250710 的数据...
  获取到 1966 条数据
正在获取鹏鹞环保 从20150105 到 20250710 的数据...
  获取到 1821 条数据
正在获取飞鹿股份 从20150105 到 20250710 的数据...
  获取到 1953 条数据
正在获取江丰电子 从20150105 到 20250710 的数据...
  获取到 1945 条数据
正在获取必创科技 从20150105 到 20250710 的数据...
  获取到 1943 条数据
正在获取杰恩设计 从20150105 到 20250710 的数据...
  获取到 1959 条数据
正在获取沪宁股份 从20150105 到 20250710 的数据...
  获取到 1951 条数据
正在获取大烨智能 从20150105 到 20250710 的数据...
  获取到 1853 条数据
正在获取富满微 从20150105 到 20250710 的数据...
  获取到 1947 条数据
正在获取国科微 从20150105 到 20250710 的数据...
  获取到 1919 条数据
正在获取佩蒂股份 从20150105 到 20250710 的数据...
  获取到 1943 条数据
正在获取宇信科技 从20150105 到 20250710 的数据...
  获取到 1619 条数据
正在获取建科院 从20150105 到 20250710 的数据...
  获取到 1937 条数据
正在获取华大基因 从20150105 到 20250710 的数据...
  获取到 1930 条数据
正在获取英科医疗 从20150105 到 20250710 的数据...
HTTPConnectionPool(host='api.waditu.com', port=80): Max retries exceeded with url: /dataapi/adj_factor (Caused by NameResolutionError("<urllib3.connection.HTTPConnection object at 0x7f33b4b8d2a0>: Failed to resolve 'api.waditu.com' ([Errno -2] Name or service not known)"))
  获取到 1935 条数据
正在获取中科信息 从20150105 到 20250710 的数据...
  获取到 1905 条数据
正在获取电连技术 从20150105 到 20250710 的数据...
  获取到 1919 条数据
正在获取隆盛科技 从20150105 到 20250710 的数据...
  获取到 1849 条数据
正在获取英搏尔 从20150105 到 20250710 的数据...
HTTPConnectionPool(host='api.waditu.com', port=80): Max retries exceeded with url: /dataapi/adj_factor (Caused by NameResolutionError("<urllib3.connection.HTTPConnection object at 0x7f33b4b8cac0>: Failed to resolve 'api.waditu.com' ([Errno -2] Name or service not known)"))
  获取到 1933 条数据
正在获取朗新集团 从20150105 到 20250710 的数据...
  获取到 1877 条数据
正在获取海特生物 从20150105 到 20250710 的数据...
  获取到 1865 条数据
正在获取中石科技 从20150105 到 20250710 的数据...
  获取到 1827 条数据
正在获取艾德生物 从20150105 到 20250710 的数据...
  获取到 1927 条数据
正在获取智动力 从20150105 到 20250710 的数据...
  获取到 1925 条数据
正在获取赛意信息 从20150105 到 20250710 的数据...
  获取到 1916 条数据
正在获取创业黑马 从20150105 到 20250710 的数据...
  获取到 1900 条数据
正在获取澄天伟业 从20150105 到 20250710 的数据...
  获取到 1922 条数据
正在获取双一科技 从20150105 到 20250710 的数据...
  获取到 1923 条数据
正在获取联合光电 从20150105 到 20250710 的数据...
  获取到 1910 条数据
正在获取中环环保 从20150105 到 20250710 的数据...
  获取到 1909 条数据
正在获取盛弘股份 从20150105 到 20250710 的数据...
  获取到 1908 条数据
正在获取蠡湖股份 从20150105 到 20250710 的数据...
  获取到 1636 条数据
正在获取兆丰股份 从20150105 到 20250710 的数据...
  获取到 1900 条数据
正在获取爱乐达 从20150105 到 20250710 的数据...
  获取到 1913 条数据
正在获取电工合金 从20150105 到 20250710 的数据...
  获取到 1897 条数据
正在获取万马科技 从20150105 到 20250710 的数据...
  获取到 1906 条数据
正在获取光威复材 从20150105 到 20250710 的数据...
  获取到 1905 条数据
正在获取岱勒新材 从20150105 到 20250710 的数据...
  获取到 1888 条数据
正在获取森霸传感 从20150105 到 20250710 的数据...
  获取到 1895 条数据
正在获取天宇股份 从20150105 到 20250710 的数据...
  获取到 1893 条数据
正在获取创源股份 从20150105 到 20250710 的数据...
  获取到 1889 条数据
正在获取九典制药 从20150105 到 20250710 的数据...
  获取到 1883 条数据
正在获取阿石创 从20150105 到 20250710 的数据...
  获取到 1888 条数据
正在获取威唐工业 从20150105 到 20250710 的数据...
  获取到 1883 条数据
正在获取聚灿光电 从20150105 到 20250710 的数据...
  获取到 1879 条数据
正在获取精研科技 从20150105 到 20250710 的数据...
  获取到 1876 条数据
正在获取万隆光电 从20150105 到 20250710 的数据...
  获取到 1871 条数据
正在获取广哈通信 从20150105 到 20250710 的数据...
  获取到 1867 条数据
正在获取永福股份 从20150105 到 20250710 的数据...
  获取到 1868 条数据
正在获取英可瑞 从20150105 到 20250710 的数据...
  获取到 1867 条数据
正在获取凯伦股份 从20150105 到 20250710 的数据...
  获取到 1865 条数据
正在获取ST泉为 从20150105 到 20250710 的数据...
HTTPConnectionPool(host='api.waditu.com', port=80): Max retries exceeded with url: /dataapi/daily (Caused by NameResolutionError("<urllib3.connection.HTTPConnection object at 0x7f33b4b8d660>: Failed to resolve 'api.waditu.com' ([Errno -2] Name or service not known)"))
  获取到 1855 条数据
正在获取华信新材 从20150105 到 20250710 的数据...
HTTPConnectionPool(host='api.waditu.com', port=80): Max retries exceeded with url: /dataapi/daily (Caused by NameResolutionError("<urllib3.connection.HTTPConnection object at 0x7f33b4b8da80>: Failed to resolve 'api.waditu.com' ([Errno -2] Name or service not known)"))
  获取到 1856 条数据
正在获取长盛轴承 从20150105 到 20250710 的数据...
  获取到 1864 条数据
正在获取安达维尔 从20150105 到 20250710 的数据...
  获取到 1861 条数据
正在获取海川智能 从20150105 到 20250710 的数据...
  获取到 1854 条数据
正在获取怡达股份 从20150105 到 20250710 的数据...
  获取到 1857 条数据
正在获取新余国科 从20150105 到 20250710 的数据...
  获取到 1858 条数据
正在获取一品红 从20150105 到 20250710 的数据...
  获取到 1856 条数据
正在获取捷佳伟创 从20150105 到 20250710 的数据...
  获取到 1676 条数据
正在获取药石科技 从20150105 到 20250710 的数据...
  获取到 1855 条数据
正在获取宏达电子 从20150105 到 20250710 的数据...
  获取到 1853 条数据
正在获取润禾材料 从20150105 到 20250710 的数据...
  获取到 1849 条数据
正在获取乐歌股份 从20150105 到 20250710 的数据...
  获取到 1845 条数据
正在获取科创信息 从20150105 到 20250710 的数据...
  获取到 1838 条数据
正在获取科创新源 从20150105 到 20250710 的数据...
  获取到 1825 条数据
正在获取设研院 从20150105 到 20250710 的数据...
  获取到 1794 条数据
正在获取西菱动力 从20150105 到 20250710 的数据...
  获取到 1814 条数据
正在获取光弘科技 从20150105 到 20250710 的数据...
  获取到 1825 条数据
正在获取百邦科技 从20150105 到 20250710 的数据...
  获取到 1819 条数据
正在获取科顺股份 从20150105 到 20250710 的数据...
  获取到 1797 条数据
正在获取奥飞数据 从20150105 到 20250710 的数据...
  获取到 1811 条数据
正在获取明阳电路 从20150105 到 20250710 的数据...
  获取到 1802 条数据
正在获取水羊股份 从20150105 到 20250710 的数据...
  获取到 1697 条数据
正在获取华宝股份 从20150105 到 20250710 的数据...
  获取到 1787 条数据
正在获取天地数码 从20150105 到 20250710 的数据...
  获取到 1748 条数据
正在获取欣锐科技 从20150105 到 20250710 的数据...
  获取到 1732 条数据
正在获取汉嘉设计 从20150105 到 20250710 的数据...
  获取到 1712 条数据
正在获取锐科激光 从20150105 到 20250710 的数据...
  获取到 1710 条数据
正在获取金力永磁 从20150105 到 20250710 的数据...
  获取到 1646 条数据
正在获取顶固集创 从20150105 到 20250710 的数据...
  获取到 1630 条数据
正在获取宁德时代 从20150105 到 20250710 的数据...
  获取到 1719 条数据
正在获取迈为股份 从20150105 到 20250710 的数据...
  获取到 1617 条数据
正在获取隆利科技 从20150105 到 20250710 的数据...
  获取到 1602 条数据
正在获取爱朋医疗 从20150105 到 20250710 的数据...
  获取到 1593 条数据
正在获取华致酒行 从20150105 到 20250710 的数据...
  获取到 1562 条数据
正在获取金马游乐 从20150105 到 20250710 的数据...
  获取到 1582 条数据
正在获取罗博特科 从20150105 到 20250710 的数据...
  获取到 1557 条数据
正在获取七彩化学 从20150105 到 20250710 的数据...
  获取到 1549 条数据
正在获取康龙化成 从20150105 到 20250710 的数据...
  获取到 1563 条数据
正在获取迈瑞医疗 从20150105 到 20250710 的数据...
  获取到 1635 条数据
正在获取立华股份 从20150105 到 20250710 的数据...
  获取到 1553 条数据
正在获取上海瀚讯 从20150105 到 20250710 的数据...
  获取到 1535 条数据
正在获取锦浪科技 从20150105 到 20250710 的数据...
  获取到 1532 条数据
正在获取新诺威 从20150105 到 20250710 的数据...
  获取到 1509 条数据
正在获取每日互动 从20150105 到 20250710 的数据...
  获取到 1528 条数据
正在获取震安科技 从20150105 到 20250710 的数据...
  获取到 1524 条数据
正在获取迪普科技 从20150105 到 20250710 的数据...
  获取到 1515 条数据
正在获取德方纳米 从20150105 到 20250710 的数据...
  获取到 1514 条数据
正在获取新媒股份 从20150105 到 20250710 的数据...
  获取到 1510 条数据
正在获取智莱科技 从20150105 到 20250710 的数据...
HTTPConnectionPool(host='api.waditu.com', port=80): Max retries exceeded with url: /dataapi/adj_factor (Caused by NameResolutionError("<urllib3.connection.HTTPConnection object at 0x7f33b4b8e320>: Failed to resolve 'api.waditu.com' ([Errno -2] Name or service not known)"))
  获取到 1509 条数据
正在获取运达股份 从20150105 到 20250710 的数据...
  获取到 1499 条数据
正在获取拉卡拉 从20150105 到 20250710 的数据...
  获取到 1506 条数据
正在获取倍杰特 从20150105 到 20250710 的数据...
  获取到 952 条数据
正在获取三角防务 从20150105 到 20250710 的数据...
HTTPConnectionPool(host='api.waditu.com', port=80): Max retries exceeded with url: /dataapi/daily (Caused by NameResolutionError("<urllib3.connection.HTTPConnection object at 0x7f33b4b8f850>: Failed to resolve 'api.waditu.com' ([Errno -2] Name or service not known)"))
  获取到 1491 条数据
正在获取帝尔激光 从20150105 到 20250710 的数据...
  获取到 1493 条数据
正在获取中简科技 从20150105 到 20250710 的数据...
  获取到 1494 条数据
正在获取新城市 从20150105 到 20250710 的数据...
  获取到 1498 条数据
正在获取惠城环保 从20150105 到 20250710 的数据...
  获取到 1490 条数据
正在获取德恩精工 从20150105 到 20250710 的数据...
  获取到 1483 条数据
正在获取因赛集团 从20150105 到 20250710 的数据...
HTTPConnectionPool(host='api.waditu.com', port=80): Max retries exceeded with url: /dataapi/daily (Caused by NameResolutionError("<urllib3.connection.HTTPConnection object at 0x7f33b4b8f640>: Failed to resolve 'api.waditu.com' ([Errno -2] Name or service not known)"))
  获取到 1475 条数据
正在获取卓胜微 从20150105 到 20250710 的数据...
  获取到 1472 条数据
正在获取三只松鼠 从20150105 到 20250710 的数据...
  获取到 1454 条数据
正在获取利安科技 从20150105 到 20250710 的数据...
  获取到 265 条数据
正在获取值得买 从20150105 到 20250710 的数据...
  获取到 1453 条数据
正在获取国林科技 从20150105 到 20250710 的数据...
  获取到 1447 条数据
正在获取海能实业 从20150105 到 20250710 的数据...
  获取到 1430 条数据
正在获取中信出版 从20150105 到 20250710 的数据...
  获取到 1459 条数据
正在获取唐源电气 从20150105 到 20250710 的数据...
  获取到 1421 条数据
正在获取宇瞳光学 从20150105 到 20250710 的数据...
  获取到 1405 条数据
正在获取仙乐健康 从20150105 到 20250710 的数据...
  获取到 1402 条数据
正在获取壹网壹创 从20150105 到 20250710 的数据...
  获取到 1400 条数据
正在获取佳禾智能 从20150105 到 20250710 的数据...
  获取到 1390 条数据
正在获取米奥会展 从20150105 到 20250710 的数据...
  获取到 1386 条数据
正在获取贝斯美 从20150105 到 20250710 的数据...
  获取到 1370 条数据
正在获取钢研纳克 从20150105 到 20250710 的数据...
  获取到 1380 条数据
正在获取锦鸡股份 从20150105 到 20250710 的数据...
  获取到 1365 条数据
正在获取力合科技 从20150105 到 20250710 的数据...
  获取到 1377 条数据
正在获取泰和科技 从20150105 到 20250710 的数据...
  获取到 1361 条数据
正在获取矩子科技 从20150105 到 20250710 的数据...
  获取到 1370 条数据
正在获取指南针 从20150105 到 20250710 的数据...
  获取到 1369 条数据
正在获取广康生化 从20150105 到 20250710 的数据...
  获取到 495 条数据
正在获取电声股份 从20150105 到 20250710 的数据...
  获取到 1366 条数据
正在获取斯迪克 从20150105 到 20250710 的数据...
  获取到 1364 条数据
正在获取天迈科技 从20150105 到 20250710 的数据...
  获取到 1341 条数据
正在获取久量股份 从20150105 到 20250710 的数据...
  获取到 1360 条数据
正在获取华辰装备 从20150105 到 20250710 的数据...
  获取到 1352 条数据
正在获取中科海讯 从20150105 到 20250710 的数据...
  获取到 1355 条数据
正在获取铂科新材 从20150105 到 20250710 的数据...
HTTPConnectionPool(host='api.waditu.com', port=80): Max retries exceeded with url: /dataapi/adj_factor (Caused by NameResolutionError("<urllib3.connection.HTTPConnection object at 0x7f33b4b8f340>: Failed to resolve 'api.waditu.com' ([Errno -2] Name or service not known)"))
  获取到 1339 条数据
正在获取易天股份 从20150105 到 20250710 的数据...
  获取到 1332 条数据
正在获取泰林生物 从20150105 到 20250710 的数据...
  获取到 1329 条数据
正在获取中富电路 从20150105 到 20250710 的数据...
  获取到 946 条数据
正在获取玉禾田 从20150105 到 20250710 的数据...
  获取到 1322 条数据
正在获取艾可蓝 从20150105 到 20250710 的数据...
  获取到 1316 条数据
正在获取双飞集团 从20150105 到 20250710 的数据...
  获取到 1310 条数据
正在获取耐普矿机 从20150105 到 20250710 的数据...
  获取到 1314 条数据
正在获取聚杰微纤 从20150105 到 20250710 的数据...
  获取到 1293 条数据
正在获取英杰电气 从20150105 到 20250710 的数据...
  获取到 1313 条数据
正在获取东岳硅材 从20150105 到 20250710 的数据...
  获取到 1293 条数据
正在获取贝仕达克 从20150105 到 20250710 的数据...
  获取到 1292 条数据
正在获取建科智能 从20150105 到 20250710 的数据...
  获取到 1288 条数据
正在获取北鼎股份 从20150105 到 20250710 的数据...
  获取到 1226 条数据
正在获取阿尔特 从20150105 到 20250710 的数据...
  获取到 1282 条数据
正在获取测绘股份 从20150105 到 20250710 的数据...
  获取到 1277 条数据
正在获取上能电气 从20150105 到 20250710 的数据...
  获取到 1258 条数据
正在获取锐新科技 从20150105 到 20250710 的数据...
  获取到 1266 条数据
正在获取金丹科技 从20150105 到 20250710 的数据...
  获取到 1265 条数据
正在获取金现代 从20150105 到 20250710 的数据...
  获取到 1258 条数据
正在获取派瑞股份 从20150105 到 20250710 的数据...
  获取到 1257 条数据
正在获取新产业 从20150105 到 20250710 的数据...
  获取到 1254 条数据
正在获取浩洋股份 从20150105 到 20250710 的数据...
  获取到 1248 条数据
正在获取星辉环材 从20150105 到 20250710 的数据...
  获取到 844 条数据
正在获取龙磁科技 从20150105 到 20250710 的数据...
  获取到 1245 条数据
正在获取佰奥智能 从20150105 到 20250710 的数据...
  获取到 1242 条数据
正在获取浙矿股份 从20150105 到 20250710 的数据...
  获取到 1236 条数据
正在获取浙江力诺 从20150105 到 20250710 的数据...
  获取到 1235 条数据
正在获取博汇股份 从20150105 到 20250710 的数据...
  获取到 1216 条数据
正在获取酷特智能 从20150105 到 20250710 的数据...
  获取到 1215 条数据
正在获取康华生物 从20150105 到 20250710 的数据...
  获取到 1229 条数据
正在获取帝科股份 从20150105 到 20250710 的数据...
  获取到 1217 条数据
正在获取胜蓝股份 从20150105 到 20250710 的数据...
  获取到 1219 条数据
正在获取山水比德 从20150105 到 20250710 的数据...
  获取到 945 条数据
正在获取捷安高科 从20150105 到 20250710 的数据...
  获取到 1218 条数据
正在获取首都在线 从20150105 到 20250710 的数据...
  获取到 1220 条数据
正在获取中船汉光 从20150105 到 20250710 的数据...
  获取到 1214 条数据
正在获取美瑞新材 从20150105 到 20250710 的数据...
  获取到 1207 条数据
正在获取锦盛新材 从20150105 到 20250710 的数据...
  获取到 1213 条数据
正在获取新强联 从20150105 到 20250710 的数据...
  获取到 1206 条数据
正在获取交大思诺 从20150105 到 20250710 的数据...
  获取到 1208 条数据
正在获取四会富仕 从20150105 到 20250710 的数据...
HTTPConnectionPool(host='api.waditu.com', port=80): Max retries exceeded with url: /dataapi/daily (Caused by NameResolutionError("<urllib3.connection.HTTPConnection object at 0x7f33b4b8ec50>: Failed to resolve 'api.waditu.com' ([Errno -2] Name or service not known)"))
  获取到 1212 条数据
正在获取申昊科技 从20150105 到 20250710 的数据...
  获取到 1203 条数据
正在获取中兰环保 从20150105 到 20250710 的数据...
  获取到 921 条数据
正在获取图南股份 从20150105 到 20250710 的数据...
  获取到 1204 条数据
正在获取科思股份 从20150105 到 20250710 的数据...
  获取到 1205 条数据
正在获取协创数据 从20150105 到 20250710 的数据...
  获取到 1202 条数据
正在获取科拓生物 从20150105 到 20250710 的数据...
  获取到 1202 条数据
正在获取西域旅游 从20150105 到 20250710 的数据...
  获取到 1190 条数据
正在获取锋尚文化 从20150105 到 20250710 的数据...
  获取到 1182 条数据
正在获取美畅股份 从20150105 到 20250710 的数据...
  获取到 1182 条数据
正在获取蓝盾光电 从20150105 到 20250710 的数据...
  获取到 1182 条数据
正在获取卡倍亿 从20150105 到 20250710 的数据...
  获取到 1182 条数据
正在获取南大环境 从20150105 到 20250710 的数据...
  获取到 1182 条数据
正在获取大宏立 从20150105 到 20250710 的数据...
  获取到 1182 条数据
正在获取安克创新 从20150105 到 20250710 的数据...
  获取到 1182 条数据
正在获取圣元环保 从20150105 到 20250710 的数据...
  获取到 1182 条数据
正在获取杰美特 从20150105 到 20250710 的数据...
  获取到 1182 条数据
正在获取康泰医学 从20150105 到 20250710 的数据...
  获取到 1182 条数据
正在获取欧陆通 从20150105 到 20250710 的数据...
  获取到 1182 条数据
正在获取回盛生物 从20150105 到 20250710 的数据...
  获取到 1182 条数据
正在获取天阳科技 从20150105 到 20250710 的数据...
  获取到 1182 条数据
正在获取海晨股份 从20150105 到 20250710 的数据...
  获取到 1182 条数据
正在获取捷强装备 从20150105 到 20250710 的数据...
  获取到 1162 条数据
正在获取蒙泰高新 从20150105 到 20250710 的数据...
  获取到 1182 条数据
正在获取金春股份 从20150105 到 20250710 的数据...
  获取到 1182 条数据
正在获取维康药业 从20150105 到 20250710 的数据...
  获取到 1182 条数据
正在获取大叶股份 从20150105 到 20250710 的数据...
  获取到 1176 条数据
正在获取迦南智能 从20150105 到 20250710 的数据...
  获取到 1176 条数据
正在获取盛德鑫泰 从20150105 到 20250710 的数据...
  获取到 1176 条数据
正在获取万胜智能 从20150105 到 20250710 的数据...
  获取到 1169 条数据
正在获取龙利得 从20150105 到 20250710 的数据...
  获取到 1169 条数据
正在获取狄耐克 从20150105 到 20250710 的数据...
  获取到 1130 条数据
正在获取海昌新材 从20150105 到 20250710 的数据...
  获取到 1169 条数据
正在获取华业香料 从20150105 到 20250710 的数据...
  获取到 1155 条数据
正在获取谱尼测试 从20150105 到 20250710 的数据...
  获取到 1165 条数据
正在获取稳健医疗 从20150105 到 20250710 的数据...
  获取到 1164 条数据
正在获取爱克股份 从20150105 到 20250710 的数据...
  获取到 1165 条数据
正在获取翔丰华 从20150105 到 20250710 的数据...
  获取到 1164 条数据
正在获取惠云钛业 从20150105 到 20250710 的数据...
  获取到 1164 条数据
正在获取品渥食品 从20150105 到 20250710 的数据...
  获取到 1159 条数据
正在获取松原安全 从20150105 到 20250710 的数据...
  获取到 1159 条数据
正在获取火星人 从20150105 到 20250710 的数据...
  获取到 1095 条数据
正在获取铜牛信息 从20150105 到 20250710 的数据...
  获取到 1159 条数据
正在获取爱美客 从20150105 到 20250710 的数据...
  获取到 1157 条数据
正在获取山科智能 从20150105 到 20250710 的数据...
  获取到 1156 条数据
正在获取熊猫乳品 从20150105 到 20250710 的数据...
  获取到 1149 条数据
正在获取*ST凯鑫 从20150105 到 20250710 的数据...
  获取到 1148 条数据
正在获取广联航空 从20150105 到 20250710 的数据...
  获取到 1140 条数据
正在获取中胤时尚 从20150105 到 20250710 的数据...
  获取到 1140 条数据
正在获取国安达 从20150105 到 20250710 的数据...
  获取到 1140 条数据
正在获取科翔股份 从20150105 到 20250710 的数据...
  获取到 1135 条数据
正在获取威力传动 从20150105 到 20250710 的数据...
  获取到 464 条数据
正在获取宝丽迪 从20150105 到 20250710 的数据...
HTTPConnectionPool(host='api.waditu.com', port=80): Max retries exceeded with url: /dataapi/daily (Caused by NameResolutionError("<urllib3.connection.HTTPConnection object at 0x7f33b4b8f4f0>: Failed to resolve 'api.waditu.com' ([Errno -2] Name or service not known)"))
  获取到 1125 条数据
正在获取日月明 从20150105 到 20250710 的数据...
  获取到 1135 条数据
正在获取康平科技 从20150105 到 20250710 的数据...
  获取到 1126 条数据
正在获取仲景食品 从20150105 到 20250710 的数据...
  获取到 1123 条数据
正在获取汇创达 从20150105 到 20250710 的数据...
  获取到 1117 条数据
正在获取瑞丰新材 从20150105 到 20250710 的数据...
  获取到 1119 条数据
正在获取亿田智能 从20150105 到 20250710 的数据...
  获取到 1115 条数据
正在获取凯龙高科 从20150105 到 20250710 的数据...
  获取到 1113 条数据
正在获取兆龙互连 从20150105 到 20250710 的数据...
  获取到 1113 条数据
正在获取海融科技 从20150105 到 20250710 的数据...
  获取到 1116 条数据
正在获取朗特智能 从20150105 到 20250710 的数据...
  获取到 1116 条数据
正在获取特发服务 从20150105 到 20250710 的数据...
  获取到 1103 条数据
正在获取南山智尚 从20150105 到 20250710 的数据...
  获取到 1102 条数据
正在获取中伟股份 从20150105 到 20250710 的数据...
  获取到 1101 条数据
正在获取润阳科技 从20150105 到 20250710 的数据...
  获取到 1099 条数据
正在获取南凌科技 从20150105 到 20250710 的数据...
  获取到 1102 条数据
正在获取天秦装备 从20150105 到 20250710 的数据...
  获取到 1099 条数据
正在获取研奥股份 从20150105 到 20250710 的数据...
  获取到 1100 条数据
正在获取法本信息 从20150105 到 20250710 的数据...
  获取到 1096 条数据
正在获取博俊科技 从20150105 到 20250710 的数据...
  获取到 1091 条数据
正在获取江天化学 从20150105 到 20250710 的数据...
  获取到 1091 条数据
正在获取华安鑫创 从20150105 到 20250710 的数据...
  获取到 1092 条数据
正在获取华骐环保 从20150105 到 20250710 的数据...
  获取到 1082 条数据
正在获取屹通新材 从20150105 到 20250710 的数据...
  获取到 1081 条数据
正在获取通用电梯 从20150105 到 20250710 的数据...
  获取到 1081 条数据
正在获取三友联众 从20150105 到 20250710 的数据...
  获取到 1080 条数据
正在获取中辰股份 从20150105 到 20250710 的数据...
  获取到 1080 条数据
正在获取盈建科 从20150105 到 20250710 的数据...
  获取到 1082 条数据
正在获取中英科技 从20150105 到 20250710 的数据...
  获取到 1078 条数据
正在获取药易购 从20150105 到 20250710 的数据...
  获取到 1077 条数据
正在获取信测标准 从20150105 到 20250710 的数据...
  获取到 1077 条数据
正在获取秋田微 从20150105 到 20250710 的数据...
  获取到 1076 条数据
正在获取南极光 从20150105 到 20250710 的数据...
  获取到 1072 条数据
正在获取创识科技 从20150105 到 20250710 的数据...
  获取到 1068 条数据
正在获取易瑞生物 从20150105 到 20250710 的数据...
  获取到 1068 条数据
正在获取春晖智控 从20150105 到 20250710 的数据...
  获取到 1057 条数据
正在获取曼卡龙 从20150105 到 20250710 的数据...
  获取到 1067 条数据
正在获取恒而达 从20150105 到 20250710 的数据...
  获取到 1069 条数据
正在获取德必集团 从20150105 到 20250710 的数据...
  获取到 1067 条数据
正在获取冠中生态 从20150105 到 20250710 的数据...
  获取到 1061 条数据
正在获取奥雅股份 从20150105 到 20250710 的数据...
  获取到 1060 条数据
正在获取德固特 从20150105 到 20250710 的数据...
  获取到 1048 条数据
正在获取博硕科技 从20150105 到 20250710 的数据...
  获取到 1060 条数据
正在获取恒辉安防 从20150105 到 20250710 的数据...
  获取到 1051 条数据
正在获取震裕科技 从20150105 到 20250710 的数据...
  获取到 1046 条数据
正在获取嘉亨家化 从20150105 到 20250710 的数据...
  获取到 1042 条数据
正在获取英力股份 从20150105 到 20250710 的数据...
  获取到 1030 条数据
正在获取贝泰妮 从20150105 到 20250710 的数据...
  获取到 1041 条数据
正在获取建工修复 从20150105 到 20250710 的数据...
  获取到 1039 条数据
正在获取线上线下 从20150105 到 20250710 的数据...
  获取到 1039 条数据
正在获取通业科技 从20150105 到 20250710 的数据...
  获取到 1039 条数据
正在获取深水海纳 从20150105 到 20250710 的数据...
  获取到 1038 条数据
正在获取中金辐照 从20150105 到 20250710 的数据...
  获取到 1031 条数据
正在获取中洲特材 从20150105 到 20250710 的数据...
  获取到 1031 条数据
正在获取本川智能 从20150105 到 20250710 的数据...
  获取到 951 条数据
正在获取恒宇信通 从20150105 到 20250710 的数据...
HTTPConnectionPool(host='api.waditu.com', port=80): Max retries exceeded with url: /dataapi/adj_factor (Caused by NameResolutionError("<urllib3.connection.HTTPConnection object at 0x7f33b4c58520>: Failed to resolve 'api.waditu.com' ([Errno -2] Name or service not known)"))
  获取到 1023 条数据
正在获取共同药业 从20150105 到 20250710 的数据...
  获取到 1031 条数据
正在获取晓鸣股份 从20150105 到 20250710 的数据...
  获取到 1029 条数据
正在获取格林精密 从20150105 到 20250710 的数据...
  获取到 1027 条数据
正在获取恒帅股份 从20150105 到 20250710 的数据...
  获取到 1030 条数据
正在获取华绿生物 从20150105 到 20250710 的数据...
HTTPConnectionPool(host='api.waditu.com', port=80): Max retries exceeded with url: /dataapi/daily (Caused by NameResolutionError("<urllib3.connection.HTTPConnection object at 0x7f33b4c595d0>: Failed to resolve 'api.waditu.com' ([Errno -2] Name or service not known)"))
  获取到 1030 条数据
正在获取博亚精工 从20150105 到 20250710 的数据...
  获取到 1027 条数据
正在获取万辰集团 从20150105 到 20250710 的数据...
  获取到 1025 条数据
正在获取立高食品 从20150105 到 20250710 的数据...
  获取到 1027 条数据
正在获取商络电子 从20150105 到 20250710 的数据...
  获取到 1023 条数据
正在获取达瑞电子 从20150105 到 20250710 的数据...
  获取到 1025 条数据
正在获取深圳瑞捷 从20150105 到 20250710 的数据...
  获取到 1024 条数据
正在获取东箭科技 从20150105 到 20250710 的数据...
  获取到 1020 条数据
正在获取华利集团 从20150105 到 20250710 的数据...
  获取到 1020 条数据
正在获取祥源新材 从20150105 到 20250710 的数据...
  获取到 1023 条数据
正在获取中红医疗 从20150105 到 20250710 的数据...
  获取到 1019 条数据
正在获取苏文电能 从20150105 到 20250710 的数据...
  获取到 1019 条数据
正在获取尤安设计 从20150105 到 20250710 的数据...
  获取到 1024 条数据
正在获取金沃股份 从20150105 到 20250710 的数据...
  获取到 985 条数据
正在获取致远新能 从20150105 到 20250710 的数据...
  获取到 1017 条数据
正在获取志特新材 从20150105 到 20250710 的数据...
  获取到 1016 条数据
正在获取川网传媒 从20150105 到 20250710 的数据...
  获取到 1012 条数据
正在获取津荣天宇 从20150105 到 20250710 的数据...
  获取到 1011 条数据
正在获取蕾奥规划 从20150105 到 20250710 的数据...
  获取到 1014 条数据
正在获取同飞股份 从20150105 到 20250710 的数据...
  获取到 1011 条数据
正在获取创益通 从20150105 到 20250710 的数据...
  获取到 1005 条数据
正在获取泰福泵业 从20150105 到 20250710 的数据...
  获取到 1002 条数据
正在获取玉马科技 从20150105 到 20250710 的数据...
  获取到 1003 条数据
正在获取久祺股份 从20150105 到 20250710 的数据...
  获取到 946 条数据
正在获取奇德新材 从20150105 到 20250710 的数据...
  获取到 1001 条数据
正在获取普联软件 从20150105 到 20250710 的数据...
  获取到 995 条数据
正在获取欢乐家 从20150105 到 20250710 的数据...
  获取到 996 条数据
正在获取宁波方正 从20150105 到 20250710 的数据...
  获取到 996 条数据
正在获取金龙鱼 从20150105 到 20250710 的数据...
HTTPConnectionPool(host='api.waditu.com', port=80): Max retries exceeded with url: /dataapi/adj_factor (Caused by NameResolutionError("<urllib3.connection.HTTPConnection object at 0x7f33b4c59300>: Failed to resolve 'api.waditu.com' ([Errno -2] Name or service not known)"))
  获取到 1150 条数据
正在获取肇民科技 从20150105 到 20250710 的数据...
  获取到 999 条数据
正在获取凯淳股份 从20150105 到 20250710 的数据...
  获取到 999 条数据
正在获取崧盛股份 从20150105 到 20250710 的数据...
  获取到 993 条数据
正在获取江苏博云 从20150105 到 20250710 的数据...
  获取到 997 条数据
正在获取嘉益股份 从20150105 到 20250710 的数据...
  获取到 980 条数据
正在获取超捷股份 从20150105 到 20250710 的数据...
  获取到 997 条数据
正在获取迈拓股份 从20150105 到 20250710 的数据...
  获取到 993 条数据
正在获取德迈仕 从20150105 到 20250710 的数据...
  获取到 985 条数据
正在获取宏昌科技 从20150105 到 20250710 的数据...
  获取到 989 条数据
正在获取可靠股份 从20150105 到 20250710 的数据...
  获取到 986 条数据
正在获取晶雪节能 从20150105 到 20250710 的数据...
  获取到 985 条数据
正在获取华立科技 从20150105 到 20250710 的数据...
  获取到 986 条数据
正在获取扬电科技 从20150105 到 20250710 的数据...
  获取到 983 条数据
正在获取利和兴 从20150105 到 20250710 的数据...
  获取到 978 条数据
正在获取百洋医药 从20150105 到 20250710 的数据...
  获取到 977 条数据
正在获取雷尔伟 从20150105 到 20250710 的数据...
  获取到 967 条数据
正在获取漱玉平民 从20150105 到 20250710 的数据...
  获取到 974 条数据
正在获取申菱环境 从20150105 到 20250710 的数据...
  获取到 972 条数据
正在获取宁波色母 从20150105 到 20250710 的数据...
  获取到 979 条数据
正在获取密封科技 从20150105 到 20250710 的数据...
  获取到 973 条数据
正在获取英诺激光 从20150105 到 20250710 的数据...
  获取到 973 条数据
正在获取海泰科 从20150105 到 20250710 的数据...
  获取到 975 条数据
正在获取江南奕帆 从20150105 到 20250710 的数据...
  获取到 972 条数据
正在获取霍普股份 从20150105 到 20250710 的数据...
HTTPConnectionPool(host='api.waditu.com', port=80): Max retries exceeded with url: /dataapi/adj_factor (Caused by NameResolutionError("<urllib3.connection.HTTPConnection object at 0x7f33b4c59ba0>: Failed to resolve 'api.waditu.com' ([Errno -2] Name or service not known)"))
  获取到 957 条数据
正在获取读客文化 从20150105 到 20250710 的数据...
  获取到 964 条数据
正在获取浩通科技 从20150105 到 20250710 的数据...
  获取到 965 条数据
正在获取华蓝集团 从20150105 到 20250710 的数据...
  获取到 966 条数据
正在获取东亚机械 从20150105 到 20250710 的数据...
  获取到 963 条数据
正在获取怡合达 从20150105 到 20250710 的数据...
  获取到 960 条数据
正在获取仕净科技 从20150105 到 20250710 的数据...
  获取到 961 条数据
正在获取中熔电气 从20150105 到 20250710 的数据...
  获取到 966 条数据
正在获取新柴股份 从20150105 到 20250710 的数据...
  获取到 961 条数据
正在获取迈普医学 从20150105 到 20250710 的数据...
  获取到 949 条数据
正在获取润丰股份 从20150105 到 20250710 的数据...
  获取到 957 条数据
正在获取双乐股份 从20150105 到 20250710 的数据...
  获取到 956 条数据
正在获取保立佳 从20150105 到 20250710 的数据...
  获取到 955 条数据
正在获取深水规院 从20150105 到 20250710 的数据...
  获取到 952 条数据
正在获取中集车辆 从20150105 到 20250710 的数据...
  获取到 969 条数据
正在获取中环海陆 从20150105 到 20250710 的数据...
  获取到 953 条数据
正在获取金百泽 从20150105 到 20250710 的数据...
  获取到 947 条数据
正在获取安联锐视 从20150105 到 20250710 的数据...
  获取到 951 条数据
正在获取绿岛风 从20150105 到 20250710 的数据...
  获取到 947 条数据
正在获取天禄科技 从20150105 到 20250710 的数据...
  获取到 945 条数据
正在获取能辉科技 从20150105 到 20250710 的数据...
  获取到 943 条数据
正在获取义翘神州 从20150105 到 20250710 的数据...
  获取到 944 条数据
正在获取金鹰重工 从20150105 到 20250710 的数据...
  获取到 942 条数据
正在获取超越科技 从20150105 到 20250710 的数据...
  获取到 938 条数据
正在获取雷电微力 从20150105 到 20250710 的数据...
  获取到 938 条数据
正在获取信濠光电 从20150105 到 20250710 的数据...
  获取到 935 条数据
正在获取果麦文化 从20150105 到 20250710 的数据...
  获取到 934 条数据
正在获取远信工业 从20150105 到 20250710 的数据...
  获取到 932 条数据
正在获取张小泉 从20150105 到 20250710 的数据...
  获取到 929 条数据
正在获取森赫股份 从20150105 到 20250710 的数据...
  获取到 928 条数据
正在获取汇隆新材 从20150105 到 20250710 的数据...
  获取到 926 条数据
正在获取中粮科工 从20150105 到 20250710 的数据...
  获取到 926 条数据
正在获取金三江 从20150105 到 20250710 的数据...
  获取到 924 条数据
正在获取兰卫医学 从20150105 到 20250710 的数据...
  获取到 924 条数据
正在获取匠心家居 从20150105 到 20250710 的数据...
  获取到 924 条数据
正在获取上海艾录 从20150105 到 20250710 的数据...
  获取到 923 条数据
正在获取海锅股份 从20150105 到 20250710 的数据...
  获取到 917 条数据
正在获取本立科技 从20150105 到 20250710 的数据...
  获取到 923 条数据
正在获取万事利 从20150105 到 20250710 的数据...
  获取到 919 条数据
正在获取显盈科技 从20150105 到 20250710 的数据...
  获取到 919 条数据
正在获取大地海洋 从20150105 到 20250710 的数据...
  获取到 905 条数据
正在获取凯盛新材 从20150105 到 20250710 的数据...
  获取到 916 条数据
正在获取开勒股份 从20150105 到 20250710 的数据...
  获取到 918 条数据
正在获取力量钻石 从20150105 到 20250710 的数据...
  获取到 917 条数据
正在获取中捷精工 从20150105 到 20250710 的数据...
  获取到 914 条数据
正在获取君亭酒店 从20150105 到 20250710 的数据...
  获取到 913 条数据
正在获取多瑞医药 从20150105 到 20250710 的数据...
  获取到 914 条数据
正在获取新瀚新材 从20150105 到 20250710 的数据...
  获取到 911 条数据
正在获取星华新材 从20150105 到 20250710 的数据...
  获取到 913 条数据
正在获取孩子王 从20150105 到 20250710 的数据...
  获取到 908 条数据
正在获取邵阳液压 从20150105 到 20250710 的数据...
  获取到 895 条数据
正在获取百普赛斯 从20150105 到 20250710 的数据...
  获取到 906 条数据
正在获取严牌股份 从20150105 到 20250710 的数据...
  获取到 904 条数据
正在获取久盛电气 从20150105 到 20250710 的数据...
  获取到 899 条数据
正在获取百胜智能 从20150105 到 20250710 的数据...
  获取到 903 条数据
正在获取亚康股份 从20150105 到 20250710 的数据...
  获取到 906 条数据
正在获取鸿富瀚 从20150105 到 20250710 的数据...
  获取到 904 条数据
正在获取可孚医疗 从20150105 到 20250710 的数据...
  获取到 901 条数据
正在获取戎美股份 从20150105 到 20250710 的数据...
  获取到 898 条数据
正在获取拓新药业 从20150105 到 20250710 的数据...
  获取到 894 条数据
正在获取华润材料 从20150105 到 20250710 的数据...
  获取到 900 条数据
正在获取深城交 从20150105 到 20250710 的数据...
  获取到 897 条数据
正在获取争光股份 从20150105 到 20250710 的数据...
HTTPConnectionPool(host='api.waditu.com', port=80): Max retries exceeded with url: /dataapi/adj_factor (Caused by NameResolutionError("<urllib3.connection.HTTPConnection object at 0x7f33b4c5aa10>: Failed to resolve 'api.waditu.com' ([Errno -2] Name or service not known)"))
  获取到 895 条数据
正在获取华兰股份 从20150105 到 20250710 的数据...
  获取到 896 条数据
正在获取广立微 从20150105 到 20250710 的数据...
  获取到 709 条数据
正在获取百诚医药 从20150105 到 20250710 的数据...
  获取到 861 条数据
正在获取天益医疗 从20150105 到 20250710 的数据...
  获取到 791 条数据
正在获取金埔园林 从20150105 到 20250710 的数据...
  获取到 887 条数据
正在获取雅创电子 从20150105 到 20250710 的数据...
  获取到 881 条数据
正在获取风光股份 从20150105 到 20250710 的数据...
  获取到 862 条数据
正在获取明月镜片 从20150105 到 20250710 的数据...
  获取到 863 条数据
正在获取兆讯传媒 从20150105 到 20250710 的数据...
  获取到 797 条数据
正在获取何氏眼科 从20150105 到 20250710 的数据...
  获取到 801 条数据
正在获取鸿铭股份 从20150105 到 20250710 的数据...
  获取到 610 条数据
正在获取骏成科技 从20150105 到 20250710 的数据...
  获取到 823 条数据
正在获取瑜欣电子 从20150105 到 20250710 的数据...
  获取到 761 条数据
正在获取洁雅股份 从20150105 到 20250710 的数据...
  获取到 872 条数据
正在获取军信股份 从20150105 到 20250710 的数据...
  获取到 777 条数据
正在获取青木科技 从20150105 到 20250710 的数据...
  获取到 808 条数据
正在获取粤万年青 从20150105 到 20250710 的数据...
  获取到 870 条数据
正在获取信邦智能 从20150105 到 20250710 的数据...
  获取到 726 条数据
正在获取雅艺科技 从20150105 到 20250710 的数据...
  获取到 859 条数据
正在获取联检科技 从20150105 到 20250710 的数据...
  获取到 691 条数据
正在获取益客食品 从20150105 到 20250710 的数据...
  获取到 841 条数据
正在获取佳缘科技 从20150105 到 20250710 的数据...
  获取到 842 条数据
正在获取恒光股份 从20150105 到 20250710 的数据...
  获取到 883 条数据
正在获取正强股份 从20150105 到 20250710 的数据...
HTTPConnectionPool(host='api.waditu.com', port=80): Max retries exceeded with url: /dataapi/daily (Caused by NameResolutionError("<urllib3.connection.HTTPConnection object at 0x7f33b4c5a5c0>: Failed to resolve 'api.waditu.com' ([Errno -2] Name or service not known)"))
  获取到 881 条数据
正在获取新特电气 从20150105 到 20250710 的数据...
  获取到 783 条数据
正在获取紫建电子 从20150105 到 20250710 的数据...
  获取到 708 条数据
正在获取采纳股份 从20150105 到 20250710 的数据...
  获取到 835 条数据
正在获取奕东电子 从20150105 到 20250710 的数据...
  获取到 836 条数据
正在获取腾亚精工 从20150105 到 20250710 的数据...
  获取到 751 条数据
正在获取达嘉维康 从20150105 到 20250710 的数据...
HTTPConnectionPool(host='api.waditu.com', port=80): Max retries exceeded with url: /dataapi/daily (Caused by NameResolutionError("<urllib3.connection.HTTPConnection object at 0x7f33b4c5a890>: Failed to resolve 'api.waditu.com' ([Errno -2] Name or service not known)"))
  获取到 870 条数据
正在获取武汉天源 从20150105 到 20250710 的数据...
  获取到 853 条数据
正在获取强瑞技术 从20150105 到 20250710 的数据...
  获取到 889 条数据
正在获取瑞纳智能 从20150105 到 20250710 的数据...
  获取到 895 条数据
正在获取西点药业 从20150105 到 20250710 的数据...
  获取到 820 条数据
正在获取聚赛龙 从20150105 到 20250710 的数据...
  获取到 807 条数据
正在获取满坤科技 从20150105 到 20250710 的数据...
  获取到 706 条数据
正在获取金钟股份 从20150105 到 20250710 的数据...
  获取到 877 条数据
正在获取瑞德智能 从20150105 到 20250710 的数据...
  获取到 788 条数据
正在获取招标股份 从20150105 到 20250710 的数据...
  获取到 846 条数据
正在获取哈焊华通 从20150105 到 20250710 的数据...
  获取到 801 条数据
正在获取华研精机 从20150105 到 20250710 的数据...
  获取到 864 条数据
正在获取元道通信 从20150105 到 20250710 的数据...
  获取到 729 条数据
正在获取中科磁业 从20150105 到 20250710 的数据...
  获取到 550 条数据
正在获取嘉戎技术 从20150105 到 20250710 的数据...
  获取到 781 条数据
正在获取隆华新材 从20150105 到 20250710 的数据...
  获取到 889 条数据
正在获取中一科技 从20150105 到 20250710 的数据...
  获取到 781 条数据
正在获取冠龙节能 从20150105 到 20250710 的数据...
HTTPConnectionPool(host='api.waditu.com', port=80): Max retries exceeded with url: /dataapi/adj_factor (Caused by NameResolutionError("<urllib3.connection.HTTPConnection object at 0x7f33b4c585b0>: Failed to resolve 'api.waditu.com' ([Errno -2] Name or service not known)"))
  获取到 789 条数据
正在获取天力锂能 从20150105 到 20250710 的数据...
  获取到 693 条数据
正在获取中科江南 从20150105 到 20250710 的数据...
  获取到 765 条数据
正在获取海力风电 从20150105 到 20250710 的数据...
  获取到 879 条数据
正在获取美农生物 从20150105 到 20250710 的数据...
  获取到 744 条数据
正在获取华塑科技 从20150105 到 20250710 的数据...
HTTPConnectionPool(host='api.waditu.com', port=80): Max retries exceeded with url: /dataapi/adj_factor (Caused by NameResolutionError("<urllib3.connection.HTTPConnection object at 0x7f33b4c5add0>: Failed to resolve 'api.waditu.com' ([Errno -2] Name or service not known)"))
  获取到 567 条数据
正在获取德石股份 从20150105 到 20250710 的数据...
  获取到 842 条数据
正在获取三维天地 从20150105 到 20250710 的数据...
  获取到 848 条数据
正在获取翔楼新材 从20150105 到 20250710 的数据...
  获取到 753 条数据
正在获取唯万密封 从20150105 到 20250710 的数据...
  获取到 682 条数据
正在获取国能日新 从20150105 到 20250710 的数据...
  获取到 775 条数据
正在获取宏德股份 从20150105 到 20250710 的数据...
  获取到 783 条数据
正在获取锐捷网络 从20150105 到 20250710 的数据...
  获取到 639 条数据
正在获取优宁维 从20150105 到 20250710 的数据...
  获取到 855 条数据
正在获取建研设计 从20150105 到 20250710 的数据...
  获取到 871 条数据
正在获取通灵股份 从20150105 到 20250710 的数据...
  获取到 867 条数据
正在获取零点有数 从20150105 到 20250710 的数据...
  获取到 894 条数据
正在获取锡南科技 从20150105 到 20250710 的数据...
  获取到 495 条数据
正在获取易点天下 从20150105 到 20250710 的数据...
  获取到 699 条数据
正在获取君逸数码 从20150105 到 20250710 的数据...
  获取到 474 条数据
正在获取毓恬冠佳 从20150105 到 20250710 的数据...
  获取到 89 条数据
正在获取中科环保 从20150105 到 20250710 的数据...
  获取到 729 条数据
正在获取逸豪新材 从20150105 到 20250710 的数据...
  获取到 672 条数据
正在获取迪阿股份 从20150105 到 20250710 的数据...
  获取到 864 条数据
正在获取天亿马 从20150105 到 20250710 的数据...
  获取到 877 条数据
正在获取泽宇智能 从20150105 到 20250710 的数据...
  获取到 869 条数据
正在获取万祥科技 从20150105 到 20250710 的数据...
  获取到 885 条数据
正在获取标榜股份 从20150105 到 20250710 的数据...
  获取到 822 条数据
正在获取凯旺科技 从20150105 到 20250710 的数据...
  获取到 858 条数据
正在获取东田微 从20150105 到 20250710 的数据...
  获取到 761 条数据
正在获取鸥玛软件 从20150105 到 20250710 的数据...
  获取到 882 条数据
正在获取超达装备 从20150105 到 20250710 的数据...
  获取到 856 条数据
正在获取欧圣电气 从20150105 到 20250710 的数据...
  获取到 780 条数据
正在获取力诺药包 从20150105 到 20250710 的数据...
  获取到 888 条数据
正在获取奥尼电子 从20150105 到 20250710 的数据...
  获取到 855 条数据
正在获取善水科技 从20150105 到 20250710 的数据...
  获取到 857 条数据
正在获取菲菱科思 从20150105 到 20250710 的数据...
  获取到 759 条数据
正在获取泰祥股份 从20150105 到 20250710 的数据...
  获取到 705 条数据
正在获取家联科技 从20150105 到 20250710 的数据...
  获取到 868 条数据
正在获取北路智控 从20150105 到 20250710 的数据...
  获取到 713 条数据
正在获取唯科科技 从20150105 到 20250710 的数据...
  获取到 846 条数据
正在获取工大科雅 从20150105 到 20250710 的数据...
  获取到 708 条数据
正在获取喜悦智行 从20150105 到 20250710 的数据...
  获取到 873 条数据
正在获取迈赫股份 从20150105 到 20250710 的数据...
  获取到 870 条数据
正在获取大族数控 从20150105 到 20250710 的数据...
  获取到 817 条数据
正在获取诚达药业 从20150105 到 20250710 的数据...
  获取到 839 条数据
正在获取朗威股份 从20150105 到 20250710 的数据...
  获取到 489 条数据
正在获取国泰环保 从20150105 到 20250710 的数据...
  获取到 549 条数据
正在获取联特科技 从20150105 到 20250710 的数据...
  获取到 683 条数据
正在获取三元生物 从20150105 到 20250710 的数据...
  获取到 829 条数据
正在获取华兰疫苗 从20150105 到 20250710 的数据...
  获取到 823 条数据
正在获取中亦科技 从20150105 到 20250710 的数据...
HTTPConnectionPool(host='api.waditu.com', port=80): Max retries exceeded with url: /dataapi/daily (Caused by NameResolutionError("<urllib3.connection.HTTPConnection object at 0x7f33b4c5bbb0>: Failed to resolve 'api.waditu.com' ([Errno -2] Name or service not known)"))
  获取到 730 条数据
正在获取联合化学 从20150105 到 20250710 的数据...
  获取到 695 条数据
正在获取金杨股份 从20150105 到 20250710 的数据...
  获取到 492 条数据
正在获取亨迪药业 从20150105 到 20250710 的数据...
  获取到 859 条数据
正在获取联盛化学 从20150105 到 20250710 的数据...
  获取到 783 条数据
正在获取观想科技 从20150105 到 20250710 的数据...
  获取到 871 条数据
正在获取中汽股份 从20150105 到 20250710 的数据...
  获取到 811 条数据
正在获取万凯新材 从20150105 到 20250710 的数据...
  获取到 796 条数据
正在获取铜冠铜箔 从20150105 到 20250710 的数据...
  获取到 834 条数据
正在获取华是科技 从20150105 到 20250710 的数据...
  获取到 812 条数据
正在获取腾远钴业 从20150105 到 20250710 的数据...
  获取到 804 条数据
正在获取亚香股份 从20150105 到 20250710 的数据...
HTTPConnectionPool(host='api.waditu.com', port=80): Max retries exceeded with url: /dataapi/daily (Caused by NameResolutionError("<urllib3.connection.HTTPConnection object at 0x7f33b4c5ae60>: Failed to resolve 'api.waditu.com' ([Errno -2] Name or service not known)"))
  获取到 741 条数据
正在获取光庭信息 从20150105 到 20250710 的数据...
HTTPConnectionPool(host='api.waditu.com', port=80): Max retries exceeded with url: /dataapi/adj_factor (Caused by NameResolutionError("<urllib3.connection.HTTPConnection object at 0x7f33b4c5a770>: Failed to resolve 'api.waditu.com' ([Errno -2] Name or service not known)"))
  获取到 859 条数据
正在获取浙江恒威 从20150105 到 20250710 的数据...
  获取到 810 条数据
正在获取中荣股份 从20150105 到 20250710 的数据...
  获取到 657 条数据
正在获取恒勃股份 从20150105 到 20250710 的数据...
  获取到 500 条数据
正在获取祥明智能 从20150105 到 20250710 的数据...
  获取到 798 条数据
正在获取森鹰窗业 从20150105 到 20250710 的数据...
  获取到 674 条数据
正在获取实朴检测 从20150105 到 20250710 的数据...
  获取到 833 条数据
正在获取纽泰格 从20150105 到 20250710 的数据...
  获取到 821 条数据
正在获取泓博医药 从20150105 到 20250710 的数据...
  获取到 653 条数据
正在获取荣信文化 从20150105 到 20250710 的数据...
  获取到 685 条数据
正在获取飞沃科技 从20150105 到 20250710 的数据...
  获取到 501 条数据
正在获取盛帮股份 从20150105 到 20250710 的数据...
  获取到 731 条数据
正在获取五洲医疗 从20150105 到 20250710 的数据...
  获取到 732 条数据
正在获取华康洁净 从20150105 到 20250710 的数据...
  获取到 833 条数据
正在获取软通动力 从20150105 到 20250710 的数据...
  获取到 806 条数据
正在获取和顺科技 从20150105 到 20250710 的数据...
  获取到 800 条数据
正在获取瑞泰新材 从20150105 到 20250710 的数据...
  获取到 744 条数据
正在获取普瑞眼科 从20150105 到 20250710 的数据...
  获取到 732 条数据
正在获取宏源药业 从20150105 到 20250710 的数据...
  获取到 560 条数据
正在获取杰创智能 从20150105 到 20250710 的数据...
  获取到 782 条数据
正在获取威尔高 从20150105 到 20250710 的数据...
  获取到 444 条数据
正在获取同星科技 从20150105 到 20250710 的数据...
  获取到 516 条数据
正在获取通力科技 从20150105 到 20250710 的数据...
  获取到 613 条数据
正在获取华融化学 从20150105 到 20250710 的数据...
  获取到 801 条数据
正在获取普蕊斯 从20150105 到 20250710 的数据...
HTTPConnectionPool(host='api.waditu.com', port=80): Max retries exceeded with url: /dataapi/daily (Caused by NameResolutionError("<urllib3.connection.HTTPConnection object at 0x7f33b4c5bdf0>: Failed to resolve 'api.waditu.com' ([Errno -2] Name or service not known)"))
  获取到 766 条数据
正在获取富士莱 从20150105 到 20250710 的数据...
  获取到 796 条数据
正在获取艾布鲁 从20150105 到 20250710 的数据...
  获取到 778 条数据
正在获取格力博 从20150105 到 20250710 的数据...
  获取到 588 条数据
正在获取恒工精密 从20150105 到 20250710 的数据...
  获取到 486 条数据
正在获取海看股份 从20150105 到 20250710 的数据...
  获取到 498 条数据
正在获取泰恩康 从20150105 到 20250710 的数据...
  获取到 796 条数据
正在获取华新环保 从20150105 到 20250710 的数据...
  获取到 620 条数据
正在获取宇邦新材 从20150105 到 20250710 的数据...
  获取到 751 条数据
正在获取华厦眼科 从20150105 到 20250710 的数据...
  获取到 649 条数据
正在获取铭利达 从20150105 到 20250710 的数据...
  获取到 791 条数据
正在获取华大九天 从20150105 到 20250710 的数据...
  获取到 704 条数据
正在获取汉仪股份 从20150105 到 20250710 的数据...
HTTPConnectionPool(host='api.waditu.com', port=80): Max retries exceeded with url: /dataapi/daily (Caused by NameResolutionError("<urllib3.connection.HTTPConnection object at 0x7f33b4c5ad10>: Failed to resolve 'api.waditu.com' ([Errno -2] Name or service not known)"))
  获取到 691 条数据
正在获取英华特 从20150105 到 20250710 的数据...
  获取到 483 条数据
正在获取瑞晨环保 从20150105 到 20250710 的数据...
  获取到 658 条数据
正在获取汉朔科技 从20150105 到 20250710 的数据...
  获取到 83 条数据
正在获取嘉曼服饰 从20150105 到 20250710 的数据...
  获取到 684 条数据
正在获取新天地 从20150105 到 20250710 的数据...
  获取到 642 条数据
正在获取快可电子 从20150105 到 20250710 的数据...
  获取到 710 条数据
正在获取金道科技 从20150105 到 20250710 的数据...
  获取到 787 条数据
正在获取珠城科技 从20150105 到 20250710 的数据...
  获取到 614 条数据
正在获取科源制药 从20150105 到 20250710 的数据...
  获取到 539 条数据
正在获取金禄电子 从20150105 到 20250710 的数据...
  获取到 694 条数据
正在获取聚胶股份 从20150105 到 20250710 的数据...
  获取到 689 条数据
正在获取鸿日达 从20150105 到 20250710 的数据...
  获取到 672 条数据
正在获取侨源股份 从20150105 到 20250710 的数据...
  获取到 747 条数据
正在获取康力源 从20150105 到 20250710 的数据...
  获取到 502 条数据
正在获取*ST清研 从20150105 到 20250710 的数据...
  获取到 779 条数据
正在获取国缆检测 从20150105 到 20250710 的数据...
  获取到 741 条数据
正在获取东星医疗 从20150105 到 20250710 的数据...
  获取到 632 条数据
正在获取明阳电气 从20150105 到 20250710 的数据...
  获取到 492 条数据
正在获取海科新源 从20150105 到 20250710 的数据...
  获取到 487 条数据
正在获取三博脑科 从20150105 到 20250710 的数据...
  获取到 530 条数据
正在获取美硕科技 从20150105 到 20250710 的数据...
  获取到 494 条数据
正在获取新巨丰 从20150105 到 20250710 的数据...
  获取到 689 条数据
正在获取富乐德 从20150105 到 20250710 的数据...
  获取到 600 条数据
正在获取东利机械 从20150105 到 20250710 的数据...
  获取到 753 条数据
正在获取卓创资讯 从20150105 到 20250710 的数据...
  获取到 662 条数据
正在获取远翔新材 从20150105 到 20250710 的数据...
  获取到 699 条数据
正在获取川宁生物 从20150105 到 20250710 的数据...
  获取到 613 条数据
正在获取华如科技 从20150105 到 20250710 的数据...
  获取到 740 条数据
正在获取真兰仪表 从20150105 到 20250710 的数据...
  获取到 580 条数据
正在获取朗坤科技 从20150105 到 20250710 的数据...
  获取到 518 条数据
正在获取西测测试 从20150105 到 20250710 的数据...
  获取到 717 条数据
正在获取美利信 从20150105 到 20250710 的数据...
  获取到 536 条数据
正在获取江波龙 从20150105 到 20250710 的数据...
  获取到 709 条数据
正在获取万得凯 从20150105 到 20250710 的数据...
  获取到 679 条数据
正在获取鑫宏业 从20150105 到 20250710 的数据...
  获取到 510 条数据
正在获取昆船智能 从20150105 到 20250710 的数据...
  获取到 632 条数据
正在获取智立方 从20150105 到 20250710 的数据...
  获取到 728 条数据
正在获取凡拓数创 从20150105 到 20250710 的数据...
  获取到 670 条数据
正在获取科瑞思 从20150105 到 20250710 的数据...
  获取到 554 条数据
正在获取威士顿 从20150105 到 20250710 的数据...
  获取到 497 条数据
正在获取慧博云通 从20150105 到 20250710 的数据...
  获取到 656 条数据
正在获取鑫磊股份 从20150105 到 20250710 的数据...
  获取到 597 条数据
正在获取维海德 从20150105 到 20250710 的数据...
  获取到 706 条数据
正在获取唯特偶 从20150105 到 20250710 的数据...
  获取到 671 条数据
正在获取豪江智能 从20150105 到 20250710 的数据...
  获取到 505 条数据
正在获取翰博高新 从20150105 到 20250710 的数据...
  获取到 700 条数据
正在获取绿通科技 从20150105 到 20250710 的数据...
  获取到 570 条数据
正在获取新莱福 从20150105 到 20250710 的数据...
  获取到 498 条数据
正在获取曼恩斯特 从20150105 到 20250710 的数据...
  获取到 525 条数据
正在获取捷邦科技 从20150105 到 20250710 的数据...
  获取到 677 条数据
正在获取华宝新能 从20150105 到 20250710 的数据...
  获取到 679 条数据
正在获取维峰电子 从20150105 到 20250710 的数据...
  获取到 685 条数据
正在获取信音电子 从20150105 到 20250710 的数据...
  获取到 481 条数据
正在获取熵基科技 从20150105 到 20250710 的数据...
  获取到 701 条数据
正在获取恩威医药 从20150105 到 20250710 的数据...
  获取到 677 条数据
正在获取德尔玛 从20150105 到 20250710 的数据...
  获取到 521 条数据
正在获取诺思格 从20150105 到 20250710 的数据...
  获取到 712 条数据
正在获取天元宠物 从20150105 到 20250710 的数据...
  获取到 630 条数据
正在获取趣睡科技 从20150105 到 20250710 的数据...
  获取到 704 条数据
正在获取亚华电子 从20150105 到 20250710 的数据...
  获取到 515 条数据
正在获取凯格精机 从20150105 到 20250710 的数据...
  获取到 702 条数据
正在获取通行宝 从20150105 到 20250710 的数据...
  获取到 684 条数据
正在获取涛涛车业 从20150105 到 20250710 的数据...
  获取到 559 条数据
正在获取蓝箭电子 从20150105 到 20250710 的数据...
  获取到 463 条数据
正在获取信德新材 从20150105 到 20250710 的数据...
  获取到 684 条数据
正在获取普莱得 从20150105 到 20250710 的数据...
  获取到 513 条数据
正在获取南王科技 从20150105 到 20250710 的数据...
  获取到 504 条数据
正在获取天振股份 从20150105 到 20250710 的数据...
  获取到 644 条数据
正在获取北方长龙 从20150105 到 20250710 的数据...
  获取到 530 条数据
正在获取湖南裕能 从20150105 到 20250710 的数据...
  获取到 587 条数据
正在获取东南电子 从20150105 到 20250710 的数据...
  获取到 647 条数据
正在获取荣旗科技 从20150105 到 20250710 的数据...
  获取到 535 条数据
正在获取众智科技 从20150105 到 20250710 的数据...
  获取到 642 条数据
正在获取民爆光电 从20150105 到 20250710 的数据...
  获取到 467 条数据
正在获取美好医疗 从20150105 到 20250710 的数据...
  获取到 667 条数据
正在获取矩阵股份 从20150105 到 20250710 的数据...
  获取到 638 条数据
正在获取一博科技 从20150105 到 20250710 的数据...
  获取到 674 条数据
正在获取瑞迈特 从20150105 到 20250710 的数据...
  获取到 653 条数据
正在获取丰立智能 从20150105 到 20250710 的数据...
  获取到 621 条数据
正在获取联动科技 从20150105 到 20250710 的数据...
  获取到 676 条数据
正在获取国科恒泰 从20150105 到 20250710 的数据...
  获取到 484 条数据
正在获取敷尔佳 从20150105 到 20250710 的数据...
  获取到 470 条数据
正在获取科净源 从20150105 到 20250710 的数据...
  获取到 462 条数据
正在获取凌玮科技 从20150105 到 20250710 的数据...
HTTPConnectionPool(host='api.waditu.com', port=80): Max retries exceeded with url: /dataapi/daily (Caused by NameResolutionError("<urllib3.connection.HTTPConnection object at 0x7f33b4c70100>: Failed to resolve 'api.waditu.com' ([Errno -2] Name or service not known)"))
  获取到 588 条数据
正在获取致欧科技 从20150105 到 20250710 的数据...
  获取到 497 条数据
正在获取鼎泰高科 从20150105 到 20250710 的数据...
  获取到 638 条数据
正在获取通达海 从20150105 到 20250710 的数据...
  获取到 560 条数据
正在获取天山电子 从20150105 到 20250710 的数据...
  获取到 653 条数据
正在获取挖金客 从20150105 到 20250710 的数据...
  获取到 658 条数据
正在获取赛维时代 从20150105 到 20250710 的数据...
  获取到 484 条数据
正在获取蜂助手 从20150105 到 20250710 的数据...
  获取到 522 条数据
正在获取天键股份 从20150105 到 20250710 的数据...
  获取到 505 条数据
正在获取未来电器 从20150105 到 20250710 的数据...
  获取到 553 条数据
正在获取光大同创 从20150105 到 20250710 的数据...
  获取到 540 条数据
正在获取欣灵电气 从20150105 到 20250710 的数据...
  获取到 647 条数据
正在获取隆扬电子 从20150105 到 20250710 的数据...
  获取到 654 条数据
正在获取经纬股份 从20150105 到 20250710 的数据...
  获取到 529 条数据
正在获取卡莱特 从20150105 到 20250710 的数据...
  获取到 631 条数据
正在获取汇成真空 从20150105 到 20250710 的数据...
  获取到 267 条数据
正在获取昊帆生物 从20150105 到 20250710 的数据...
  获取到 484 条数据
正在获取仁信新材 从20150105 到 20250710 的数据...
  获取到 491 条数据
正在获取宏景科技 从20150105 到 20250710 的数据...
  获取到 645 条数据
正在获取溯联股份 从20150105 到 20250710 的数据...
  获取到 494 条数据
正在获取星源卓镁 从20150105 到 20250710 的数据...
  获取到 621 条数据
正在获取英特科技 从20150105 到 20250710 的数据...
  获取到 518 条数据
正在获取华人健康 从20150105 到 20250710 的数据...
  获取到 573 条数据
正在获取安培龙 从20150105 到 20250710 的数据...
  获取到 377 条数据
正在获取协昌科技 从20150105 到 20250710 的数据...
  获取到 456 条数据
正在获取阿莱德 从20150105 到 20250710 的数据...
  获取到 587 条数据
正在获取波长光电 从20150105 到 20250710 的数据...
  获取到 454 条数据
正在获取世纪恒通 从20150105 到 20250710 的数据...
  获取到 520 条数据
正在获取森泰股份 从20150105 到 20250710 的数据...
  获取到 541 条数据
正在获取泓淋电力 从20150105 到 20250710 的数据...
  获取到 561 条数据
正在获取福事特 从20150105 到 20250710 的数据...
  获取到 475 条数据
正在获取开创电气 从20150105 到 20250710 的数据...
  获取到 499 条数据
正在获取盘古智能 从20150105 到 20250710 的数据...
  获取到 482 条数据
正在获取钧崴电子 从20150105 到 20250710 的数据...
  获取到 119 条数据
正在获取丰茂股份 从20150105 到 20250710 的数据...
  获取到 380 条数据
正在获取博盈特焊 从20150105 到 20250710 的数据...
  获取到 476 条数据
正在获取恒达新材 从20150105 到 20250710 的数据...
  获取到 455 条数据
正在获取弘景光电 从20150105 到 20250710 的数据...
  获取到 78 条数据
正在获取致尚科技 从20150105 到 20250710 的数据...
  获取到 477 条数据
正在获取盟固利 从20150105 到 20250710 的数据...
  获取到 464 条数据
正在获取豪恩汽电 从20150105 到 20250710 的数据...
  获取到 490 条数据
正在获取思泉新材 从20150105 到 20250710 的数据...
  获取到 416 条数据
正在获取乖宝宠物 从20150105 到 20250710 的数据...
  获取到 459 条数据
正在获取维科精密 从20150105 到 20250710 的数据...
  获取到 477 条数据
正在获取飞南资源 从20150105 到 20250710 的数据...
  获取到 433 条数据
正在获取恒鑫生活 从20150105 到 20250710 的数据...
  获取到 77 条数据
正在获取华阳智能 从20150105 到 20250710 的数据...
  获取到 344 条数据
正在获取智迪科技 从20150105 到 20250710 的数据...
  获取到 481 条数据
正在获取苏州规划 从20150105 到 20250710 的数据...
  获取到 472 条数据
正在获取民生健康 从20150105 到 20250710 的数据...
  获取到 445 条数据
正在获取中机认检 从20150105 到 20250710 的数据...
  获取到 388 条数据
正在获取金凯生科 从20150105 到 20250710 的数据...
  获取到 468 条数据
正在获取固高科技 从20150105 到 20250710 的数据...
  获取到 460 条数据
正在获取德福科技 从20150105 到 20250710 的数据...
  获取到 458 条数据
正在获取智信精密 从20150105 到 20250710 的数据...
  获取到 478 条数据
正在获取港通医疗 从20150105 到 20250710 的数据...
  获取到 475 条数据
正在获取中远通 从20150105 到 20250710 的数据...
  获取到 383 条数据
正在获取陕西华达 从20150105 到 20250710 的数据...
  获取到 421 条数据
正在获取长华化学 从20150105 到 20250710 的数据...
  获取到 468 条数据
正在获取舜禹股份 从20150105 到 20250710 的数据...
  获取到 473 条数据
正在获取万邦医药 从20150105 到 20250710 的数据...
  获取到 431 条数据
正在获取上大股份 从20150105 到 20250710 的数据...
  获取到 180 条数据
正在获取儒竞科技 从20150105 到 20250710 的数据...
  获取到 449 条数据
正在获取国际复材 从20150105 到 20250710 的数据...
  获取到 371 条数据
正在获取多浦乐 从20150105 到 20250710 的数据...
  获取到 451 条数据
正在获取福赛科技 从20150105 到 20250710 的数据...
  获取到 441 条数据
正在获取威马农机 从20150105 到 20250710 的数据...
  获取到 457 条数据
正在获取浙江华远 从20150105 到 20250710 的数据...
  获取到 71 条数据
正在获取星宸科技 从20150105 到 20250710 的数据...
  获取到 311 条数据
正在获取骏鼎达 从20150105 到 20250710 的数据...
  获取到 317 条数据
正在获取宏鑫科技 从20150105 到 20250710 的数据...
  获取到 301 条数据
正在获取崇德科技 从20150105 到 20250710 的数据...
  获取到 434 条数据
正在获取斯菱股份 从20150105 到 20250710 的数据...
  获取到 437 条数据
正在获取无线传媒 从20150105 到 20250710 的数据...
  获取到 189 条数据
正在获取科力装备 从20150105 到 20250710 的数据...
  获取到 235 条数据
正在获取惠柏新材 从20150105 到 20250710 的数据...
  获取到 411 条数据
正在获取托普云农 从20150105 到 20250710 的数据...
  获取到 179 条数据
正在获取常友科技 从20150105 到 20250710 的数据...
  获取到 88 条数据
正在获取三态股份 从20150105 到 20250710 的数据...
  获取到 428 条数据
正在获取中集环科 从20150105 到 20250710 的数据...
  获取到 425 条数据
正在获取众捷汽车 从20150105 到 20250710 的数据...
  获取到 51 条数据
正在获取中仑新材 从20150105 到 20250710 的数据...
  获取到 257 条数据
正在获取达利凯普 从20150105 到 20250710 的数据...
  获取到 368 条数据
正在获取贝隆精密 从20150105 到 20250710 的数据...
  获取到 357 条数据
正在获取思泰克 从20150105 到 20250710 的数据...
  获取到 391 条数据
正在获取国科天成 从20150105 到 20250710 的数据...
  获取到 213 条数据
正在获取美信科技 从20150105 到 20250710 的数据...
  获取到 351 条数据
正在获取辰奕智能 从20150105 到 20250710 的数据...
  获取到 369 条数据
正在获取爱迪特 从20150105 到 20250710 的数据...
  获取到 253 条数据
正在获取黄山谷捷 从20150105 到 20250710 的数据...
  获取到 124 条数据
正在获取蓝宇股份 从20150105 到 20250710 的数据...
  获取到 133 条数据
正在获取佳力奇 从20150105 到 20250710 的数据...
  获取到 208 条数据
正在获取中瑞股份 从20150105 到 20250710 的数据...
  获取到 306 条数据
正在获取美新科技 从20150105 到 20250710 的数据...
  获取到 322 条数据
正在获取诺瓦星云 从20150105 到 20250710 的数据...
  获取到 340 条数据
正在获取优优绿能 从20150105 到 20250710 的数据...
  获取到 26 条数据
正在获取肯特股份 从20150105 到 20250710 的数据...
  获取到 332 条数据
正在获取六九一二 从20150105 到 20250710 的数据...
  获取到 174 条数据
正在获取太力科技 从20150105 到 20250710 的数据...
  获取到 38 条数据
正在获取瑞迪智驱 从20150105 到 20250710 的数据...
  获取到 284 条数据
正在获取博科测试 从20150105 到 20250710 的数据...
  获取到 133 条数据
正在获取慧翰股份 从20150105 到 20250710 的数据...
  获取到 198 条数据
正在获取惠通科技 从20150105 到 20250710 的数据...
  获取到 116 条数据
正在获取超研股份 从20150105 到 20250710 的数据...
  获取到 111 条数据
正在获取乔锋智能 从20150105 到 20250710 的数据...
  获取到 243 条数据
正在获取绿联科技 从20150105 到 20250710 的数据...
  获取到 231 条数据
正在获取富特科技 从20150105 到 20250710 的数据...
  获取到 203 条数据
正在获取博实结 从20150105 到 20250710 的数据...
  获取到 227 条数据
正在获取珂玛科技 从20150105 到 20250710 的数据...
  获取到 216 条数据
正在获取新铝时代 从20150105 到 20250710 的数据...
  获取到 163 条数据
正在获取浙江华业 从20150105 到 20250710 的数据...
  获取到 71 条数据
正在获取博苑股份 从20150105 到 20250710 的数据...
  获取到 140 条数据
正在获取长联科技 从20150105 到 20250710 的数据...
  获取到 187 条数据
正在获取英思特 从20150105 到 20250710 的数据...
  获取到 145 条数据
正在获取苏州天脉 从20150105 到 20250710 的数据...
  获取到 174 条数据
正在获取强达电路 从20150105 到 20250710 的数据...
  获取到 169 条数据
正在获取矽电股份 从20150105 到 20250710 的数据...
  获取到 74 条数据
正在获取壹连科技 从20150105 到 20250710 的数据...
  获取到 153 条数据
正在获取港迪技术 从20150105 到 20250710 的数据...
  获取到 164 条数据
正在获取泽润新能 从20150105 到 20250710 的数据...
  获取到 39 条数据
正在获取首航新能 从20150105 到 20250710 的数据...
  获取到 67 条数据
正在获取宏工科技 从20150105 到 20250710 的数据...
  获取到 57 条数据
正在获取泰禾股份 从20150105 到 20250710 的数据...
  获取到 61 条数据
正在获取新恒汇 从20150105 到 20250710 的数据...
  获取到 15 条数据
正在获取中航成飞 从20150105 到 20250710 的数据...
  获取到 2546 条数据
正在获取星昊医药 从20150105 到 20250710 的数据...
  获取到 1472 条数据
正在获取诺思兰德 从20150105 到 20250710 的数据...
  获取到 1797 条数据
正在获取同辉信息 从20150105 到 20250710 的数据...
  获取到 1717 条数据
正在获取华岭股份 从20150105 到 20250710 的数据...
  获取到 2302 条数据
正在获取微创光电 从20150105 到 20250710 的数据...
  获取到 1792 条数据
正在获取辰光医疗 从20150105 到 20250710 的数据...
  获取到 1996 条数据
正在获取苏轴股份 从20150105 到 20250710 的数据...
  获取到 2294 条数据
正在获取乐创技术 从20150105 到 20250710 的数据...
  获取到 1108 条数据
正在获取海能技术 从20150105 到 20250710 的数据...
  获取到 1884 条数据
正在获取峆一药业 从20150105 到 20250710 的数据...
  获取到 1267 条数据
正在获取丰光精密 从20150105 到 20250710 的数据...
  获取到 1295 条数据
正在获取雅达股份 从20150105 到 20250710 的数据...
  获取到 1975 条数据
正在获取天润科技 从20150105 到 20250710 的数据...
  获取到 996 条数据
正在获取新芝生物 从20150105 到 20250710 的数据...
  获取到 1185 条数据
正在获取合肥高科 从20150105 到 20250710 的数据...
  获取到 1410 条数据
正在获取浦发银行 从20150105 到 20250710 的数据...
  获取到 2524 条数据
正在获取白云机场 从20150105 到 20250710 的数据...
  获取到 2556 条数据
正在获取东风股份 从20150105 到 20250710 的数据...
  获取到 2504 条数据
正在获取中国国贸 从20150105 到 20250710 的数据...
  获取到 2556 条数据
正在获取首创环保 从20150105 到 20250710 的数据...
  获取到 2540 条数据
正在获取上海机场 从20150105 到 20250710 的数据...
  获取到 2545 条数据
正在获取包钢股份 从20150105 到 20250710 的数据...
  获取到 2547 条数据
正在获取华能国际 从20150105 到 20250710 的数据...
  获取到 2556 条数据
正在获取皖通高速 从20150105 到 20250710 的数据...
  获取到 2546 条数据
正在获取华夏银行 从20150105 到 20250710 的数据...
  获取到 2556 条数据
正在获取民生银行 从20150105 到 20250710 的数据...
  获取到 2556 条数据
正在获取日照港 从20150105 到 20250710 的数据...
  获取到 2556 条数据
正在获取上港集团 从20150105 到 20250710 的数据...
  获取到 2553 条数据
正在获取宝钢股份 从20150105 到 20250710 的数据...
  获取到 2464 条数据
正在获取中原高速 从20150105 到 20250710 的数据...
  获取到 2556 条数据
正在获取上海电力 从20150105 到 20250710 的数据...
  获取到 2479 条数据
正在获取山东钢铁 从20150105 到 20250710 的数据...
  获取到 2459 条数据
正在获取浙能电力 从20150105 到 20250710 的数据...
  获取到 2556 条数据
正在获取华能水电 从20150105 到 20250710 的数据...
  获取到 1835 条数据
正在获取中远海能 从20150105 到 20250710 的数据...
  获取到 2458 条数据
正在获取华电国际 从20150105 到 20250710 的数据...
  获取到 2545 条数据
正在获取中国石化 从20150105 到 20250710 的数据...
  获取到 2556 条数据
正在获取南方航空 从20150105 到 20250710 的数据...
  获取到 2553 条数据
正在获取中信证券 从20150105 到 20250710 的数据...
  获取到 2539 条数据
正在获取三一重工 从20150105 到 20250710 的数据...
  获取到 2555 条数据
正在获取浙江新能 从20150105 到 20250710 的数据...
  获取到 1002 条数据
正在获取福建高速 从20150105 到 20250710 的数据...
  获取到 2556 条数据
正在获取楚天高速 从20150105 到 20250710 的数据...
  获取到 2418 条数据
正在获取招商银行 从20150105 到 20250710 的数据...
  获取到 2551 条数据
正在获取歌华有线 从20150105 到 20250710 的数据...
  获取到 2527 条数据
正在获取中直股份 从20150105 到 20250710 的数据...
  获取到 2546 条数据
正在获取四川路桥 从20150105 到 20250710 的数据...
  获取到 2534 条数据
正在获取保利发展 从20150105 到 20250710 的数据...
  获取到 2549 条数据
正在获取中国联通 从20150105 到 20250710 的数据...
  获取到 2461 条数据
正在获取宁波联合 从20150105 到 20250710 的数据...
  获取到 2485 条数据
正在获取东望时代 从20150105 到 20250710 的数据...
  获取到 2418 条数据
正在获取九鼎投资 从20150105 到 20250710 的数据...
  获取到 2371 条数据
正在获取黄山旅游 从20150105 到 20250710 的数据...
  获取到 2551 条数据
正在获取万东医疗 从20150105 到 20250710 的数据...
  获取到 2528 条数据
正在获取中国医药 从20150105 到 20250710 的数据...
  获取到 2541 条数据
正在获取厦门象屿 从20150105 到 20250710 的数据...
  获取到 2533 条数据
正在获取五矿发展 从20150105 到 20250710 的数据...
  获取到 2486 条数据
正在获取古越龙山 从20150105 到 20250710 的数据...
  获取到 2556 条数据
正在获取海信视像 从20150105 到 20250710 的数据...
  获取到 2553 条数据
正在获取国投资本 从20150105 到 20250710 的数据...
  获取到 2514 条数据
正在获取华润双鹤 从20150105 到 20250710 的数据...
  获取到 2524 条数据
正在获取皖维高新 从20150105 到 20250710 的数据...
  获取到 2550 条数据
正在获取南京高科 从20150105 到 20250710 的数据...
  获取到 2555 条数据
正在获取宇通客车 从20150105 到 20250710 的数据...
  获取到 2555 条数据
正在获取冠城新材 从20150105 到 20250710 的数据...
  获取到 2554 条数据
正在获取凤凰光学 从20150105 到 20250710 的数据...
  获取到 2432 条数据
正在获取中船科技 从20150105 到 20250710 的数据...
  获取到 2449 条数据
正在获取光明肉业 从20150105 到 20250710 的数据...
  获取到 2510 条数据
正在获取新疆天业 从20150105 到 20250710 的数据...
  获取到 2463 条数据
正在获取康欣新材 从20150105 到 20250710 的数据...
  获取到 2383 条数据
正在获取澄星股份 从20150105 到 20250710 的数据...
  获取到 2476 条数据
正在获取人福医药 从20150105 到 20250710 的数据...
  获取到 2532 条数据
正在获取金花股份 从20150105 到 20250710 的数据...
  获取到 2529 条数据
正在获取东风科技 从20150105 到 20250710 的数据...
  获取到 2533 条数据
正在获取海泰发展 从20150105 到 20250710 的数据...
  获取到 2547 条数据
正在获取中信尼雅 从20150105 到 20250710 的数据...
  获取到 2320 条数据
正在获取同仁堂 从20150105 到 20250710 的数据...
  获取到 2556 条数据
正在获取中视传媒 从20150105 到 20250710 的数据...
  获取到 2556 条数据
正在获取特变电工 从20150105 到 20250710 的数据...
  获取到 2546 条数据
正在获取大名城 从20150105 到 20250710 的数据...
  获取到 2524 条数据
正在获取湘财股份 从20150105 到 20250710 的数据...
  获取到 2518 条数据
正在获取云天化 从20150105 到 20250710 的数据...
  获取到 2554 条数据
正在获取开创国际 从20150105 到 20250710 的数据...
  获取到 2417 条数据
正在获取广州发展 从20150105 到 20250710 的数据...
  获取到 2554 条数据
正在获取林海股份 从20150105 到 20250710 的数据...
  获取到 2361 条数据
正在获取同方股份 从20150105 到 20250710 的数据...
  获取到 2440 条数据
正在获取明星电力 从20150105 到 20250710 的数据...
  获取到 2556 条数据
正在获取青山纸业 从20150105 到 20250710 的数据...
  获取到 2525 条数据
正在获取上汽集团 从20150105 到 20250710 的数据...
  获取到 2536 条数据
正在获取永鼎股份 从20150105 到 20250710 的数据...
  获取到 2524 条数据
正在获取重庆路桥 从20150105 到 20250710 的数据...
  获取到 2459 条数据
正在获取ST尔雅 从20150105 到 20250710 的数据...
  获取到 2510 条数据
正在获取亚盛集团 从20150105 到 20250710 的数据...
  获取到 2555 条数据
正在获取国金证券 从20150105 到 20250710 的数据...
  获取到 2536 条数据
正在获取诺德股份 从20150105 到 20250710 的数据...
  获取到 2356 条数据
正在获取北方稀土 从20150105 到 20250710 的数据...
  获取到 2556 条数据
正在获取浙江东日 从20150105 到 20250710 的数据...
  获取到 2447 条数据
正在获取东睦股份 从20150105 到 20250710 的数据...
  获取到 2530 条数据
正在获取中国东航 从20150105 到 20250710 的数据...
  获取到 2542 条数据
正在获取三峡水利 从20150105 到 20250710 的数据...
  获取到 2544 条数据
正在获取西宁特钢 从20150105 到 20250710 的数据...
  获取到 2489 条数据
正在获取中国卫星 从20150105 到 20250710 的数据...
  获取到 2556 条数据
正在获取长江投资 从20150105 到 20250710 的数据...
  获取到 2550 条数据
正在获取浙江东方 从20150105 到 20250710 的数据...
  获取到 2373 条数据
正在获取郑州煤电 从20150105 到 20250710 的数据...
  获取到 2534 条数据
正在获取兰花科创 从20150105 到 20250710 的数据...
  获取到 2556 条数据
正在获取铁龙物流 从20150105 到 20250710 的数据...
  获取到 2553 条数据
正在获取杭钢股份 从20150105 到 20250710 的数据...
  获取到 2485 条数据
正在获取金健米业 从20150105 到 20250710 的数据...
  获取到 2526 条数据
正在获取苏豪弘业 从20150105 到 20250710 的数据...
  获取到 2556 条数据
正在获取太极集团 从20150105 到 20250710 的数据...
  获取到 2456 条数据
正在获取*ST波导 从20150105 到 20250710 的数据...
  获取到 2550 条数据
正在获取国网信通 从20150105 到 20250710 的数据...
  获取到 2545 条数据
正在获取重庆啤酒 从20150105 到 20250710 的数据...
  获取到 2556 条数据
正在获取东湖高新 从20150105 到 20250710 的数据...
  获取到 2466 条数据
正在获取乐凯胶片 从20150105 到 20250710 的数据...
  获取到 2545 条数据
正在获取ST明诚 从20150105 到 20250710 的数据...
  获取到 2294 条数据
正在获取浪莎股份 从20150105 到 20250710 的数据...
  获取到 2485 条数据
正在获取中青旅 从20150105 到 20250710 的数据...
  获取到 2546 条数据
正在获取兴发集团 从20150105 到 20250710 的数据...
  获取到 2522 条数据
正在获取金发科技 从20150105 到 20250710 的数据...
  获取到 2469 条数据
正在获取长春一东 从20150105 到 20250710 的数据...
  获取到 2463 条数据
正在获取廊坊发展 从20150105 到 20250710 的数据...
  获取到 2479 条数据
正在获取中国船舶 从20150105 到 20250710 的数据...
  获取到 2419 条数据
正在获取航天机电 从20150105 到 20250710 的数据...
  获取到 2379 条数据
正在获取维科技术 从20150105 到 20250710 的数据...
  获取到 2475 条数据
正在获取建发股份 从20150105 到 20250710 的数据...
  获取到 2322 条数据
正在获取华创云信 从20150105 到 20250710 的数据...
  获取到 2328 条数据
正在获取华升股份 从20150105 到 20250710 的数据...
  获取到 2519 条数据
正在获取永泰能源 从20150105 到 20250710 的数据...
  获取到 2300 条数据
正在获取中体产业 从20150105 到 20250710 的数据...
  获取到 2422 条数据
正在获取大龙地产 从20150105 到 20250710 的数据...
  获取到 2556 条数据
正在获取巨化股份 从20150105 到 20250710 的数据...
  获取到 2535 条数据
正在获取天坛生物 从20150105 到 20250710 的数据...
  获取到 2435 条数据
正在获取香江控股 从20150105 到 20250710 的数据...
  获取到 2457 条数据
正在获取中闽能源 从20150105 到 20250710 的数据...
  获取到 2527 条数据
正在获取ST宁科 从20150105 到 20250710 的数据...
  获取到 2305 条数据
正在获取福田汽车 从20150105 到 20250710 的数据...
  获取到 2552 条数据
正在获取联美控股 从20150105 到 20250710 的数据...
  获取到 2415 条数据
正在获取武汉控股 从20150105 到 20250710 的数据...
  获取到 2397 条数据
正在获取太原重工 从20150105 到 20250710 的数据...
  获取到 2551 条数据
正在获取上海建工 从20150105 到 20250710 的数据...
  获取到 2536 条数据
正在获取上海贝岭 从20150105 到 20250710 的数据...
  获取到 2510 条数据
正在获取黄河旋风 从20150105 到 20250710 的数据...
  获取到 2491 条数据
正在获取卧龙新能 从20150105 到 20250710 的数据...
  获取到 2326 条数据
正在获取中国巨石 从20150105 到 20250710 的数据...
  获取到 2534 条数据
正在获取雅戈尔 从20150105 到 20250710 的数据...
  获取到 2538 条数据
正在获取东安动力 从20150105 到 20250710 的数据...
  获取到 2555 条数据
正在获取安通控股 从20150105 到 20250710 的数据...
  获取到 2416 条数据
正在获取瑞茂通 从20150105 到 20250710 的数据...
  获取到 2542 条数据
正在获取S佳通 从20150105 到 20250710 的数据...
  获取到 2370 条数据
正在获取生益科技 从20150105 到 20250710 的数据...
  获取到 2556 条数据
正在获取光电股份 从20150105 到 20250710 的数据...
  获取到 2556 条数据
正在获取珠免集团 从20150105 到 20250710 的数据...
  获取到 2523 条数据
正在获取莲花控股 从20150105 到 20250710 的数据...
  获取到 2455 条数据
正在获取国中水务 从20150105 到 20250710 的数据...
  获取到 2438 条数据
正在获取兖矿能源 从20150105 到 20250710 的数据...
  获取到 2555 条数据
正在获取泉阳泉 从20150105 到 20250710 的数据...
  获取到 2248 条数据
正在获取退锦港 从20150105 到 20250710 的数据...
HTTPConnectionPool(host='api.waditu.com', port=80): Max retries exceeded with url: /dataapi/daily (Caused by NameResolutionError("<urllib3.connection.HTTPConnection object at 0x7f33b4c73730>: Failed to resolve 'api.waditu.com' ([Errno -2] Name or service not known)"))
  获取到 2491 条数据
正在获取华资实业 从20150105 到 20250710 的数据...
  获取到 2417 条数据
正在获取长城电工 从20150105 到 20250710 的数据...
  获取到 2556 条数据
正在获取*ST创兴 从20150105 到 20250710 的数据...
  获取到 2398 条数据
正在获取中牧股份 从20150105 到 20250710 的数据...
  获取到 2486 条数据
正在获取复星医药 从20150105 到 20250710 的数据...
  获取到 2541 条数据
正在获取伊力特 从20150105 到 20250710 的数据...
  获取到 2556 条数据
正在获取大唐电信 从20150105 到 20250710 的数据...
  获取到 2538 条数据
正在获取金种子酒 从20150105 到 20250710 的数据...
  获取到 2550 条数据
正在获取*ST苏吴 从20150105 到 20250710 的数据...
  获取到 2462 条数据
正在获取生物股份 从20150105 到 20250710 的数据...
  获取到 2544 条数据
正在获取哈空调 从20150105 到 20250710 的数据...
  获取到 2462 条数据
正在获取福日电子 从20150105 到 20250710 的数据...
  获取到 2543 条数据
正在获取有研新材 从20150105 到 20250710 的数据...
  获取到 2554 条数据
正在获取安彩高科 从20150105 到 20250710 的数据...
  获取到 2492 条数据
正在获取衢州发展 从20150105 到 20250710 的数据...
  获取到 2548 条数据
正在获取紫江企业 从20150105 到 20250710 的数据...
  获取到 2556 条数据
正在获取西藏药业 从20150105 到 20250710 的数据...
  获取到 2469 条数据
正在获取绿能慧充 从20150105 到 20250710 的数据...
  获取到 2161 条数据
正在获取派斯林 从20150105 到 20250710 的数据...
  获取到 2448 条数据
正在获取浙江医药 从20150105 到 20250710 的数据...
  获取到 2551 条数据
正在获取中再资环 从20150105 到 20250710 的数据...
  获取到 2369 条数据
正在获取全柴动力 从20150105 到 20250710 的数据...
  获取到 2549 条数据
正在获取南山铝业 从20150105 到 20250710 的数据...
  获取到 2450 条数据
正在获取海航控股 从20150105 到 20250710 的数据...
  获取到 2414 条数据
正在获取太龙药业 从20150105 到 20250710 的数据...
  获取到 2546 条数据
正在获取福瑞达 从20150105 到 20250710 的数据...
  获取到 2548 条数据
正在获取亨通股份 从20150105 到 20250710 的数据...
  获取到 2106 条数据
正在获取赤天化 从20150105 到 20250710 的数据...
  获取到 2387 条数据
正在获取*ST返利 从20150105 到 20250710 的数据...
  获取到 2340 条数据
正在获取城市传媒 从20150105 到 20250710 的数据...
  获取到 2548 条数据
正在获取沧州大化 从20150105 到 20250710 的数据...
  获取到 2511 条数据
正在获取凌钢股份 从20150105 到 20250710 的数据...
  获取到 2532 条数据
正在获取金鹰股份 从20150105 到 20250710 的数据...
  获取到 2380 条数据
正在获取圆通速递 从20150105 到 20250710 的数据...
  获取到 2459 条数据
正在获取科新发展 从20150105 到 20250710 的数据...
  获取到 2472 条数据
正在获取民丰特纸 从20150105 到 20250710 的数据...
  获取到 2556 条数据
正在获取桂冠电力 从20150105 到 20250710 的数据...
  获取到 2531 条数据
正在获取铜峰电子 从20150105 到 20250710 的数据...
  获取到 2469 条数据
正在获取*ST椰岛 从20150105 到 20250710 的数据...
  获取到 2417 条数据
正在获取云南城投 从20150105 到 20250710 的数据...
  获取到 2318 条数据
正在获取时代万恒 从20150105 到 20250710 的数据...
  获取到 2452 条数据
正在获取*ST海华 从20150105 到 20250710 的数据...
  获取到 2501 条数据
正在获取万通发展 从20150105 到 20250710 的数据...
  获取到 2407 条数据
正在获取陕建股份 从20150105 到 20250710 的数据...
  获取到 2422 条数据
正在获取两面针 从20150105 到 20250710 的数据...
  获取到 2555 条数据
正在获取南京商旅 从20150105 到 20250710 的数据...
  获取到 2422 条数据
正在获取冠农股份 从20150105 到 20250710 的数据...
  获取到 2553 条数据
正在获取中恒集团 从20150105 到 20250710 的数据...
  获取到 2540 条数据
正在获取鑫科材料 从20150105 到 20250710 的数据...
  获取到 2290 条数据
正在获取广汇能源 从20150105 到 20250710 的数据...
  获取到 2530 条数据
正在获取大湖股份 从20150105 到 20250710 的数据...
  获取到 2398 条数据
正在获取首旅酒店 从20150105 到 20250710 的数据...
  获取到 2358 条数据
正在获取广晟有色 从20150105 到 20250710 的数据...
  获取到 2442 条数据
正在获取阳光照明 从20150105 到 20250710 的数据...
  获取到 2556 条数据
正在获取北方股份 从20150105 到 20250710 的数据...
  获取到 2556 条数据
正在获取ST景谷 从20150105 到 20250710 的数据...
HTTPConnectionPool(host='api.waditu.com', port=80): Max retries exceeded with url: /dataapi/adj_factor (Caused by NameResolutionError("<urllib3.connection.HTTPConnection object at 0x7f33b4bdcdc0>: Failed to resolve 'api.waditu.com' ([Errno -2] Name or service not known)"))
  获取到 2458 条数据
正在获取城建发展 从20150105 到 20250710 的数据...
  获取到 2553 条数据
正在获取海正药业 从20150105 到 20250710 的数据...
  获取到 2511 条数据
正在获取国电南自 从20150105 到 20250710 的数据...
  获取到 2551 条数据
正在获取赣粤高速 从20150105 到 20250710 的数据...
  获取到 2556 条数据
正在获取航天信息 从20150105 到 20250710 的数据...
  获取到 2408 条数据
正在获取开开实业 从20150105 到 20250710 的数据...
HTTPConnectionPool(host='api.waditu.com', port=80): Max retries exceeded with url: /dataapi/adj_factor (Caused by NameResolutionError("<urllib3.connection.HTTPConnection object at 0x7f33b4bddbd0>: Failed to resolve 'api.waditu.com' ([Errno -2] Name or service not known)"))
  获取到 2555 条数据
正在获取嘉化能源 从20150105 到 20250710 的数据...
  获取到 2451 条数据
正在获取恒瑞医药 从20150105 到 20250710 的数据...
  获取到 2555 条数据
正在获取东方创业 从20150105 到 20250710 的数据...
  获取到 2538 条数据
正在获取重庆港 从20150105 到 20250710 的数据...
  获取到 2545 条数据
正在获取中央商场 从20150105 到 20250710 的数据...
  获取到 2484 条数据
正在获取华阳新材 从20150105 到 20250710 的数据...
  获取到 2527 条数据
正在获取南钢股份 从20150105 到 20250710 的数据...
  获取到 2528 条数据
正在获取钱江水利 从20150105 到 20250710 的数据...
  获取到 2546 条数据
正在获取浦东建设 从20150105 到 20250710 的数据...
  获取到 2555 条数据
正在获取羚锐制药 从20150105 到 20250710 的数据...
  获取到 2530 条数据
正在获取ST舜天 从20150105 到 20250710 的数据...
  获取到 2555 条数据
正在获取大恒科技 从20150105 到 20250710 的数据...
  获取到 2546 条数据
正在获取*ST信通 从20150105 到 20250710 的数据...
  获取到 2336 条数据
正在获取远达环保 从20150105 到 20250710 的数据...
  获取到 2544 条数据
正在获取三峡新材 从20150105 到 20250710 的数据...
  获取到 2403 条数据
正在获取鄂尔多斯 从20150105 到 20250710 的数据...
  获取到 2545 条数据
正在获取安琪酵母 从20150105 到 20250710 的数据...
  获取到 2556 条数据
正在获取安迪苏 从20150105 到 20250710 的数据...
  获取到 2542 条数据
正在获取维维股份 从20150105 到 20250710 的数据...
  获取到 2549 条数据
正在获取华锡有色 从20150105 到 20250710 的数据...
  获取到 2468 条数据
正在获取标准股份 从20150105 到 20250710 的数据...
  获取到 2556 条数据
正在获取曙光股份 从20150105 到 20250710 的数据...
  获取到 2483 条数据
正在获取恒顺醋业 从20150105 到 20250710 的数据...
  获取到 2556 条数据
正在获取酒钢宏兴 从20150105 到 20250710 的数据...
  获取到 2554 条数据
正在获取华泰股份 从20150105 到 20250710 的数据...
  获取到 2550 条数据
正在获取万华化学 从20150105 到 20250710 的数据...
  获取到 2423 条数据
正在获取广西能源 从20150105 到 20250710 的数据...
  获取到 2524 条数据
正在获取平高电气 从20150105 到 20250710 的数据...
  获取到 2469 条数据
正在获取农发种业 从20150105 到 20250710 的数据...
  获取到 2547 条数据
正在获取上海家化 从20150105 到 20250710 的数据...
  获取到 2500 条数据
正在获取洪都航空 从20150105 到 20250710 的数据...
  获取到 2556 条数据
正在获取新力金融 从20150105 到 20250710 的数据...
  获取到 2104 条数据
正在获取亚星化学 从20150105 到 20250710 的数据...
  获取到 2285 条数据
正在获取振华重工 从20150105 到 20250710 的数据...
  获取到 2556 条数据
正在获取津投城开 从20150105 到 20250710 的数据...
  获取到 2546 条数据
正在获取瀚蓝环境 从20150105 到 20250710 的数据...
  获取到 2539 条数据
正在获取华发股份 从20150105 到 20250710 的数据...
  获取到 2546 条数据
正在获取西藏天路 从20150105 到 20250710 的数据...
  获取到 2551 条数据
正在获取大东方 从20150105 到 20250710 的数据...
  获取到 2546 条数据
正在获取中盐化工 从20150105 到 20250710 的数据...
  获取到 2409 条数据
正在获取达仁堂 从20150105 到 20250710 的数据...
  获取到 2551 条数据
正在获取天通股份 从20150105 到 20250710 的数据...
  获取到 2435 条数据
正在获取宏达股份 从20150105 到 20250710 的数据...
  获取到 2458 条数据
正在获取白云山 从20150105 到 20250710 的数据...
  获取到 2499 条数据
正在获取长春燃气 从20150105 到 20250710 的数据...
  获取到 2523 条数据
正在获取国机汽车 从20150105 到 20250710 的数据...
  获取到 2406 条数据
正在获取澳柯玛 从20150105 到 20250710 的数据...
  获取到 2546 条数据
正在获取美克家居 从20150105 到 20250710 的数据...
  获取到 2527 条数据
正在获取西藏珠峰 从20150105 到 20250710 的数据...
  获取到 2494 条数据
正在获取中油工程 从20150105 到 20250710 的数据...
  获取到 2401 条数据
正在获取华夏幸福 从20150105 到 20250710 的数据...
  获取到 2524 条数据
正在获取航天动力 从20150105 到 20250710 的数据...
  获取到 2547 条数据
正在获取长江通信 从20150105 到 20250710 的数据...
  获取到 2536 条数据
正在获取恒力石化 从20150105 到 20250710 的数据...
  获取到 2347 条数据
正在获取华阳股份 从20150105 到 20250710 的数据...
  获取到 2556 条数据
正在获取山东高速 从20150105 到 20250710 的数据...
  获取到 2546 条数据
正在获取亚宝药业 从20150105 到 20250710 的数据...
  获取到 2526 条数据
正在获取浙江龙盛 从20150105 到 20250710 的数据...
  获取到 2541 条数据
正在获取旭光电子 从20150105 到 20250710 的数据...
  获取到 2456 条数据
正在获取敦煌种业 从20150105 到 20250710 的数据...
  获取到 2518 条数据
正在获取*ST精伦 从20150105 到 20250710 的数据...
  获取到 2501 条数据
正在获取恒丰纸业 从20150105 到 20250710 的数据...
  获取到 2478 条数据
正在获取ST联合 从20150105 到 20250710 的数据...
  获取到 2294 条数据
正在获取新农开发 从20150105 到 20250710 的数据...
  获取到 2522 条数据
正在获取*ST华微 从20150105 到 20250710 的数据...
  获取到 2540 条数据
正在获取创新新材 从20150105 到 20250710 的数据...
  获取到 2545 条数据
正在获取江西铜业 从20150105 到 20250710 的数据...
  获取到 2548 条数据
正在获取联创光电 从20150105 到 20250710 的数据...
  获取到 2460 条数据
正在获取ST通葡 从20150105 到 20250710 的数据...
  获取到 2372 条数据
正在获取宁波韵升 从20150105 到 20250710 的数据...
  获取到 2488 条数据
正在获取红星发展 从20150105 到 20250710 的数据...
  获取到 2552 条数据
正在获取五洲交通 从20150105 到 20250710 的数据...
  获取到 2555 条数据
正在获取西南证券 从20150105 到 20250710 的数据...
  获取到 2554 条数据
正在获取三房巷 从20150105 到 20250710 的数据...
  获取到 2543 条数据
正在获取万向德农 从20150105 到 20250710 的数据...
  获取到 2555 条数据
正在获取中航机载 从20150105 到 20250710 的数据...
  获取到 2528 条数据
正在获取中文传媒 从20150105 到 20250710 的数据...
  获取到 2553 条数据
正在获取汉马科技 从20150105 到 20250710 的数据...
  获取到 2327 条数据
正在获取首开股份 从20150105 到 20250710 的数据...
  获取到 2539 条数据
正在获取宁沪高速 从20150105 到 20250710 的数据...
  获取到 2556 条数据
正在获取昊华科技 从20150105 到 20250710 的数据...
  获取到 2397 条数据
正在获取宝光股份 从20150105 到 20250710 的数据...
  获取到 2448 条数据
正在获取健康元 从20150105 到 20250710 的数据...
  获取到 2514 条数据
正在获取*ST春天 从20150105 到 20250710 的数据...
  获取到 2444 条数据
正在获取广东明珠 从20150105 到 20250710 的数据...
  获取到 2526 条数据
正在获取金地集团 从20150105 到 20250710 的数据...
  获取到 2555 条数据
正在获取北巴传媒 从20150105 到 20250710 的数据...
  获取到 2554 条数据
正在获取退海越 从20150105 到 20250710 的数据...
  获取到 2402 条数据
正在获取龙净环保 从20150105 到 20250710 的数据...
  获取到 2533 条数据
正在获取江山股份 从20150105 到 20250710 的数据...
  获取到 2405 条数据
正在获取五矿资本 从20150105 到 20250710 的数据...
  获取到 2431 条数据
正在获取航发科技 从20150105 到 20250710 的数据...
  获取到 2552 条数据
正在获取盛和资源 从20150105 到 20250710 的数据...
  获取到 2469 条数据
正在获取盘江股份 从20150105 到 20250710 的数据...
  获取到 2506 条数据
正在获取华电辽能 从20150105 到 20250710 的数据...
  获取到 2547 条数据
正在获取安源煤业 从20150105 到 20250710 的数据...
  获取到 2498 条数据
正在获取海澜之家 从20150105 到 20250710 的数据...
  获取到 2546 条数据
正在获取抚顺特钢 从20150105 到 20250710 的数据...
  获取到 2328 条数据
正在获取红豆股份 从20150105 到 20250710 的数据...
  获取到 2468 条数据
正在获取大有能源 从20150105 到 20250710 的数据...
  获取到 2552 条数据
正在获取动力源 从20150105 到 20250710 的数据...
  获取到 2538 条数据
正在获取国电南瑞 从20150105 到 20250710 的数据...
  获取到 2447 条数据
正在获取安泰集团 从20150105 到 20250710 的数据...
  获取到 2325 条数据
正在获取三友化工 从20150105 到 20250710 的数据...
  获取到 2550 条数据
正在获取华胜天成 从20150105 到 20250710 的数据...
  获取到 2507 条数据
正在获取小商品城 从20150105 到 20250710 的数据...
  获取到 2548 条数据
正在获取湘电股份 从20150105 到 20250710 的数据...
  获取到 2511 条数据
正在获取江淮汽车 从20150105 到 20250710 的数据...
  获取到 2543 条数据
正在获取天润乳业 从20150105 到 20250710 的数据...
  获取到 2544 条数据
正在获取国药现代 从20150105 到 20250710 的数据...
  获取到 2445 条数据
正在获取*ST华嵘 从20150105 到 20250710 的数据...
  获取到 2490 条数据
正在获取昆药集团 从20150105 到 20250710 的数据...
  获取到 2553 条数据
正在获取柳化股份 从20150105 到 20250710 的数据...
  获取到 2295 条数据
正在获取青松建化 从20150105 到 20250710 的数据...
  获取到 2554 条数据
正在获取华鲁恒升 从20150105 到 20250710 的数据...
  获取到 2549 条数据
正在获取中远海特 从20150105 到 20250710 的数据...
  获取到 2469 条数据
正在获取三元股份 从20150105 到 20250710 的数据...
  获取到 2459 条数据
正在获取冠豪高新 从20150105 到 20250710 的数据...
  获取到 2514 条数据
正在获取北方导航 从20150105 到 20250710 的数据...
  获取到 2555 条数据
正在获取片仔癀 从20150105 到 20250710 的数据...
  获取到 2550 条数据
正在获取通威股份 从20150105 到 20250710 的数据...
  获取到 2414 条数据
正在获取瑞贝卡 从20150105 到 20250710 的数据...
  获取到 2543 条数据
正在获取国机通用 从20150105 到 20250710 的数据...
  获取到 2549 条数据
正在获取金证股份 从20150105 到 20250710 的数据...
  获取到 2448 条数据
正在获取华纺股份 从20150105 到 20250710 的数据...
  获取到 2509 条数据
正在获取宁夏建材 从20150105 到 20250710 的数据...
  获取到 2543 条数据
正在获取涪陵电力 从20150105 到 20250710 的数据...
  获取到 2511 条数据
正在获取博通股份 从20150105 到 20250710 的数据...
  获取到 2380 条数据
正在获取宝钛股份 从20150105 到 20250710 的数据...
  获取到 2556 条数据
正在获取时代新材 从20150105 到 20250710 的数据...
  获取到 2556 条数据
正在获取贵研铂业 从20150105 到 20250710 的数据...
  获取到 2544 条数据
正在获取士兰微 从20150105 到 20250710 的数据...
  获取到 2471 条数据
正在获取洪城环境 从20150105 到 20250710 的数据...
  获取到 2412 条数据
正在获取退九有 从20150105 到 20250710 的数据...
  获取到 2194 条数据
正在获取空港股份 从20150105 到 20250710 的数据...
  获取到 2539 条数据
正在获取好当家 从20150105 到 20250710 的数据...
  获取到 2551 条数据
正在获取百利电气 从20150105 到 20250710 的数据...
  获取到 2370 条数据
正在获取风神股份 从20150105 到 20250710 的数据...
  获取到 2374 条数据
正在获取六国化工 从20150105 到 20250710 的数据...
  获取到 2544 条数据
正在获取华光环能 从20150105 到 20250710 的数据...
  获取到 2420 条数据
正在获取湘邮科技 从20150105 到 20250710 的数据...
  获取到 2550 条数据
正在获取杭萧钢构 从20150105 到 20250710 的数据...
  获取到 2538 条数据
正在获取科力远 从20150105 到 20250710 的数据...
  获取到 2510 条数据
正在获取千金药业 从20150105 到 20250710 的数据...
  获取到 2543 条数据
正在获取凌云股份 从20150105 到 20250710 的数据...
  获取到 2428 条数据
正在获取双良节能 从20150105 到 20250710 的数据...
  获取到 2454 条数据
正在获取中国动力 从20150105 到 20250710 的数据...
  获取到 2433 条数据
正在获取福能股份 从20150105 到 20250710 的数据...
HTTPConnectionPool(host='api.waditu.com', port=80): Max retries exceeded with url: /dataapi/daily (Caused by NameResolutionError("<urllib3.connection.HTTPConnection object at 0x7f33b4bdd240>: Failed to resolve 'api.waditu.com' ([Errno -2] Name or service not known)"))
  获取到 2515 条数据
正在获取扬农化工 从20150105 到 20250710 的数据...
  获取到 2550 条数据
正在获取亨通光电 从20150105 到 20250710 的数据...
  获取到 2494 条数据
正在获取津药药业 从20150105 到 20250710 的数据...
  获取到 2468 条数据
正在获取中金黄金 从20150105 到 20250710 的数据...
  获取到 2537 条数据
正在获取鹏欣资源 从20150105 到 20250710 的数据...
  获取到 2173 条数据
正在获取龙元建设 从20150105 到 20250710 的数据...
  获取到 2547 条数据
正在获取凤竹纺织 从20150105 到 20250710 的数据...
  获取到 2547 条数据
正在获取晋西车轴 从20150105 到 20250710 的数据...
  获取到 2556 条数据
正在获取精工钢构 从20150105 到 20250710 的数据...
  获取到 2542 条数据
正在获取驰宏锌锗 从20150105 到 20250710 的数据...
  获取到 2519 条数据
正在获取烽火通信 从20150105 到 20250710 的数据...
  获取到 2546 条数据
正在获取科达制造 从20150105 到 20250710 的数据...
  获取到 2446 条数据
正在获取中化国际 从20150105 到 20250710 的数据...
  获取到 2530 条数据
正在获取航天晨光 从20150105 到 20250710 的数据...
  获取到 2554 条数据
正在获取安徽建工 从20150105 到 20250710 的数据...
  获取到 2420 条数据
正在获取华丽家族 从20150105 到 20250710 的数据...
  获取到 2488 条数据
正在获取西昌电力 从20150105 到 20250710 的数据...
  获取到 2555 条数据
正在获取统一股份 从20150105 到 20250710 的数据...
  获取到 2476 条数据
正在获取方大特钢 从20150105 到 20250710 的数据...
  获取到 2556 条数据
正在获取上海能源 从20150105 到 20250710 的数据...
  获取到 2556 条数据
正在获取天富能源 从20150105 到 20250710 的数据...
  获取到 2541 条数据
正在获取黑牡丹 从20150105 到 20250710 的数据...
  获取到 2546 条数据
正在获取国药股份 从20150105 到 20250710 的数据...
  获取到 2435 条数据
正在获取腾达建设 从20150105 到 20250710 的数据...
  获取到 2503 条数据
正在获取联环药业 从20150105 到 20250710 的数据...
  获取到 2556 条数据
正在获取海南机场 从20150105 到 20250710 的数据...
  获取到 2274 条数据
正在获取方大炭素 从20150105 到 20250710 的数据...
  获取到 2508 条数据
正在获取国网英大 从20150105 到 20250710 的数据...
  获取到 2539 条数据
正在获取康美药业 从20150105 到 20250710 的数据...
  获取到 2507 条数据
正在获取贵州茅台 从20150105 到 20250710 的数据...
  获取到 2556 条数据
正在获取三佳科技 从20150105 到 20250710 的数据...
  获取到 2479 条数据
正在获取华海药业 从20150105 到 20250710 的数据...
  获取到 2542 条数据
正在获取中天科技 从20150105 到 20250710 的数据...
  获取到 2485 条数据
正在获取贵航股份 从20150105 到 20250710 的数据...
  获取到 2556 条数据
正在获取ST长园 从20150105 到 20250710 的数据...
  获取到 2405 条数据
正在获取菲达环保 从20150105 到 20250710 的数据...
  获取到 2518 条数据
正在获取江南高纤 从20150105 到 20250710 的数据...
  获取到 2546 条数据
正在获取中铁工业 从20150105 到 20250710 的数据...
  获取到 2486 条数据
正在获取山东药玻 从20150105 到 20250710 的数据...
  获取到 2519 条数据
正在获取交大昂立 从20150105 到 20250710 的数据...
  获取到 2336 条数据
正在获取豫光金铅 从20150105 到 20250710 的数据...
  获取到 2536 条数据
正在获取栖霞建设 从20150105 到 20250710 的数据...
  获取到 2456 条数据
正在获取天士力 从20150105 到 20250710 的数据...
  获取到 2554 条数据
正在获取中国软件 从20150105 到 20250710 的数据...
  获取到 2552 条数据
正在获取亿晶光电 从20150105 到 20250710 的数据...
  获取到 2531 条数据
正在获取国发股份 从20150105 到 20250710 的数据...
  获取到 2439 条数据
正在获取狮头股份 从20150105 到 20250710 的数据...
  获取到 2305 条数据
正在获取新赛股份 从20150105 到 20250710 的数据...
  获取到 2484 条数据
正在获取莫高股份 从20150105 到 20250710 的数据...
  获取到 2530 条数据
正在获取卓郎智能 从20150105 到 20250710 的数据...
HTTPConnectionPool(host='api.waditu.com', port=80): Max retries exceeded with url: /dataapi/daily (Caused by NameResolutionError("<urllib3.connection.HTTPConnection object at 0x7f33b4bdfa00>: Failed to resolve 'api.waditu.com' ([Errno -2] Name or service not known)"))
  获取到 2435 条数据
正在获取山煤国际 从20150105 到 20250710 的数据...
  获取到 2506 条数据
正在获取山东黄金 从20150105 到 20250710 的数据...
  获取到 2520 条数据
正在获取深高速 从20150105 到 20250710 的数据...
  获取到 2555 条数据
正在获取厦门钨业 从20150105 到 20250710 的数据...
  获取到 2556 条数据
正在获取保变电气 从20150105 到 20250710 的数据...
  获取到 2532 条数据
正在获取时代出版 从20150105 到 20250710 的数据...
  获取到 2434 条数据
正在获取凯盛科技 从20150105 到 20250710 的数据...
  获取到 2393 条数据
正在获取天下秀 从20150105 到 20250710 的数据...
  获取到 2255 条数据
正在获取康缘药业 从20150105 到 20250710 的数据...
  获取到 2551 条数据
正在获取大西洋 从20150105 到 20250710 的数据...
  获取到 2458 条数据
正在获取老白干酒 从20150105 到 20250710 的数据...
  获取到 2359 条数据
正在获取金自天正 从20150105 到 20250710 的数据...
  获取到 2556 条数据
正在获取江西长运 从20150105 到 20250710 的数据...
HTTPConnectionPool(host='api.waditu.com', port=80): Max retries exceeded with url: /dataapi/adj_factor (Caused by NameResolutionError("<urllib3.connection.HTTPConnection object at 0x7f33b4bde560>: Failed to resolve 'api.waditu.com' ([Errno -2] Name or service not known)"))
  获取到 2479 条数据
正在获取国睿科技 从20150105 到 20250710 的数据...
  获取到 2526 条数据
正在获取法拉电子 从20150105 到 20250710 的数据...
  获取到 2556 条数据
正在获取济川药业 从20150105 到 20250710 的数据...
  获取到 2553 条数据
正在获取山鹰国际 从20150105 到 20250710 的数据...
  获取到 2538 条数据
正在获取ST中珠 从20150105 到 20250710 的数据...
  获取到 2277 条数据
正在获取安阳钢铁 从20150105 到 20250710 的数据...
  获取到 2542 条数据
正在获取恒生电子 从20150105 到 20250710 的数据...
  获取到 2549 条数据
正在获取信雅达 从20150105 到 20250710 的数据...
  获取到 2459 条数据
正在获取康恩贝 从20150105 到 20250710 的数据...
  获取到 2500 条数据
正在获取惠泉啤酒 从20150105 到 20250710 的数据...
  获取到 2556 条数据
正在获取淮河能源 从20150105 到 20250710 的数据...
  获取到 2334 条数据
正在获取祥源文旅 从20150105 到 20250710 的数据...
  获取到 2327 条数据
正在获取精达股份 从20150105 到 20250710 的数据...
  获取到 2341 条数据
正在获取京能电力 从20150105 到 20250710 的数据...
  获取到 2470 条数据
正在获取中化装备 从20150105 到 20250710 的数据...
  获取到 2411 条数据
正在获取卧龙电驱 从20150105 到 20250710 的数据...
HTTPConnectionPool(host='api.waditu.com', port=80): Max retries exceeded with url: /dataapi/daily (Caused by NameResolutionError("<urllib3.connection.HTTPConnection object at 0x7f33b4bdeb90>: Failed to resolve 'api.waditu.com' ([Errno -2] Name or service not known)"))
  获取到 2533 条数据
正在获取八一钢铁 从20150105 到 20250710 的数据...
  获取到 2394 条数据
正在获取天地科技 从20150105 到 20250710 的数据...
  获取到 2547 条数据
正在获取海油工程 从20150105 到 20250710 的数据...
  获取到 2556 条数据
正在获取长电科技 从20150105 到 20250710 的数据...
  获取到 2387 条数据
正在获取海螺水泥 从20150105 到 20250710 的数据...
  获取到 2556 条数据
正在获取金晶科技 从20150105 到 20250710 的数据...
  获取到 2556 条数据
正在获取新华医疗 从20150105 到 20250710 的数据...
  获取到 2501 条数据
正在获取用友网络 从20150105 到 20250710 的数据...
  获取到 2550 条数据
正在获取大位科技 从20150105 到 20250710 的数据...
  获取到 2395 条数据
正在获取泰豪科技 从20150105 到 20250710 的数据...
  获取到 2364 条数据
正在获取龙溪股份 从20150105 到 20250710 的数据...
  获取到 2517 条数据
正在获取大连圣亚 从20150105 到 20250710 的数据...
  获取到 2483 条数据
正在获取益佰制药 从20150105 到 20250710 的数据...
  获取到 2551 条数据
正在获取中孚实业 从20150105 到 20250710 的数据...
  获取到 2493 条数据
正在获取新安股份 从20150105 到 20250710 的数据...
  获取到 2539 条数据
正在获取光明乳业 从20150105 到 20250710 的数据...
  获取到 2481 条数据
正在获取北大荒 从20150105 到 20250710 的数据...
  获取到 2549 条数据
正在获取*ST熊猫 从20150105 到 20250710 的数据...
  获取到 2468 条数据
正在获取青岛啤酒 从20150105 到 20250710 的数据...
  获取到 2556 条数据
正在获取方正科技 从20150105 到 20250710 的数据...
  获取到 2550 条数据
正在获取云赛智联 从20150105 到 20250710 的数据...
  获取到 2397 条数据
正在获取ST广物 从20150105 到 20250710 的数据...
  获取到 2397 条数据
正在获取市北高新 从20150105 到 20250710 的数据...
  获取到 2531 条数据
正在获取汇通能源 从20150105 到 20250710 的数据...
  获取到 2538 条数据
正在获取绿地控股 从20150105 到 20250710 的数据...
  获取到 2530 条数据
正在获取*ST沪科 从20150105 到 20250710 的数据...
  获取到 2498 条数据
正在获取金杯汽车 从20150105 到 20250710 的数据...
  获取到 2339 条数据
正在获取中毅达 从20150105 到 20250710 的数据...
  获取到 2072 条数据
正在获取大众交通 从20150105 到 20250710 的数据...
  获取到 2554 条数据
正在获取老凤祥 从20150105 到 20250710 的数据...
  获取到 2553 条数据
正在获取神奇制药 从20150105 到 20250710 的数据...
  获取到 2556 条数据
正在获取丰华股份 从20150105 到 20250710 的数据...
  获取到 2541 条数据
正在获取金枫酒业 从20150105 到 20250710 的数据...
  获取到 2556 条数据
正在获取国新能源 从20150105 到 20250710 的数据...
  获取到 2556 条数据
正在获取氯碱化工 从20150105 到 20250710 的数据...
  获取到 2556 条数据
正在获取海立股份 从20150105 到 20250710 的数据...
HTTPConnectionPool(host='api.waditu.com', port=80): Max retries exceeded with url: /dataapi/daily (Caused by NameResolutionError("<urllib3.connection.HTTPConnection object at 0x7f33b4be45e0>: Failed to resolve 'api.waditu.com' ([Errno -2] Name or service not known)"))
  获取到 2516 条数据
正在获取天宸股份 从20150105 到 20250710 的数据...
  获取到 2475 条数据
正在获取华鑫股份 从20150105 到 20250710 的数据...
  获取到 2492 条数据
正在获取光大嘉宝 从20150105 到 20250710 的数据...
  获取到 2530 条数据
正在获取华谊集团 从20150105 到 20250710 的数据...
  获取到 2497 条数据
正在获取复旦复华 从20150105 到 20250710 的数据...
  获取到 2547 条数据
正在获取申达股份 从20150105 到 20250710 的数据...
  获取到 2505 条数据
正在获取新世界 从20150105 到 20250710 的数据...
  获取到 2507 条数据
正在获取华建集团 从20150105 到 20250710 的数据...
  获取到 2506 条数据
正在获取龙头股份 从20150105 到 20250710 的数据...
  获取到 2554 条数据
正在获取浙数文化 从20150105 到 20250710 的数据...
  获取到 2432 条数据
正在获取大众公用 从20150105 到 20250710 的数据...
  获取到 2552 条数据
正在获取*ST国化 从20150105 到 20250710 的数据...
  获取到 2250 条数据
正在获取东方明珠 从20150105 到 20250710 的数据...
  获取到 2533 条数据
正在获取新黄浦 从20150105 到 20250710 的数据...
  获取到 2553 条数据
正在获取浦东金桥 从20150105 到 20250710 的数据...
  获取到 2554 条数据
正在获取国脉文化 从20150105 到 20250710 的数据...
  获取到 2461 条数据
正在获取万业企业 从20150105 到 20250710 的数据...
  获取到 2370 条数据
正在获取申能股份 从20150105 到 20250710 的数据...
HTTPConnectionPool(host='api.waditu.com', port=80): Max retries exceeded with url: /dataapi/adj_factor (Caused by NameResolutionError("<urllib3.connection.HTTPConnection object at 0x7f33b4be4280>: Failed to resolve 'api.waditu.com' ([Errno -2] Name or service not known)"))
HTTPConnectionPool(host='api.waditu.com', port=80): Max retries exceeded with url: /dataapi/adj_factor (Caused by NameResolutionError("<urllib3.connection.HTTPConnection object at 0x7f33b4be4550>: Failed to resolve 'api.waditu.com' ([Errno -2] Name or service not known)"))
  获取到 2556 条数据
正在获取爱建集团 从20150105 到 20250710 的数据...
  获取到 2354 条数据
正在获取乐山电力 从20150105 到 20250710 的数据...
  获取到 2549 条数据
正在获取中源协和 从20150105 到 20250710 的数据...
  获取到 2231 条数据
正在获取外高桥 从20150105 到 20250710 的数据...
  获取到 2542 条数据
正在获取城投控股 从20150105 到 20250710 的数据...
  获取到 2270 条数据
正在获取锦江在线 从20150105 到 20250710 的数据...
  获取到 2556 条数据
正在获取飞乐音响 从20150105 到 20250710 的数据...
  获取到 2466 条数据
正在获取申华控股 从20150105 到 20250710 的数据...
  获取到 2375 条数据
正在获取中安科 从20150105 到 20250710 的数据...
  获取到 2120 条数据
正在获取豫园股份 从20150105 到 20250710 的数据...
  获取到 2319 条数据
正在获取信达地产 从20150105 到 20250710 的数据...
  获取到 2423 条数据
正在获取电子城 从20150105 到 20250710 的数据...
  获取到 2544 条数据
正在获取福耀玻璃 从20150105 到 20250710 的数据...
  获取到 2556 条数据
正在获取昂立教育 从20150105 到 20250710 的数据...
  获取到 2537 条数据
正在获取外服控股 从20150105 到 20250710 的数据...
  获取到 2545 条数据
正在获取陆家嘴 从20150105 到 20250710 的数据...
  获取到 2427 条数据
正在获取哈药股份 从20150105 到 20250710 的数据...
HTTPConnectionPool(host='api.waditu.com', port=80): Max retries exceeded with url: /dataapi/daily (Caused by NameResolutionError("<urllib3.connection.HTTPConnection object at 0x7f33b4be4760>: Failed to resolve 'api.waditu.com' ([Errno -2] Name or service not known)"))
  获取到 2421 条数据
正在获取天地源 从20150105 到 20250710 的数据...
  获取到 2546 条数据
正在获取奥瑞德 从20150105 到 20250710 的数据...
HTTPConnectionPool(host='api.waditu.com', port=80): Max retries exceeded with url: /dataapi/daily (Caused by NameResolutionError("<urllib3.connection.HTTPConnection object at 0x7f33b4be4d30>: Failed to resolve 'api.waditu.com' ([Errno -2] Name or service not known)"))
  获取到 2204 条数据
正在获取太极实业 从20150105 到 20250710 的数据...
  获取到 2428 条数据
正在获取尖峰集团 从20150105 到 20250710 的数据...
  获取到 2556 条数据
正在获取天目药业 从20150105 到 20250710 的数据...
  获取到 2276 条数据
正在获取东阳光 从20150105 到 20250710 的数据...
HTTPConnectionPool(host='api.waditu.com', port=80): Max retries exceeded with url: /dataapi/daily (Caused by NameResolutionError("<urllib3.connection.HTTPConnection object at 0x7f33b4be44c0>: Failed to resolve 'api.waditu.com' ([Errno -2] Name or service not known)"))
  获取到 2278 条数据
正在获取川投能源 从20150105 到 20250710 的数据...
  获取到 2556 条数据
正在获取中华企业 从20150105 到 20250710 的数据...
  获取到 2429 条数据
正在获取交运股份 从20150105 到 20250710 的数据...
  获取到 2528 条数据
正在获取四川金顶 从20150105 到 20250710 的数据...
  获取到 2426 条数据
正在获取上海凤凰 从20150105 到 20250710 的数据...
  获取到 2479 条数据
正在获取百川能源 从20150105 到 20250710 的数据...
  获取到 2348 条数据
正在获取南京新百 从20150105 到 20250710 的数据...
  获取到 2240 条数据
正在获取京投发展 从20150105 到 20250710 的数据...
  获取到 2540 条数据
正在获取珠江股份 从20150105 到 20250710 的数据...
  获取到 2556 条数据
正在获取中船防务 从20150105 到 20250710 的数据...
  获取到 2424 条数据
正在获取金龙汽车 从20150105 到 20250710 的数据...
  获取到 2534 条数据
正在获取上海石化 从20150105 到 20250710 的数据...
  获取到 2556 条数据
正在获取上海三毛 从20150105 到 20250710 的数据...
  获取到 2426 条数据
正在获取海尔智家 从20150105 到 20250710 的数据...
  获取到 2479 条数据
正在获取阳煤化工 从20150105 到 20250710 的数据...
  获取到 2517 条数据
正在获取亚通股份 从20150105 到 20250710 的数据...
  获取到 2556 条数据
正在获取东百集团 从20150105 到 20250710 的数据...
  获取到 2542 条数据
正在获取大商股份 从20150105 到 20250710 的数据...
  获取到 2556 条数据
正在获取*ST岩石 从20150105 到 20250710 的数据...
  获取到 2388 条数据
正在获取欧亚集团 从20150105 到 20250710 的数据...
HTTPConnectionPool(host='api.waditu.com', port=80): Max retries exceeded with url: /dataapi/adj_factor (Caused by NameResolutionError("<urllib3.connection.HTTPConnection object at 0x7f33b4be4d60>: Failed to resolve 'api.waditu.com' ([Errno -2] Name or service not known)"))
  获取到 2543 条数据
正在获取湖南天雁 从20150105 到 20250710 的数据...
  获取到 2552 条数据
正在获取均胜电子 从20150105 到 20250710 的数据...
  获取到 2462 条数据
正在获取舍得酒业 从20150105 到 20250710 的数据...
  获取到 2500 条数据
正在获取三安光电 从20150105 到 20250710 的数据...
  获取到 2539 条数据
正在获取物产中大 从20150105 到 20250710 的数据...
  获取到 2520 条数据
正在获取曲江文旅 从20150105 到 20250710 的数据...
  获取到 2541 条数据
正在获取彩虹股份 从20150105 到 20250710 的数据...
  获取到 2467 条数据
正在获取光明地产 从20150105 到 20250710 的数据...
  获取到 2551 条数据
正在获取苏美达 从20150105 到 20250710 的数据...
  获取到 2095 条数据
正在获取ST盛屯 从20150105 到 20250710 的数据...
  获取到 2475 条数据
正在获取南宁百货 从20150105 到 20250710 的数据...
  获取到 2556 条数据
正在获取南京医药 从20150105 到 20250710 的数据...
  获取到 2536 条数据
正在获取金瑞矿业 从20150105 到 20250710 的数据...
  获取到 2418 条数据
正在获取文投控股 从20150105 到 20250710 的数据...
  获取到 2386 条数据
正在获取凤凰股份 从20150105 到 20250710 的数据...
  获取到 2549 条数据
正在获取天津港 从20150105 到 20250710 的数据...
  获取到 2546 条数据
正在获取东软集团 从20150105 到 20250710 的数据...
  获取到 2531 条数据
正在获取大连热电 从20150105 到 20250710 的数据...
  获取到 2401 条数据
正在获取中交设计 从20150105 到 20250710 的数据...
  获取到 2544 条数据
正在获取百花医药 从20150105 到 20250710 的数据...
  获取到 2417 条数据
正在获取金牛化工 从20150105 到 20250710 的数据...
  获取到 2476 条数据
正在获取宁波富达 从20150105 到 20250710 的数据...
  获取到 2476 条数据
正在获取云维股份 从20150105 到 20250710 的数据...
  获取到 2182 条数据
正在获取华电能源 从20150105 到 20250710 的数据...
  获取到 2545 条数据
正在获取鲁北化工 从20150105 到 20250710 的数据...
  获取到 2523 条数据
正在获取佳都科技 从20150105 到 20250710 的数据...
  获取到 2518 条数据
正在获取重庆百货 从20150105 到 20250710 的数据...
  获取到 2394 条数据
正在获取中国高科 从20150105 到 20250710 的数据...
  获取到 2549 条数据
正在获取湖南海利 从20150105 到 20250710 的数据...
  获取到 2540 条数据
正在获取爱旭股份 从20150105 到 20250710 的数据...
  获取到 2168 条数据
正在获取北汽蓝谷 从20150105 到 20250710 的数据...
  获取到 2055 条数据
正在获取实达集团 从20150105 到 20250710 的数据...
  获取到 2086 条数据
正在获取新华锦 从20150105 到 20250710 的数据...
  获取到 2321 条数据
正在获取苏州高新 从20150105 到 20250710 的数据...
  获取到 2430 条数据
正在获取中粮糖业 从20150105 到 20250710 的数据...
  获取到 2541 条数据
正在获取丽尚国潮 从20150105 到 20250710 的数据...
  获取到 2468 条数据
正在获取辽宁成大 从20150105 到 20250710 的数据...
  获取到 2424 条数据
正在获取山西焦化 从20150105 到 20250710 的数据...
  获取到 2462 条数据
正在获取华域汽车 从20150105 到 20250710 的数据...
  获取到 2528 条数据
正在获取富维股份 从20150105 到 20250710 的数据...
  获取到 2556 条数据
正在获取华远控股 从20150105 到 20250710 的数据...
  获取到 2543 条数据
正在获取华银电力 从20150105 到 20250710 的数据...
  获取到 2535 条数据
正在获取闻泰科技 从20150105 到 20250710 的数据...
HTTPConnectionPool(host='api.waditu.com', port=80): Max retries exceeded with url: /dataapi/daily (Caused by NameResolutionError("<urllib3.connection.HTTPConnection object at 0x7f33b4be4310>: Failed to resolve 'api.waditu.com' ([Errno -2] Name or service not known)"))
  获取到 2139 条数据
正在获取江苏索普 从20150105 到 20250710 的数据...
  获取到 2484 条数据
正在获取上实发展 从20150105 到 20250710 的数据...
  获取到 2527 条数据
正在获取西藏旅游 从20150105 到 20250710 的数据...
  获取到 2339 条数据
正在获取江中药业 从20150105 到 20250710 的数据...
  获取到 2491 条数据
正在获取海航科技 从20150105 到 20250710 的数据...
  获取到 2268 条数据
正在获取*ST海钦 从20150105 到 20250710 的数据...
  获取到 2329 条数据
正在获取锦江酒店 从20150105 到 20250710 的数据...
  获取到 2473 条数据
正在获取厦门国贸 从20150105 到 20250710 的数据...
  获取到 2555 条数据
正在获取浪潮软件 从20150105 到 20250710 的数据...
  获取到 2445 条数据
正在获取长江传媒 从20150105 到 20250710 的数据...
  获取到 2556 条数据
正在获取辽宁能源 从20150105 到 20250710 的数据...
  获取到 2533 条数据
正在获取洲际油气 从20150105 到 20250710 的数据...
  获取到 2183 条数据
正在获取中航沈飞 从20150105 到 20250710 的数据...
  获取到 2474 条数据
正在获取安徽合力 从20150105 到 20250710 的数据...
  获取到 2555 条数据
正在获取通策医疗 从20150105 到 20250710 的数据...
  获取到 2400 条数据
正在获取中国海防 从20150105 到 20250710 的数据...
  获取到 2301 条数据
正在获取中航重机 从20150105 到 20250710 的数据...
  获取到 2520 条数据
正在获取宁波富邦 从20150105 到 20250710 的数据...
  获取到 2247 条数据
正在获取祥龙电业 从20150105 到 20250710 的数据...
  获取到 2523 条数据
正在获取综艺股份 从20150105 到 20250710 的数据...
  获取到 2469 条数据
正在获取广誉远 从20150105 到 20250710 的数据...
  获取到 2459 条数据
正在获取西藏城投 从20150105 到 20250710 的数据...
  获取到 2440 条数据
正在获取汉商集团 从20150105 到 20250710 的数据...
  获取到 2536 条数据
正在获取南京熊猫 从20150105 到 20250710 的数据...
  获取到 2540 条数据
正在获取东方通信 从20150105 到 20250710 的数据...
  获取到 2554 条数据
正在获取*ST新潮 从20150105 到 20250710 的数据...
  获取到 2229 条数据
正在获取友好集团 从20150105 到 20250710 的数据...
  获取到 2457 条数据
正在获取水井坊 从20150105 到 20250710 的数据...
  获取到 2552 条数据
正在获取通宝能源 从20150105 到 20250710 的数据...
  获取到 2555 条数据
正在获取新钢股份 从20150105 到 20250710 的数据...
  获取到 2548 条数据
正在获取鲁信创投 从20150105 到 20250710 的数据...
  获取到 2555 条数据
正在获取鲁银投资 从20150105 到 20250710 的数据...
  获取到 2390 条数据
正在获取新华百货 从20150105 到 20250710 的数据...
  获取到 2471 条数据
正在获取中储股份 从20150105 到 20250710 的数据...
  获取到 2554 条数据
正在获取鲁抗医药 从20150105 到 20250710 的数据...
  获取到 2546 条数据
正在获取轻纺城 从20150105 到 20250710 的数据...
  获取到 2496 条数据
正在获取京能置业 从20150105 到 20250710 的数据...
  获取到 2554 条数据
正在获取云煤能源 从20150105 到 20250710 的数据...
  获取到 2549 条数据
正在获取宜宾纸业 从20150105 到 20250710 的数据...
  获取到 2374 条数据
正在获取保税科技 从20150105 到 20250710 的数据...
  获取到 2427 条数据
正在获取国电电力 从20150105 到 20250710 的数据...
  获取到 2492 条数据
正在获取钱江生化 从20150105 到 20250710 的数据...
  获取到 2321 条数据
正在获取浙大网新 从20150105 到 20250710 的数据...
  获取到 2415 条数据
正在获取宁波海运 从20150105 到 20250710 的数据...
  获取到 2430 条数据
正在获取渤海化学 从20150105 到 20250710 的数据...
  获取到 2436 条数据
正在获取华新水泥 从20150105 到 20250710 的数据...
  获取到 2553 条数据
正在获取福建水泥 从20150105 到 20250710 的数据...
  获取到 2556 条数据
正在获取新奥股份 从20150105 到 20250710 的数据...
  获取到 2493 条数据
正在获取悦达投资 从20150105 到 20250710 的数据...
HTTPConnectionPool(host='api.waditu.com', port=80): Max retries exceeded with url: /dataapi/adj_factor (Caused by NameResolutionError("<urllib3.connection.HTTPConnection object at 0x7f33b4be51b0>: Failed to resolve 'api.waditu.com' ([Errno -2] Name or service not known)"))
  获取到 2556 条数据
正在获取济高发展 从20150105 到 20250710 的数据...
  获取到 2286 条数据
正在获取马钢股份 从20150105 到 20250710 的数据...
  获取到 2556 条数据
正在获取山西汾酒 从20150105 到 20250710 的数据...
  获取到 2544 条数据
正在获取神马股份 从20150105 到 20250710 的数据...
  获取到 2522 条数据
正在获取华北制药 从20150105 到 20250710 的数据...
  获取到 2546 条数据
正在获取杭州解百 从20150105 到 20250710 的数据...
  获取到 2547 条数据
正在获取厦工股份 从20150105 到 20250710 的数据...
  获取到 2546 条数据
正在获取建元信托 从20150105 到 20250710 的数据...
  获取到 2487 条数据
正在获取宇通重工 从20150105 到 20250710 的数据...
HTTPConnectionPool(host='api.waditu.com', port=80): Max retries exceeded with url: /dataapi/adj_factor (Caused by NameResolutionError("<urllib3.connection.HTTPConnection object at 0x7f33b4be6a70>: Failed to resolve 'api.waditu.com' ([Errno -2] Name or service not known)"))
  获取到 2106 条数据
正在获取中路股份 从20150105 到 20250710 的数据...
  获取到 2468 条数据
正在获取耀皮玻璃 从20150105 到 20250710 的数据...
  获取到 2556 条数据
正在获取隧道股份 从20150105 到 20250710 的数据...
  获取到 2556 条数据
正在获取金开新能 从20150105 到 20250710 的数据...
  获取到 2483 条数据
正在获取上海物贸 从20150105 到 20250710 的数据...
  获取到 2410 条数据
正在获取益民集团 从20150105 到 20250710 的数据...
  获取到 2546 条数据
正在获取新华传媒 从20150105 到 20250710 的数据...
  获取到 2491 条数据
正在获取兰生股份 从20150105 到 20250710 的数据...
  获取到 2545 条数据
正在获取百联股份 从20150105 到 20250710 的数据...
  获取到 2521 条数据
正在获取茂业商业 从20150105 到 20250710 的数据...
HTTPConnectionPool(host='api.waditu.com', port=80): Max retries exceeded with url: /dataapi/daily (Caused by NameResolutionError("<urllib3.connection.HTTPConnection object at 0x7f33b4be4c40>: Failed to resolve 'api.waditu.com' ([Errno -2] Name or service not known)"))
  获取到 2355 条数据
正在获取人民同泰 从20150105 到 20250710 的数据...
  获取到 2421 条数据
正在获取香溢融通 从20150105 到 20250710 的数据...
  获取到 2555 条数据
正在获取ST广网 从20150105 到 20250710 的数据...
  获取到 2542 条数据
正在获取第一医药 从20150105 到 20250710 的数据...
HTTPConnectionPool(host='api.waditu.com', port=80): Max retries exceeded with url: /dataapi/adj_factor (Caused by NameResolutionError("<urllib3.connection.HTTPConnection object at 0x7f33b4be6020>: Failed to resolve 'api.waditu.com' ([Errno -2] Name or service not known)"))
  获取到 2554 条数据
正在获取申通地铁 从20150105 到 20250710 的数据...
  获取到 2473 条数据
正在获取上海机电 从20150105 到 20250710 的数据...
  获取到 2556 条数据
正在获取上海九百 从20150105 到 20250710 的数据...
HTTPConnectionPool(host='api.waditu.com', port=80): Max retries exceeded with url: /dataapi/daily (Caused by NameResolutionError("<urllib3.connection.HTTPConnection object at 0x7f33b4be5a50>: Failed to resolve 'api.waditu.com' ([Errno -2] Name or service not known)"))
  获取到 2556 条数据
正在获取四川长虹 从20150105 到 20250710 的数据...
  获取到 2552 条数据
正在获取动力新科 从20150105 到 20250710 的数据...
  获取到 2545 条数据
正在获取上工申贝 从20150105 到 20250710 的数据...
  获取到 2446 条数据
正在获取丹化科技 从20150105 到 20250710 的数据...
  获取到 2441 条数据
正在获取宝信软件 从20150105 到 20250710 的数据...
  获取到 2546 条数据
正在获取同济科技 从20150105 到 20250710 的数据...
  获取到 2546 条数据
正在获取万里股份 从20150105 到 20250710 的数据...
  获取到 2361 条数据
正在获取上海临港 从20150105 到 20250710 的数据...
  获取到 2389 条数据
正在获取电科数字 从20150105 到 20250710 的数据...
  获取到 2467 条数据
正在获取海欣股份 从20150105 到 20250710 的数据...
  获取到 2535 条数据
正在获取龙建股份 从20150105 到 20250710 的数据...
  获取到 2523 条数据
正在获取春兰股份 从20150105 到 20250710 的数据...
  获取到 2556 条数据
正在获取航天长峰 从20150105 到 20250710 的数据...
  获取到 2425 条数据
正在获取宁波中百 从20150105 到 20250710 的数据...
  获取到 2534 条数据
正在获取银座股份 从20150105 到 20250710 的数据...
  获取到 2465 条数据
正在获取王府井 从20150105 到 20250710 的数据...
  获取到 2358 条数据
正在获取京城股份 从20150105 到 20250710 的数据...
  获取到 2414 条数据
正在获取北京人力 从20150105 到 20250710 的数据...
  获取到 2545 条数据
正在获取中航高科 从20150105 到 20250710 的数据...
  获取到 2551 条数据
正在获取内蒙华电 从20150105 到 20250710 的数据...
  获取到 2538 条数据
正在获取哈投股份 从20150105 到 20250710 的数据...
  获取到 2482 条数据
正在获取百大集团 从20150105 到 20250710 的数据...
  获取到 2548 条数据
正在获取星湖科技 从20150105 到 20250710 的数据...
  获取到 2318 条数据
正在获取通化东宝 从20150105 到 20250710 的数据...
  获取到 2514 条数据
正在获取梅雁吉祥 从20150105 到 20250710 的数据...
  获取到 2547 条数据
正在获取远东股份 从20150105 到 20250710 的数据...
  获取到 2474 条数据
正在获取石化油服 从20150105 到 20250710 的数据...
  获取到 2524 条数据
正在获取中炬高新 从20150105 到 20250710 的数据...
  获取到 2467 条数据
正在获取梅花生物 从20150105 到 20250710 的数据...
  获取到 2435 条数据
正在获取创业环保 从20150105 到 20250710 的数据...
  获取到 2549 条数据
正在获取东方电气 从20150105 到 20250710 的数据...
  获取到 2480 条数据
正在获取凯盛新能 从20150105 到 20250710 的数据...
  获取到 2427 条数据
正在获取电科芯片 从20150105 到 20250710 的数据...
  获取到 2305 条数据
正在获取航天电子 从20150105 到 20250710 的数据...
  获取到 2462 条数据
正在获取博瑞传播 从20150105 到 20250710 的数据...
  获取到 2386 条数据
正在获取亚泰集团 从20150105 到 20250710 的数据...
  获取到 2546 条数据
正在获取妙可蓝多 从20150105 到 20250710 的数据...
  获取到 2367 条数据
正在获取博闻科技 从20150105 到 20250710 的数据...
  获取到 2550 条数据
正在获取杉杉股份 从20150105 到 20250710 的数据...
  获取到 2535 条数据
正在获取宏发股份 从20150105 到 20250710 的数据...
  获取到 2556 条数据
正在获取国投电力 从20150105 到 20250710 的数据...
  获取到 2496 条数据
正在获取伊利股份 从20150105 到 20250710 的数据...
  获取到 2532 条数据
正在获取新疆众和 从20150105 到 20250710 的数据...
  获取到 2511 条数据
正在获取南京化纤 从20150105 到 20250710 的数据...
  获取到 2527 条数据
正在获取*ST大晟 从20150105 到 20250710 的数据...
  获取到 2483 条数据
正在获取航发动力 从20150105 到 20250710 的数据...
  获取到 2521 条数据
正在获取广日股份 从20150105 到 20250710 的数据...
  获取到 2545 条数据
正在获取张江高科 从20150105 到 20250710 的数据...
  获取到 2553 条数据
正在获取厦门空港 从20150105 到 20250710 的数据...
  获取到 2556 条数据
正在获取长江电力 从20150105 到 20250710 的数据...
  获取到 2437 条数据
正在获取江苏金租 从20150105 到 20250710 的数据...
  获取到 1787 条数据
正在获取贵州燃气 从20150105 到 20250710 的数据...
  获取到 1851 条数据
正在获取三峡能源 从20150105 到 20250710 的数据...
  获取到 990 条数据
正在获取财达证券 从20150105 到 20250710 的数据...
  获取到 1014 条数据
正在获取无锡银行 从20150105 到 20250710 的数据...
  获取到 2129 条数据
正在获取华安证券 从20150105 到 20250710 的数据...
  获取到 2081 条数据
正在获取中国黄金 从20150105 到 20250710 的数据...
  获取到 1070 条数据
正在获取重庆燃气 从20150105 到 20250710 的数据...
  获取到 2551 条数据
正在获取中泰证券 从20150105 到 20250710 的数据...
  获取到 1238 条数据
正在获取江苏银行 从20150105 到 20250710 的数据...
  获取到 2164 条数据
正在获取苏能股份 从20150105 到 20250710 的数据...
  获取到 553 条数据
正在获取杭州银行 从20150105 到 20250710 的数据...
HTTPConnectionPool(host='api.waditu.com', port=80): Max retries exceeded with url: /dataapi/adj_factor (Caused by NameResolutionError("<urllib3.connection.HTTPConnection object at 0x7f33b4be6c80>: Failed to resolve 'api.waditu.com' ([Errno -2] Name or service not known)"))
  获取到 2115 条数据
正在获取永安期货 从20150105 到 20250710 的数据...
  获取到 858 条数据
正在获取西安银行 从20150105 到 20250710 的数据...
  获取到 1544 条数据
正在获取雪天盐业 从20150105 到 20250710 的数据...
  获取到 1765 条数据
正在获取爱柯迪 从20150105 到 20250710 的数据...
  获取到 1847 条数据
正在获取华塑股份 从20150105 到 20250710 的数据...
  获取到 877 条数据
正在获取广西广电 从20150105 到 20250710 的数据...
  获取到 2161 条数据
正在获取中国海油 从20150105 到 20250710 的数据...
  获取到 781 条数据
正在获取重庆建工 从20150105 到 20250710 的数据...
  获取到 2038 条数据
正在获取中国移动 从20150105 到 20250710 的数据...
  获取到 850 条数据
正在获取维远股份 从20150105 到 20250710 的数据...
  获取到 922 条数据
正在获取新天绿能 从20150105 到 20250710 的数据...
  获取到 1222 条数据
正在获取东方证券 从20150105 到 20250710 的数据...
  获取到 2494 条数据
正在获取江苏有线 从20150105 到 20250710 的数据...
  获取到 2379 条数据
正在获取渤海汽车 从20150105 到 20250710 的数据...
  获取到 2368 条数据
正在获取株冶集团 从20150105 到 20250710 的数据...
  获取到 2543 条数据
正在获取国投中鲁 从20150105 到 20250710 的数据...
  获取到 2505 条数据
正在获取岳阳林纸 从20150105 到 20250710 的数据...
  获取到 2504 条数据
正在获取福成股份 从20150105 到 20250710 的数据...
  获取到 2548 条数据
正在获取博汇纸业 从20150105 到 20250710 的数据...
  获取到 2547 条数据
正在获取内蒙一机 从20150105 到 20250710 的数据...
  获取到 2405 条数据
正在获取海油发展 从20150105 到 20250710 的数据...
  获取到 1466 条数据
正在获取郴电国际 从20150105 到 20250710 的数据...
  获取到 2555 条数据
正在获取中材国际 从20150105 到 20250710 的数据...
HTTPConnectionPool(host='api.waditu.com', port=80): Max retries exceeded with url: /dataapi/adj_factor (Caused by NameResolutionError("<urllib3.connection.HTTPConnection object at 0x7f33b4be44f0>: Failed to resolve 'api.waditu.com' ([Errno -2] Name or service not known)"))
  获取到 2501 条数据
正在获取恒源煤电 从20150105 到 20250710 的数据...
  获取到 2556 条数据
正在获取宝胜股份 从20150105 到 20250710 的数据...
  获取到 2491 条数据
正在获取新五丰 从20150105 到 20250710 的数据...
  获取到 2469 条数据
正在获取健民集团 从20150105 到 20250710 的数据...
  获取到 2546 条数据
正在获取中国电影 从20150105 到 20250710 的数据...
  获取到 2165 条数据
正在获取广安爱众 从20150105 到 20250710 的数据...
  获取到 2437 条数据
正在获取北矿科技 从20150105 到 20250710 的数据...
  获取到 2545 条数据
正在获取汇鸿集团 从20150105 到 20250710 的数据...
  获取到 2534 条数据
正在获取宁波能源 从20150105 到 20250710 的数据...
  获取到 2460 条数据
正在获取惠而浦 从20150105 到 20250710 的数据...
  获取到 2450 条数据
正在获取建设机械 从20150105 到 20250710 的数据...
  获取到 2506 条数据
正在获取淮北矿业 从20150105 到 20250710 的数据...
  获取到 2439 条数据
正在获取浙文互联 从20150105 到 20250710 的数据...
  获取到 2433 条数据
正在获取航民股份 从20150105 到 20250710 的数据...
  获取到 2492 条数据
正在获取赤峰黄金 从20150105 到 20250710 的数据...
  获取到 2455 条数据
正在获取宝丰能源 从20150105 到 20250710 的数据...
  获取到 1494 条数据
正在获取四创电子 从20150105 到 20250710 的数据...
  获取到 2414 条数据
正在获取贵绳股份 从20150105 到 20250710 的数据...
  获取到 2556 条数据
正在获取马应龙 从20150105 到 20250710 的数据...
  获取到 2556 条数据
正在获取南网储能 从20150105 到 20250710 的数据...
  获取到 2469 条数据
正在获取贵广网络 从20150105 到 20250710 的数据...
  获取到 2071 条数据
正在获取开滦股份 从20150105 到 20250710 的数据...
  获取到 2552 条数据
正在获取九州通 从20150105 到 20250710 的数据...
  获取到 2544 条数据
正在获取招商证券 从20150105 到 20250710 的数据...
  获取到 2544 条数据
正在获取唐山港 从20150105 到 20250710 的数据...
  获取到 2474 条数据
正在获取晋控煤业 从20150105 到 20250710 的数据...
  获取到 2464 条数据
正在获取晋亿实业 从20150105 到 20250710 的数据...
  获取到 2556 条数据
正在获取柳钢股份 从20150105 到 20250710 的数据...
  获取到 2391 条数据
正在获取重庆钢铁 从20150105 到 20250710 的数据...
  获取到 2186 条数据
正在获取大秦铁路 从20150105 到 20250710 的数据...
  获取到 2556 条数据
正在获取金陵饭店 从20150105 到 20250710 的数据...
  获取到 2550 条数据
正在获取连云港 从20150105 到 20250710 的数据...
  获取到 2556 条数据
正在获取南京银行 从20150105 到 20250710 的数据...
  获取到 2549 条数据
正在获取文峰股份 从20150105 到 20250710 的数据...
  获取到 2546 条数据
正在获取宝泰隆 从20150105 到 20250710 的数据...
  获取到 2543 条数据
正在获取隆基绿能 从20150105 到 20250710 的数据...
  获取到 2544 条数据
正在获取陕西黑猫 从20150105 到 20250710 的数据...
  获取到 2547 条数据
正在获取节能风电 从20150105 到 20250710 的数据...
  获取到 2541 条数据
正在获取宁波港 从20150105 到 20250710 的数据...
  获取到 2419 条数据
正在获取山东出版 从20150105 到 20250710 的数据...
  获取到 1852 条数据
正在获取华钰矿业 从20150105 到 20250710 的数据...
  获取到 2252 条数据
正在获取春秋航空 从20150105 到 20250710 的数据...
  获取到 2520 条数据
正在获取宁波远洋 从20150105 到 20250710 的数据...
  获取到 626 条数据
正在获取永兴股份 从20150105 到 20250710 的数据...
  获取到 355 条数据
正在获取一拖股份 从20150105 到 20250710 的数据...
  获取到 2556 条数据
正在获取赛轮轮胎 从20150105 到 20250710 的数据...
  获取到 2539 条数据
正在获取信达证券 从20150105 到 20250710 的数据...
  获取到 593 条数据
正在获取中信金属 从20150105 到 20250710 的数据...
  获取到 546 条数据
正在获取江盐集团 从20150105 到 20250710 的数据...
  获取到 546 条数据
正在获取中信建投 从20150105 到 20250710 的数据...
  获取到 1713 条数据
正在获取中铝国际 从20150105 到 20250710 的数据...
  获取到 1661 条数据
正在获取西部黄金 从20150105 到 20250710 的数据...
  获取到 2422 条数据
正在获取渝农商行 从20150105 到 20250710 的数据...
  获取到 1383 条数据
正在获取锦江航运 从20150105 到 20250710 的数据...
  获取到 386 条数据
正在获取国芳集团 从20150105 到 20250710 的数据...
  获取到 1885 条数据
正在获取中国神华 从20150105 到 20250710 的数据...
  获取到 2492 条数据
正在获取福元医药 从20150105 到 20250710 的数据...
  获取到 735 条数据
正在获取宏盛华源 从20150105 到 20250710 的数据...
  获取到 373 条数据
正在获取中南传媒 从20150105 到 20250710 的数据...
  获取到 2556 条数据
正在获取太平洋 从20150105 到 20250710 的数据...
  获取到 2540 条数据
正在获取恒立液压 从20150105 到 20250710 的数据...
  获取到 2517 条数据
正在获取昊华能源 从20150105 到 20250710 的数据...
  获取到 2451 条数据
正在获取中国一重 从20150105 到 20250710 的数据...
  获取到 2547 条数据
正在获取四川成渝 从20150105 到 20250710 的数据...
  获取到 2535 条数据
正在获取财通证券 从20150105 到 20250710 的数据...
  获取到 1867 条数据
正在获取中国国航 从20150105 到 20250710 的数据...
  获取到 2534 条数据
正在获取华鼎股份 从20150105 到 20250710 的数据...
  获取到 2472 条数据
正在获取三江购物 从20150105 到 20250710 的数据...
  获取到 2541 条数据
正在获取中国化学 从20150105 到 20250710 的数据...
  获取到 2553 条数据
正在获取海南橡胶 从20150105 到 20250710 的数据...
  获取到 2431 条数据
正在获取宝地矿业 从20150105 到 20250710 的数据...
  获取到 562 条数据
正在获取四方股份 从20150105 到 20250710 的数据...
  获取到 2553 条数据
正在获取赛力斯 从20150105 到 20250710 的数据...
  获取到 2179 条数据
正在获取常熟银行 从20150105 到 20250710 的数据...
  获取到 2129 条数据
正在获取柏诚股份 从20150105 到 20250710 的数据...
  获取到 546 条数据
正在获取首创证券 从20150105 到 20250710 的数据...
  获取到 616 条数据
正在获取博威合金 从20150105 到 20250710 的数据...
  获取到 2495 条数据
正在获取工业富联 从20150105 到 20250710 的数据...
  获取到 1720 条数据
正在获取深圳燃气 从20150105 到 20250710 的数据...
  获取到 2555 条数据
正在获取新城控股 从20150105 到 20250710 的数据...
  获取到 2321 条数据
正在获取东航物流 从20150105 到 20250710 的数据...
  获取到 991 条数据
正在获取重庆水务 从20150105 到 20250710 的数据...
  获取到 2549 条数据
正在获取天风证券 从20150105 到 20250710 的数据...
  获取到 1626 条数据
正在获取三角轮胎 从20150105 到 20250710 的数据...
  获取到 2142 条数据
正在获取兴业银行 从20150105 到 20250710 的数据...
  获取到 2551 条数据
正在获取西部矿业 从20150105 到 20250710 的数据...
  获取到 2362 条数据
正在获取北京银行 从20150105 到 20250710 的数据...
  获取到 2517 条数据
正在获取杭齿前进 从20150105 到 20250710 的数据...
  获取到 2553 条数据
正在获取中国西电 从20150105 到 20250710 的数据...
  获取到 2556 条数据
正在获取中国铁建 从20150105 到 20250710 的数据...
  获取到 2556 条数据
正在获取厦门银行 从20150105 到 20250710 的数据...
  获取到 1142 条数据
正在获取龙江交通 从20150105 到 20250710 的数据...
  获取到 2554 条数据
正在获取东兴证券 从20150105 到 20250710 的数据...
  获取到 2515 条数据
正在获取江南水务 从20150105 到 20250710 的数据...
  获取到 2531 条数据
正在获取上海环境 从20150105 到 20250710 的数据...
  获取到 2010 条数据
正在获取东材科技 从20150105 到 20250710 的数据...
  获取到 2556 条数据
正在获取国泰海通 从20150105 到 20250710 的数据...
  获取到 2421 条数据
正在获取白银有色 从20150105 到 20250710 的数据...
  获取到 1999 条数据
正在获取君正集团 从20150105 到 20250710 的数据...
  获取到 2459 条数据
正在获取吉鑫科技 从20150105 到 20250710 的数据...
  获取到 2556 条数据
正在获取林洋能源 从20150105 到 20250710 的数据...
  获取到 2554 条数据
正在获取陕西煤业 从20150105 到 20250710 的数据...
  获取到 2556 条数据
正在获取华电科工 从20150105 到 20250710 的数据...
  获取到 2555 条数据
正在获取广州港 从20150105 到 20250710 的数据...
  获取到 2012 条数据
正在获取上海银行 从20150105 到 20250710 的数据...
  获取到 2101 条数据
正在获取环旭电子 从20150105 到 20250710 的数据...
  获取到 2546 条数据
正在获取桐昆股份 从20150105 到 20250710 的数据...
  获取到 2547 条数据
正在获取红塔证券 从20150105 到 20250710 的数据...
  获取到 1453 条数据
正在获取广汽集团 从20150105 到 20250710 的数据...
  获取到 2546 条数据
正在获取英利汽车 从20150105 到 20250710 的数据...
  获取到 1027 条数据
正在获取农业银行 从20150105 到 20250710 的数据...
  获取到 2556 条数据
正在获取青岛港 从20150105 到 20250710 的数据...
  获取到 1562 条数据
正在获取骆驼股份 从20150105 到 20250710 的数据...
  获取到 2536 条数据
正在获取中国平安 从20150105 到 20250710 的数据...
  获取到 2556 条数据
正在获取中国人保 从20150105 到 20250710 的数据...
  获取到 1612 条数据
正在获取秦港股份 从20150105 到 20250710 的数据...
  获取到 1917 条数据
正在获取交通银行 从20150105 到 20250710 的数据...
  获取到 2556 条数据
正在获取绿色动力 从20150105 到 20250710 的数据...
  获取到 1719 条数据
正在获取广深铁路 从20150105 到 20250710 的数据...
  获取到 2556 条数据
正在获取新华保险 从20150105 到 20250710 的数据...
  获取到 2531 条数据
正在获取百隆东方 从20150105 到 20250710 的数据...
  获取到 2555 条数据
正在获取三六零 从20150105 到 20250710 的数据...
  获取到 2432 条数据
正在获取利群股份 从20150105 到 20250710 的数据...
  获取到 1999 条数据
正在获取绿城水务 从20150105 到 20250710 的数据...
  获取到 2443 条数据
正在获取陕鼓动力 从20150105 到 20250710 的数据...
  获取到 2516 条数据
正在获取中原证券 从20150105 到 20250710 的数据...
  获取到 2068 条数据
正在获取兴业证券 从20150105 到 20250710 的数据...
  获取到 2538 条数据
正在获取怡球资源 从20150105 到 20250710 的数据...
  获取到 2403 条数据
正在获取中国中铁 从20150105 到 20250710 的数据...
  获取到 2470 条数据
正在获取工商银行 从20150105 到 20250710 的数据...
  获取到 2556 条数据
正在获取国机重装 从20150105 到 20250710 的数据...
  获取到 1234 条数据
正在获取国联民生 从20150105 到 20250710 的数据...
  获取到 1178 条数据
正在获取通用股份 从20150105 到 20250710 的数据...
  获取到 2131 条数据
正在获取中新集团 从20150105 到 20250710 的数据...
  获取到 1345 条数据
正在获取东峰集团 从20150105 到 20250710 的数据...
  获取到 2544 条数据
正在获取吉林高速 从20150105 到 20250710 的数据...
  获取到 2512 条数据
正在获取大智慧 从20150105 到 20250710 的数据...
  获取到 2515 条数据
正在获取瑞丰银行 从20150105 到 20250710 的数据...
  获取到 980 条数据
正在获取东吴证券 从20150105 到 20250710 的数据...
  获取到 2538 条数据
正在获取九牧王 从20150105 到 20250710 的数据...
  获取到 2544 条数据
正在获取三星医疗 从20150105 到 20250710 的数据...
  获取到 2534 条数据
正在获取北元集团 从20150105 到 20250710 的数据...
  获取到 1147 条数据
正在获取长沙银行 从20150105 到 20250710 的数据...
  获取到 1644 条数据
正在获取会稽山 从20150105 到 20250710 的数据...
  获取到 2534 条数据
正在获取北辰实业 从20150105 到 20250710 的数据...
  获取到 2541 条数据
正在获取上海电影 从20150105 到 20250710 的数据...
  获取到 2159 条数据
正在获取中国外运 从20150105 到 20250710 的数据...
  获取到 1569 条数据
正在获取浙文影业 从20150105 到 20250710 的数据...
  获取到 2468 条数据
正在获取中国铝业 从20150105 到 20250710 的数据...
  获取到 2447 条数据
正在获取中国太保 从20150105 到 20250710 的数据...
  获取到 2556 条数据
正在获取长城军工 从20150105 到 20250710 的数据...
  获取到 1680 条数据
正在获取上海医药 从20150105 到 20250710 的数据...
  获取到 2556 条数据
正在获取中信重工 从20150105 到 20250710 的数据...
  获取到 2406 条数据
正在获取金田股份 从20150105 到 20250710 的数据...
  获取到 1265 条数据
正在获取中国核建 从20150105 到 20250710 的数据...
  获取到 2208 条数据
正在获取明阳智能 从20150105 到 20250710 的数据...
  获取到 1566 条数据
正在获取广电电气 从20150105 到 20250710 的数据...
  获取到 2547 条数据
正在获取中国中冶 从20150105 到 20250710 的数据...
  获取到 2484 条数据
正在获取嘉泽新能 从20150105 到 20250710 的数据...
  获取到 1807 条数据
正在获取中国人寿 从20150105 到 20250710 的数据...
  获取到 2556 条数据
正在获取长城汽车 从20150105 到 20250710 的数据...
  获取到 2534 条数据
正在获取旗滨集团 从20150105 到 20250710 的数据...
  获取到 2554 条数据
正在获取邮储银行 从20150105 到 20250710 的数据...
  获取到 1353 条数据
正在获取齐鲁银行 从20150105 到 20250710 的数据...
  获取到 985 条数据
正在获取平煤股份 从20150105 到 20250710 的数据...
  获取到 2556 条数据
正在获取中国建筑 从20150105 到 20250710 的数据...
  获取到 2556 条数据
正在获取中国电建 从20150105 到 20250710 的数据...
  获取到 2541 条数据
正在获取明泰铝业 从20150105 到 20250710 的数据...
  获取到 2556 条数据
正在获取滨化股份 从20150105 到 20250710 的数据...
  获取到 2552 条数据
正在获取友发集团 从20150105 到 20250710 的数据...
  获取到 1114 条数据
正在获取华泰证券 从20150105 到 20250710 的数据...
  获取到 2556 条数据
正在获取拓普集团 从20150105 到 20250710 的数据...
  获取到 2498 条数据
正在获取中银证券 从20150105 到 20250710 的数据...
  获取到 1304 条数据
正在获取中国卫通 从20150105 到 20250710 的数据...
  获取到 1464 条数据
正在获取潞安环能 从20150105 到 20250710 的数据...
  获取到 2537 条数据
正在获取风范股份 从20150105 到 20250710 的数据...
  获取到 2360 条数据
正在获取华峰铝业 从20150105 到 20250710 的数据...
  获取到 1172 条数据
正在获取郑煤机 从20150105 到 20250710 的数据...
  获取到 2356 条数据
正在获取际华集团 从20150105 到 20250710 的数据...
  获取到 2546 条数据
正在获取上海电气 从20150105 到 20250710 的数据...
  获取到 2296 条数据
正在获取中国电信 从20150105 到 20250710 的数据...
  获取到 940 条数据
正在获取中国中车 从20150105 到 20250710 的数据...
  获取到 2518 条数据
正在获取千里科技 从20150105 到 20250710 的数据...
  获取到 2525 条数据
正在获取晶科科技 从20150105 到 20250710 的数据...
  获取到 1249 条数据
正在获取光大证券 从20150105 到 20250710 的数据...
  获取到 2554 条数据
正在获取宁波建工 从20150105 到 20250710 的数据...
  获取到 2428 条数据
正在获取蓝科高新 从20150105 到 20250710 的数据...
  获取到 2494 条数据
正在获取星宇股份 从20150105 到 20250710 的数据...
  获取到 2538 条数据
正在获取中国交建 从20150105 到 20250710 的数据...
  获取到 2556 条数据
正在获取皖新传媒 从20150105 到 20250710 的数据...
  获取到 2535 条数据
正在获取中海油服 从20150105 到 20250710 的数据...
  获取到 2556 条数据
正在获取新华文轩 从20150105 到 20250710 的数据...
  获取到 2166 条数据
正在获取京沪高铁 从20150105 到 20250710 的数据...
  获取到 1327 条数据
正在获取光大银行 从20150105 到 20250710 的数据...
  获取到 2545 条数据
正在获取沪农商行 从20150105 到 20250710 的数据...
  获取到 941 条数据
正在获取三峰环境 从20150105 到 20250710 的数据...
  获取到 1236 条数据
正在获取美凯龙 从20150105 到 20250710 的数据...
  获取到 1807 条数据
正在获取成都银行 从20150105 到 20250710 的数据...
  获取到 1803 条数据
正在获取中国石油 从20150105 到 20250710 的数据...
  获取到 2556 条数据
正在获取中国科传 从20150105 到 20250710 的数据...
  获取到 2057 条数据
正在获取紫金银行 从20150105 到 20250710 的数据...
  获取到 1580 条数据
正在获取福莱特 从20150105 到 20250710 的数据...
  获取到 1554 条数据
正在获取中远海发 从20150105 到 20250710 的数据...
  获取到 2448 条数据
正在获取中国能建 从20150105 到 20250710 的数据...
  获取到 915 条数据
正在获取长飞光纤 从20150105 到 20250710 的数据...
  获取到 1691 条数据
正在获取招商轮船 从20150105 到 20250710 的数据...
  获取到 2456 条数据
正在获取正泰电器 从20150105 到 20250710 的数据...
  获取到 2419 条数据
正在获取浙商证券 从20150105 到 20250710 的数据...
  获取到 1954 条数据
正在获取辽港股份 从20150105 到 20250710 的数据...
  获取到 2539 条数据
正在获取中国银河 从20150105 到 20250710 的数据...
  获取到 2054 条数据
正在获取海天精工 从20150105 到 20250710 的数据...
  获取到 2105 条数据
正在获取江河集团 从20150105 到 20250710 的数据...
  获取到 2550 条数据
正在获取中国中免 从20150105 到 20250710 的数据...
  获取到 2500 条数据
正在获取亚星锚链 从20150105 到 20250710 的数据...
  获取到 2553 条数据
正在获取中煤能源 从20150105 到 20250710 的数据...
  获取到 2556 条数据
正在获取紫金矿业 从20150105 到 20250710 的数据...
  获取到 2526 条数据
正在获取南方传媒 从20150105 到 20250710 的数据...
  获取到 2169 条数据
正在获取方正证券 从20150105 到 20250710 的数据...
  获取到 2543 条数据
正在获取京运通 从20150105 到 20250710 的数据...
  获取到 2550 条数据
正在获取浙商银行 从20150105 到 20250710 的数据...
  获取到 1357 条数据
正在获取新集能源 从20150105 到 20250710 的数据...
  获取到 2542 条数据
正在获取中远海控 从20150105 到 20250710 的数据...
  获取到 2413 条数据
正在获取浙版传媒 从20150105 到 20250710 的数据...
  获取到 960 条数据
正在获取凤凰传媒 从20150105 到 20250710 的数据...
  获取到 2554 条数据
正在获取吉视传媒 从20150105 到 20250710 的数据...
  获取到 2549 条数据
正在获取永辉超市 从20150105 到 20250710 的数据...
  获取到 2544 条数据
正在获取建设银行 从20150105 到 20250710 的数据...
  获取到 2556 条数据
正在获取中国出版 从20150105 到 20250710 的数据...
  获取到 1914 条数据
正在获取苏垦农发 从20150105 到 20250710 的数据...
  获取到 1982 条数据
正在获取东贝集团 从20150105 到 20250710 的数据...
  获取到 1099 条数据
正在获取金钼股份 从20150105 到 20250710 的数据...
  获取到 2556 条数据
正在获取重庆银行 从20150105 到 20250710 的数据...
  获取到 1070 条数据
正在获取中国汽研 从20150105 到 20250710 的数据...
  获取到 2556 条数据
正在获取玲珑轮胎 从20150105 到 20250710 的数据...
  获取到 2170 条数据
正在获取宝钢包装 从20150105 到 20250710 的数据...
  获取到 2429 条数据
正在获取海南矿业 从20150105 到 20250710 的数据...
  获取到 2514 条数据
正在获取招商南油 从20150105 到 20250710 的数据...
  获取到 1576 条数据
正在获取中国核电 从20150105 到 20250710 的数据...
  获取到 2451 条数据
正在获取中国银行 从20150105 到 20250710 的数据...
  获取到 2556 条数据
正在获取中国重工 从20150105 到 20250710 的数据...
  获取到 2410 条数据
正在获取南京证券 从20150105 到 20250710 的数据...
  获取到 1717 条数据
正在获取大唐发电 从20150105 到 20250710 的数据...
HTTPConnectionPool(host='api.waditu.com', port=80): Max retries exceeded with url: /dataapi/adj_factor (Caused by NameResolutionError("<urllib3.connection.HTTPConnection object at 0x7f33b4bea290>: Failed to resolve 'api.waditu.com' ([Errno -2] Name or service not known)"))
  获取到 2546 条数据
正在获取金隅集团 从20150105 到 20250710 的数据...
  获取到 2540 条数据
正在获取中金公司 从20150105 到 20250710 的数据...
  获取到 1138 条数据
正在获取丰林集团 从20150105 到 20250710 的数据...
  获取到 2458 条数据
正在获取贵阳银行 从20150105 到 20250710 的数据...
  获取到 2160 条数据
正在获取中信银行 从20150105 到 20250710 的数据...
  获取到 2554 条数据
正在获取出版传媒 从20150105 到 20250710 的数据...
  获取到 2461 条数据
正在获取人民网 从20150105 到 20250710 的数据...
  获取到 2556 条数据
正在获取奥康国际 从20150105 到 20250710 的数据...
  获取到 2537 条数据
正在获取宏昌电子 从20150105 到 20250710 的数据...
  获取到 2530 条数据
正在获取鼎龙科技 从20150105 到 20250710 的数据...
  获取到 370 条数据
正在获取晶方科技 从20150105 到 20250710 的数据...
HTTPConnectionPool(host='api.waditu.com', port=80): Max retries exceeded with url: /dataapi/daily (Caused by NameResolutionError("<urllib3.connection.HTTPConnection object at 0x7f33b4be8130>: Failed to resolve 'api.waditu.com' ([Errno -2] Name or service not known)"))
  获取到 2553 条数据
正在获取联明股份 从20150105 到 20250710 的数据...
  获取到 2489 条数据
正在获取*ST花王 从20150105 到 20250710 的数据...
  获取到 2130 条数据
正在获取喜临门 从20150105 到 20250710 的数据...
  获取到 2501 条数据
正在获取北特科技 从20150105 到 20250710 的数据...
  获取到 2477 条数据
正在获取万盛股份 从20150105 到 20250710 的数据...
  获取到 2263 条数据
正在获取合锻智能 从20150105 到 20250710 的数据...
  获取到 2459 条数据
正在获取创力集团 从20150105 到 20250710 的数据...
  获取到 2502 条数据
正在获取亚普股份 从20150105 到 20250710 的数据...
  获取到 1742 条数据
正在获取威高血净 从20150105 到 20250710 的数据...
  获取到 38 条数据
正在获取弘讯科技 从20150105 到 20250710 的数据...
  获取到 2509 条数据
正在获取新宏泰 从20150105 到 20250710 的数据...
  获取到 2013 条数据
正在获取中衡设计 从20150105 到 20250710 的数据...
  获取到 2488 条数据
正在获取华设集团 从20150105 到 20250710 的数据...
  获取到 2495 条数据
正在获取中科曙光 从20150105 到 20250710 的数据...
  获取到 2530 条数据
正在获取爱普股份 从20150105 到 20250710 的数据...
  获取到 2504 条数据
正在获取ST华鹏 从20150105 到 20250710 的数据...
  获取到 2382 条数据
正在获取新通联 从20150105 到 20250710 的数据...
  获取到 2465 条数据
正在获取威帝股份 从20150105 到 20250710 的数据...
  获取到 2437 条数据
正在获取大豪科技 从20150105 到 20250710 的数据...
  获取到 2448 条数据
正在获取石大胜华 从20150105 到 20250710 的数据...
  获取到 2458 条数据
正在获取千禾味业 从20150105 到 20250710 的数据...
  获取到 2271 条数据
正在获取赛福天 从20150105 到 20250710 的数据...
  获取到 2234 条数据
正在获取天鹅股份 从20150105 到 20250710 的数据...
  获取到 2186 条数据
正在获取全筑股份 从20150105 到 20250710 的数据...
  获取到 2489 条数据
正在获取安孚科技 从20150105 到 20250710 的数据...
  获取到 2148 条数据
正在获取德新科技 从20150105 到 20250710 的数据...
  获取到 1911 条数据
正在获取三维股份 从20150105 到 20250710 的数据...
  获取到 2012 条数据
正在获取常熟汽饰 从20150105 到 20250710 的数据...
  获取到 2066 条数据
正在获取如通股份 从20150105 到 20250710 的数据...
  获取到 2079 条数据
正在获取凯众股份 从20150105 到 20250710 的数据...
  获取到 2055 条数据
正在获取华立股份 从20150105 到 20250710 的数据...
  获取到 2056 条数据
正在获取泛微网络 从20150105 到 20250710 的数据...
  获取到 1991 条数据
正在获取新坐标 从20150105 到 20250710 的数据...
  获取到 2045 条数据
正在获取美思德 从20150105 到 20250710 的数据...
  获取到 2011 条数据
正在获取华脉科技 从20150105 到 20250710 的数据...
HTTPConnectionPool(host='api.waditu.com', port=80): Max retries exceeded with url: /dataapi/daily (Caused by NameResolutionError("<urllib3.connection.HTTPConnection object at 0x7f33b4be8640>: Failed to resolve 'api.waditu.com' ([Errno -2] Name or service not known)"))
HTTPConnectionPool(host='api.waditu.com', port=80): Max retries exceeded with url: /dataapi/daily (Caused by NameResolutionError("<urllib3.connection.HTTPConnection object at 0x7f33b4beae90>: Failed to resolve 'api.waditu.com' ([Errno -2] Name or service not known)"))
  获取到 1968 条数据
正在获取广州酒家 从20150105 到 20250710 的数据...
  获取到 1953 条数据
正在获取福达合金 从20150105 到 20250710 的数据...
  获取到 1725 条数据
正在获取浙江黎明 从20150105 到 20250710 的数据...
  获取到 885 条数据
正在获取中策橡胶 从20150105 到 20250710 的数据...
  获取到 26 条数据
正在获取科林电气 从20150105 到 20250710 的数据...
  获取到 2001 条数据
正在获取鹿山新材 从20150105 到 20250710 的数据...
  获取到 798 条数据
正在获取可川科技 从20150105 到 20250710 的数据...
  获取到 668 条数据
正在获取成都燃气 从20150105 到 20250710 的数据...
  获取到 1348 条数据
正在获取台华新材 从20150105 到 20250710 的数据...
  获取到 1891 条数据
正在获取德邦股份 从20150105 到 20250710 的数据...
  获取到 1803 条数据
正在获取紫燕食品 从20150105 到 20250710 的数据...
  获取到 674 条数据
正在获取永吉股份 从20150105 到 20250710 的数据...
  获取到 2072 条数据
正在获取倍加洁 从20150105 到 20250710 的数据...
  获取到 1786 条数据
正在获取国检集团 从20150105 到 20250710 的数据...
  获取到 2106 条数据
正在获取金海通 从20150105 到 20250710 的数据...
  获取到 571 条数据
正在获取麦加芯彩 从20150105 到 20250710 的数据...
  获取到 406 条数据
正在获取禾望电气 从20150105 到 20250710 的数据...
  获取到 1930 条数据
正在获取宿迁联盛 从20150105 到 20250710 的数据...
  获取到 559 条数据
正在获取音飞储存 从20150105 到 20250710 的数据...
  获取到 2367 条数据
正在获取振华股份 从20150105 到 20250710 的数据...
  获取到 2127 条数据
正在获取博通集成 从20150105 到 20250710 的数据...
  获取到 1514 条数据
正在获取海汽集团 从20150105 到 20250710 的数据...
  获取到 2167 条数据
正在获取万控智造 从20150105 到 20250710 的数据...
  获取到 809 条数据
正在获取物产环能 从20150105 到 20250710 的数据...
  获取到 863 条数据
正在获取天和磁材 从20150105 到 20250710 的数据...
  获取到 124 条数据
正在获取彩蝶实业 从20150105 到 20250710 的数据...
  获取到 562 条数据
正在获取热威股份 从20150105 到 20250710 的数据...
  获取到 441 条数据
正在获取乐惠国际 从20150105 到 20250710 的数据...
  获取到 1859 条数据
正在获取和邦生物 从20150105 到 20250710 的数据...
  获取到 2528 条数据
正在获取江化微 从20150105 到 20250710 的数据...
  获取到 2004 条数据
正在获取圣达生物 从20150105 到 20250710 的数据...
  获取到 1874 条数据
正在获取新疆火炬 从20150105 到 20250710 的数据...
  获取到 1821 条数据
正在获取大丰实业 从20150105 到 20250710 的数据...
  获取到 1998 条数据
正在获取北自科技 从20150105 到 20250710 的数据...
  获取到 342 条数据
正在获取剑桥科技 从20150105 到 20250710 的数据...
  获取到 1860 条数据
正在获取天成自控 从20150105 到 20250710 的数据...
  获取到 2417 条数据
正在获取先达股份 从20150105 到 20250710 的数据...
  获取到 1984 条数据
正在获取甘李药业 从20150105 到 20250710 的数据...
  获取到 1222 条数据
正在获取宁波精达 从20150105 到 20250710 的数据...
  获取到 2539 条数据
正在获取正裕工业 从20150105 到 20250710 的数据...
  获取到 2051 条数据
正在获取宏盛股份 从20150105 到 20250710 的数据...
  获取到 2093 条数据
正在获取众鑫股份 从20150105 到 20250710 的数据...
  获取到 193 条数据
正在获取南华期货 从20150105 到 20250710 的数据...
  获取到 1419 条数据
正在获取越剑智能 从20150105 到 20250710 的数据...
  获取到 1270 条数据
正在获取新经典 从20150105 到 20250710 的数据...
  获取到 1995 条数据
正在获取江苏华辰 从20150105 到 20250710 的数据...
  获取到 769 条数据
正在获取森特股份 从20150105 到 20250710 的数据...
  获取到 2078 条数据
正在获取长白山 从20150105 到 20250710 的数据...
  获取到 2556 条数据
正在获取川仪股份 从20150105 到 20250710 的数据...
  获取到 2518 条数据
正在获取汇嘉时代 从20150105 到 20250710 的数据...
  获取到 2230 条数据
正在获取百合股份 从20150105 到 20250710 的数据...
  获取到 836 条数据
正在获取横店影视 从20150105 到 20250710 的数据...
  获取到 1881 条数据
正在获取芯能科技 从20150105 到 20250710 的数据...
  获取到 1700 条数据
正在获取恒银科技 从20150105 到 20250710 的数据...
  获取到 1891 条数据
正在获取上海汽配 从20150105 到 20250710 的数据...
  获取到 410 条数据
正在获取润达医疗 从20150105 到 20250710 的数据...
  获取到 2324 条数据
正在获取神驰机电 从20150105 到 20250710 的数据...
  获取到 1338 条数据
正在获取东方材料 从20150105 到 20250710 的数据...
HTTPConnectionPool(host='api.waditu.com', port=80): Max retries exceeded with url: /dataapi/daily (Caused by NameResolutionError("<urllib3.connection.HTTPConnection object at 0x7f33b4be8df0>: Failed to resolve 'api.waditu.com' ([Errno -2] Name or service not known)"))
HTTPConnectionPool(host='api.waditu.com', port=80): Max retries exceeded with url: /dataapi/daily (Caused by NameResolutionError("<urllib3.connection.HTTPConnection object at 0x7f33b4beb0d0>: Failed to resolve 'api.waditu.com' ([Errno -2] Name or service not known)"))
  获取到 1878 条数据
正在获取康尼机电 从20150105 到 20250710 的数据...
HTTPConnectionPool(host='api.waditu.com', port=80): Max retries exceeded with url: /dataapi/adj_factor (Caused by NameResolutionError("<urllib3.connection.HTTPConnection object at 0x7f33b4be8640>: Failed to resolve 'api.waditu.com' ([Errno -2] Name or service not known)"))
  获取到 2366 条数据
正在获取华翔股份 从20150105 到 20250710 的数据...
  获取到 1164 条数据
正在获取金能科技 从20150105 到 20250710 的数据...
  获取到 1984 条数据
正在获取海星股份 从20150105 到 20250710 的数据...
  获取到 1434 条数据
正在获取红蜻蜓 从20150105 到 20250710 的数据...
  获取到 2436 条数据
正在获取万林物流 从20150105 到 20250710 的数据...
  获取到 2423 条数据
正在获取共进股份 从20150105 到 20250710 的数据...
  获取到 2492 条数据
正在获取浙江荣泰 从20150105 到 20250710 的数据...
  获取到 470 条数据
正在获取肯特催化 从20150105 到 20250710 的数据...
  获取到 58 条数据
正在获取华培动力 从20150105 到 20250710 的数据...
  获取到 1574 条数据
正在获取合富中国 从20150105 到 20250710 的数据...
  获取到 825 条数据
正在获取翠微股份 从20150105 到 20250710 的数据...
  获取到 2545 条数据
正在获取江南新材 从20150105 到 20250710 的数据...
  获取到 76 条数据
正在获取常青科技 从20150105 到 20250710 的数据...
  获取到 546 条数据
正在获取中材节能 从20150105 到 20250710 的数据...
  获取到 2496 条数据
正在获取昭衍新药 从20150105 到 20250710 的数据...
  获取到 1910 条数据
正在获取华贸物流 从20150105 到 20250710 的数据...
  获取到 2440 条数据
正在获取春风动力 从20150105 到 20250710 的数据...
  获取到 1915 条数据
正在获取云中马 从20150105 到 20250710 的数据...
  获取到 640 条数据
正在获取上海沪工 从20150105 到 20250710 的数据...
  获取到 2119 条数据
正在获取金徽股份 从20150105 到 20250710 的数据...
  获取到 821 条数据
正在获取中重科技 从20150105 到 20250710 的数据...
  获取到 546 条数据
正在获取天目湖 从20150105 到 20250710 的数据...
  获取到 1887 条数据
正在获取恒尚节能 从20150105 到 20250710 的数据...
HTTPConnectionPool(host='api.waditu.com', port=80): Max retries exceeded with url: /dataapi/daily (Caused by NameResolutionError("<urllib3.connection.HTTPConnection object at 0x7f33b4beb520>: Failed to resolve 'api.waditu.com' ([Errno -2] Name or service not known)"))
  获取到 539 条数据
正在获取海量数据 从20150105 到 20250710 的数据...
  获取到 2029 条数据
正在获取康惠制药 从20150105 到 20250710 的数据...
  获取到 1995 条数据
正在获取万朗磁塑 从20150105 到 20250710 的数据...
  获取到 837 条数据
正在获取邦基科技 从20150105 到 20250710 的数据...
  获取到 654 条数据
正在获取上海建科 从20150105 到 20250710 的数据...
  获取到 565 条数据
正在获取新亚强 从20150105 到 20250710 的数据...
  获取到 1176 条数据
正在获取养元饮品 从20150105 到 20250710 的数据...
  获取到 1795 条数据
正在获取腾龙股份 从20150105 到 20250710 的数据...
  获取到 2468 条数据
正在获取上海亚虹 从20150105 到 20250710 的数据...
  获取到 2160 条数据
正在获取汇顶科技 从20150105 到 20250710 的数据...
  获取到 2113 条数据
正在获取科华控股 从20150105 到 20250710 的数据...
HTTPConnectionPool(host='api.waditu.com', port=80): Max retries exceeded with url: /dataapi/daily (Caused by NameResolutionError("<urllib3.connection.HTTPConnection object at 0x7f33b4bea1a0>: Failed to resolve 'api.waditu.com' ([Errno -2] Name or service not known)"))
  获取到 1811 条数据
正在获取海通发展 从20150105 到 20250710 的数据...
  获取到 553 条数据
正在获取圣晖集成 从20150105 到 20250710 的数据...
  获取到 666 条数据
正在获取荣晟环保 从20150105 到 20250710 的数据...
  获取到 2057 条数据
正在获取福达股份 从20150105 到 20250710 的数据...
  获取到 2553 条数据
正在获取渤海轮渡 从20150105 到 20250710 的数据...
  获取到 2556 条数据
正在获取莎普爱思 从20150105 到 20250710 的数据...
  获取到 2530 条数据
正在获取兰石重装 从20150105 到 20250710 的数据...
  获取到 2462 条数据
正在获取宝立食品 从20150105 到 20250710 的数据...
  获取到 724 条数据
正在获取税友股份 从20150105 到 20250710 的数据...
  获取到 977 条数据
正在获取万丰股份 从20150105 到 20250710 的数据...
  获取到 527 条数据
正在获取福斯达 从20150105 到 20250710 的数据...
  获取到 595 条数据
正在获取汇通集团 从20150105 到 20250710 的数据...
  获取到 852 条数据
正在获取德创环保 从20150105 到 20250710 的数据...
  获取到 2043 条数据
正在获取圣龙股份 从20150105 到 20250710 的数据...
  获取到 2013 条数据
正在获取新泉股份 从20150105 到 20250710 的数据...
  获取到 2020 条数据
正在获取金牌家居 从20150105 到 20250710 的数据...
  获取到 1983 条数据
正在获取皇马科技 从20150105 到 20250710 的数据...
  获取到 1911 条数据
正在获取嘉华股份 从20150105 到 20250710 的数据...
  获取到 684 条数据
正在获取建研院 从20150105 到 20250710 的数据...
  获取到 1897 条数据
正在获取弘元绿能 从20150105 到 20250710 的数据...
  获取到 1582 条数据
正在获取华正新材 从20150105 到 20250710 的数据...
  获取到 2068 条数据
正在获取海容冷链 从20150105 到 20250710 的数据...
HTTPConnectionPool(host='api.waditu.com', port=80): Max retries exceeded with url: /dataapi/adj_factor (Caused by NameResolutionError("<urllib3.connection.HTTPConnection object at 0x7f33b4beb3a0>: Failed to resolve 'api.waditu.com' ([Errno -2] Name or service not known)"))
  获取到 1603 条数据
正在获取亚邦股份 从20150105 到 20250710 的数据...
  获取到 2471 条数据
正在获取网达软件 从20150105 到 20250710 的数据...
  获取到 2138 条数据
正在获取亚通精工 从20150105 到 20250710 的数据...
  获取到 581 条数据
正在获取望变电气 从20150105 到 20250710 的数据...
  获取到 776 条数据
正在获取汇得科技 从20150105 到 20250710 的数据...
  获取到 1664 条数据
正在获取润本股份 从20150105 到 20250710 的数据...
  获取到 421 条数据
正在获取中力股份 从20150105 到 20250710 的数据...
  获取到 131 条数据
正在获取公牛集团 从20150105 到 20250710 的数据...
  获取到 1318 条数据
正在获取日播时尚 从20150105 到 20250710 的数据...
  获取到 1952 条数据
正在获取保隆科技 从20150105 到 20250710 的数据...
  获取到 1978 条数据
正在获取迎驾贡酒 从20150105 到 20250710 的数据...
  获取到 2460 条数据
正在获取九华旅游 从20150105 到 20250710 的数据...
  获取到 2503 条数据
正在获取上海洗霸 从20150105 到 20250710 的数据...
  获取到 1971 条数据
正在获取常润股份 从20150105 到 20250710 的数据...
  获取到 714 条数据
正在获取天有为 从20150105 到 20250710 的数据...
  获取到 52 条数据
正在获取快克智能 从20150105 到 20250710 的数据...
  获取到 2107 条数据
正在获取健尔康 从20150105 到 20250710 的数据...
  获取到 164 条数据
正在获取嘉环科技 从20150105 到 20250710 的数据...
  获取到 773 条数据
正在获取小方制药 从20150105 到 20250710 的数据...
  获取到 210 条数据
正在获取江山欧派 从20150105 到 20250710 的数据...
  获取到 2045 条数据
正在获取兴通股份 从20150105 到 20250710 的数据...
  获取到 799 条数据
正在获取泰鸿万立 从20150105 到 20250710 的数据...
  获取到 63 条数据
正在获取晋拓股份 从20150105 到 20250710 的数据...
  获取到 718 条数据
正在获取赛伍技术 从20150105 到 20250710 的数据...
HTTPConnectionPool(host='api.waditu.com', port=80): Max retries exceeded with url: /dataapi/adj_factor (Caused by NameResolutionError("<urllib3.connection.HTTPConnection object at 0x7f33b4b90280>: Failed to resolve 'api.waditu.com' ([Errno -2] Name or service not known)"))
  获取到 1259 条数据
正在获取镇洋发展 从20150105 到 20250710 的数据...
  获取到 888 条数据
正在获取爱婴室 从20150105 到 20250710 的数据...
  获取到 1766 条数据
正在获取比依股份 从20150105 到 20250710 的数据...
  获取到 823 条数据
正在获取梦天家居 从20150105 到 20250710 的数据...
  获取到 864 条数据
正在获取元利科技 从20150105 到 20250710 的数据...
  获取到 1470 条数据
正在获取日月股份 从20150105 到 20250710 的数据...
  获取到 2071 条数据
正在获取富佳股份 从20150105 到 20250710 的数据...
  获取到 881 条数据
正在获取中贝通信 从20150105 到 20250710 的数据...
  获取到 1613 条数据
正在获取爱丽家居 从20150105 到 20250710 的数据...
  获取到 1286 条数据
正在获取济民健康 从20150105 到 20250710 的数据...
  获取到 2471 条数据
正在获取恒通股份 从20150105 到 20250710 的数据...
  获取到 2425 条数据
正在获取新凤鸣 从20150105 到 20250710 的数据...
  获取到 2000 条数据
正在获取菲林格尔 从20150105 到 20250710 的数据...
  获取到 1955 条数据
正在获取雪峰科技 从20150105 到 20250710 的数据...
  获取到 2410 条数据
正在获取景旺电子 从20150105 到 20250710 的数据...
  获取到 2065 条数据
正在获取奥翔药业 从20150105 到 20250710 的数据...
  获取到 1986 条数据
正在获取内蒙新华 从20150105 到 20250710 的数据...
  获取到 857 条数据
正在获取索宝蛋白 从20150105 到 20250710 的数据...
  获取到 378 条数据
正在获取格尔软件 从20150105 到 20250710 的数据...
  获取到 1997 条数据
正在获取大参林 从20150105 到 20250710 的数据...
  获取到 1929 条数据
正在获取天新药业 从20150105 到 20250710 的数据...
  获取到 727 条数据
正在获取移远通信 从20150105 到 20250710 的数据...
  获取到 1452 条数据
正在获取五芳斋 从20150105 到 20250710 的数据...
  获取到 691 条数据
正在获取诺邦股份 从20150105 到 20250710 的数据...
  获取到 1967 条数据
正在获取浙江仙通 从20150105 到 20250710 的数据...
  获取到 2068 条数据
正在获取鼎际得 从20150105 到 20250710 的数据...
  获取到 700 条数据
正在获取宏和科技 从20150105 到 20250710 的数据...
  获取到 1449 条数据
正在获取中国瑞林 从20150105 到 20250710 的数据...
  获取到 64 条数据
正在获取电魂网络 从20150105 到 20250710 的数据...
  获取到 2116 条数据
正在获取药明康德 从20150105 到 20250710 的数据...
  获取到 1743 条数据
正在获取合盛硅业 从20150105 到 20250710 的数据...
  获取到 1869 条数据
正在获取*ST立航 从20150105 到 20250710 的数据...
  获取到 805 条数据
正在获取天龙股份 从20150105 到 20250710 的数据...
HTTPConnectionPool(host='api.waditu.com', port=80): Max retries exceeded with url: /dataapi/daily (Caused by NameResolutionError("<urllib3.connection.HTTPConnection object at 0x7f33b4b901f0>: Failed to resolve 'api.waditu.com' ([Errno -2] Name or service not known)"))
  获取到 2063 条数据
正在获取鸿远电子 从20150105 到 20250710 的数据...
  获取到 1495 条数据
正在获取*ST松发 从20150105 到 20250710 的数据...
  获取到 2370 条数据
正在获取海鸥股份 从20150105 到 20250710 的数据...
  获取到 1974 条数据
正在获取金帝股份 从20150105 到 20250710 的数据...
  获取到 447 条数据
正在获取永杰新材 从20150105 到 20250710 的数据...
  获取到 83 条数据
正在获取联翔股份 从20150105 到 20250710 的数据...
  获取到 763 条数据
正在获取天元智能 从20150105 到 20250710 的数据...
  获取到 417 条数据
正在获取众辰科技 从20150105 到 20250710 的数据...
  获取到 454 条数据
正在获取恒兴新材 从20150105 到 20250710 的数据...
  获取到 431 条数据
正在获取银都股份 从20150105 到 20250710 的数据...
  获取到 1899 条数据
正在获取大业股份 从20150105 到 20250710 的数据...
  获取到 1859 条数据
正在获取景津装备 从20150105 到 20250710 的数据...
  获取到 1443 条数据
正在获取南方路机 从20150105 到 20250710 的数据...
  获取到 648 条数据
正在获取江瀚新材 从20150105 到 20250710 的数据...
  获取到 594 条数据
正在获取亚光股份 从20150105 到 20250710 的数据...
  获取到 563 条数据
正在获取赛腾股份 从20150105 到 20250710 的数据...
  获取到 1823 条数据
正在获取键邦股份 从20150105 到 20250710 的数据...
  获取到 246 条数据
正在获取日盈电子 从20150105 到 20250710 的数据...
  获取到 1934 条数据
正在获取海天味业 从20150105 到 20250710 的数据...
  获取到 2556 条数据
正在获取泰瑞机器 从20150105 到 20250710 的数据...
  获取到 1868 条数据
正在获取斯达半导 从20150105 到 20250710 的数据...
  获取到 1320 条数据
正在获取联合水务 从20150105 到 20250710 的数据...
  获取到 555 条数据
正在获取华勤技术 从20150105 到 20250710 的数据...
  获取到 465 条数据
正在获取永新光学 从20150105 到 20250710 的数据...
  获取到 1655 条数据
正在获取杭叉集团 从20150105 到 20250710 的数据...
  获取到 2072 条数据
正在获取苏盐井神 从20150105 到 20250710 的数据...
  获取到 2192 条数据
正在获取海南华铁 从20150105 到 20250710 的数据...
  获取到 2436 条数据
正在获取振德医疗 从20150105 到 20250710 的数据...
  获取到 1759 条数据
正在获取得邦照明 从20150105 到 20250710 的数据...
  获取到 2011 条数据
正在获取旭升集团 从20150105 到 20250710 的数据...
  获取到 1939 条数据
正在获取华懋科技 从20150105 到 20250710 的数据...
  获取到 2521 条数据
正在获取扬州金泉 从20150105 到 20250710 的数据...
  获取到 582 条数据
正在获取应流股份 从20150105 到 20250710 的数据...
  获取到 2488 条数据
正在获取维力医疗 从20150105 到 20250710 的数据...
  获取到 2452 条数据
正在获取巍华新材 从20150105 到 20250710 的数据...
  获取到 218 条数据
正在获取金海高科 从20150105 到 20250710 的数据...
  获取到 2463 条数据
正在获取西典新能 从20150105 到 20250710 的数据...
  获取到 360 条数据
正在获取梦百合 从20150105 到 20250710 的数据...
  获取到 2125 条数据
正在获取福鞍股份 从20150105 到 20250710 的数据...
  获取到 2391 条数据
正在获取诚邦股份 从20150105 到 20250710 的数据...
  获取到 1959 条数据
正在获取天味食品 从20150105 到 20250710 的数据...
  获取到 1513 条数据
正在获取水发燃气 从20150105 到 20250710 的数据...
  获取到 2304 条数据
正在获取美湖股份 从20150105 到 20250710 的数据...
  获取到 2091 条数据
正在获取迪贝电气 从20150105 到 20250710 的数据...
  获取到 1991 条数据
正在获取梅轮电梯 从20150105 到 20250710 的数据...
  获取到 1895 条数据
正在获取超讯通信 从20150105 到 20250710 的数据...
  获取到 2148 条数据
正在获取苏农银行 从20150105 到 20250710 的数据...
  获取到 2092 条数据
正在获取盛剑科技 从20150105 到 20250710 的数据...
  获取到 1033 条数据
正在获取博隆技术 从20150105 到 20250710 的数据...
  获取到 361 条数据
正在获取我乐家居 从20150105 到 20250710 的数据...
  获取到 1959 条数据
正在获取福蓉科技 从20150105 到 20250710 的数据...
  获取到 1489 条数据
正在获取依顿电子 从20150105 到 20250710 的数据...
  获取到 2552 条数据
正在获取上海雅仕 从20150105 到 20250710 的数据...
  获取到 1819 条数据
正在获取天洋新材 从20150105 到 20250710 的数据...
  获取到 2027 条数据
正在获取百达精工 从20150105 到 20250710 的数据...
  获取到 1947 条数据
正在获取苏州龙杰 从20150105 到 20250710 的数据...
  获取到 1570 条数据
正在获取尚纬股份 从20150105 到 20250710 的数据...
  获取到 2512 条数据
正在获取迪生力 从20150105 到 20250710 的数据...
  获取到 1958 条数据
正在获取宏辉果蔬 从20150105 到 20250710 的数据...
  获取到 2078 条数据
正在获取杰克股份 从20150105 到 20250710 的数据...
  获取到 2056 条数据
正在获取浙江鼎力 从20150105 到 20250710 的数据...
  获取到 2491 条数据
正在获取四方科技 从20150105 到 20250710 的数据...
  获取到 2220 条数据
正在获取龙旗科技 从20150105 到 20250710 的数据...
  获取到 330 条数据
正在获取星德胜 从20150105 到 20250710 的数据...
  获取到 317 条数据
正在获取安井食品 从20150105 到 20250710 的数据...
  获取到 1998 条数据
正在获取文灿股份 从20150105 到 20250710 的数据...
  获取到 1748 条数据
正在获取安乃达 从20150105 到 20250710 的数据...
  获取到 248 条数据
正在获取威尔药业 从20150105 到 20250710 的数据...
  获取到 1561 条数据
正在获取和顺石油 从20150105 到 20250710 的数据...
  获取到 1276 条数据
正在获取莱克电气 从20150105 到 20250710 的数据...
  获取到 2471 条数据
正在获取华菱精工 从20150105 到 20250710 的数据...
  获取到 1798 条数据
正在获取设计总院 从20150105 到 20250710 的数据...
  获取到 1928 条数据
正在获取华达科技 从20150105 到 20250710 的数据...
  获取到 2047 条数据
正在获取东珠生态 从20150105 到 20250710 的数据...
  获取到 1905 条数据
正在获取百傲化学 从20150105 到 20250710 的数据...
  获取到 2049 条数据
正在获取傲农生物 从20150105 到 20250710 的数据...
  获取到 1886 条数据
正在获取水星家纺 从20150105 到 20250710 的数据...
  获取到 1854 条数据
正在获取日出东方 从20150105 到 20250710 的数据...
  获取到 2555 条数据
正在获取辰欣药业 从20150105 到 20250710 的数据...
  获取到 1885 条数据
正在获取柳药集团 从20150105 到 20250710 的数据...
  获取到 2543 条数据
正在获取今世缘 从20150105 到 20250710 的数据...
  获取到 2553 条数据
正在获取安邦护卫 从20150105 到 20250710 的数据...
  获取到 375 条数据
正在获取盛景微 从20150105 到 20250710 的数据...
  获取到 351 条数据
正在获取ST东时 从20150105 到 20250710 的数据...
  获取到 2272 条数据
正在获取亚士创能 从20150105 到 20250710 的数据...
  获取到 1886 条数据
正在获取三美股份 从20150105 到 20250710 的数据...
  获取到 1522 条数据
正在获取易德龙 从20150105 到 20250710 的数据...
  获取到 1956 条数据
正在获取永臻股份 从20150105 到 20250710 的数据...
  获取到 253 条数据
正在获取海阳科技 从20150105 到 20250710 的数据...
  获取到 21 条数据
正在获取顶点软件 从20150105 到 20250710 的数据...
  获取到 1975 条数据
正在获取惠达卫浴 从20150105 到 20250710 的数据...
  获取到 2009 条数据
正在获取骏亚科技 从20150105 到 20250710 的数据...
  获取到 1810 条数据
正在获取基蛋生物 从20150105 到 20250710 的数据...
  获取到 1939 条数据
正在获取*ST元成 从20150105 到 20250710 的数据...
  获取到 2012 条数据
正在获取*ST亚振 从20150105 到 20250710 的数据...
  获取到 2059 条数据
正在获取通达电气 从20150105 到 20250710 的数据...
  获取到 1364 条数据
正在获取力聚热能 从20150105 到 20250710 的数据...
  获取到 228 条数据
正在获取万泰生物 从20150105 到 20250710 的数据...
  获取到 1260 条数据
正在获取新天然气 从20150105 到 20250710 的数据...
  获取到 2079 条数据
正在获取红四方 从20150105 到 20250710 的数据...
  获取到 151 条数据
正在获取金辰股份 从20150105 到 20250710 的数据...
  获取到 1877 条数据
正在获取*ST沐邦 从20150105 到 20250710 的数据...
  获取到 2207 条数据
正在获取永杉锂业 从20150105 到 20250710 的数据...
  获取到 2356 条数据
正在获取华之杰 从20150105 到 20250710 的数据...
  获取到 15 条数据
正在获取建霖家居 从20150105 到 20250710 的数据...
  获取到 1199 条数据
正在获取汇通控股 从20150105 到 20250710 的数据...
  获取到 88 条数据
正在获取信捷电气 从20150105 到 20250710 的数据...
  获取到 2076 条数据
正在获取鼎信通讯 从20150105 到 20250710 的数据...
  获取到 2127 条数据
正在获取集友股份 从20150105 到 20250710 的数据...
  获取到 2004 条数据
正在获取贵州三力 从20150105 到 20250710 的数据...
  获取到 1261 条数据
正在获取吉比特 从20150105 到 20250710 的数据...
  获取到 2067 条数据
正在获取九洲药业 从20150105 到 20250710 的数据...
  获取到 2518 条数据
正在获取勘设股份 从20150105 到 20250710 的数据...
  获取到 1920 条数据
正在获取风语筑 从20150105 到 20250710 的数据...
  获取到 1874 条数据
正在获取巨星农牧 从20150105 到 20250710 的数据...
  获取到 1823 条数据
正在获取科沃斯 从20150105 到 20250710 的数据...
  获取到 1729 条数据
正在获取展鹏科技 从20150105 到 20250710 的数据...
  获取到 1965 条数据
正在获取八方股份 从20150105 到 20250710 的数据...
  获取到 1374 条数据
正在获取恒为科技 从20150105 到 20250710 的数据...
  获取到 1967 条数据
正在获取翔港科技 从20150105 到 20250710 的数据...
  获取到 1878 条数据
正在获取祥和实业 从20150105 到 20250710 的数据...
  获取到 1904 条数据
正在获取豪威集团 从20150105 到 20250710 的数据...
  获取到 1818 条数据
正在获取金石资源 从20150105 到 20250710 的数据...
  获取到 1990 条数据
正在获取南都物业 从20150105 到 20250710 的数据...
  获取到 1802 条数据
正在获取振江股份 从20150105 到 20250710 的数据...
  获取到 1859 条数据
正在获取思维列控 从20150105 到 20250710 的数据...
  获取到 2230 条数据
正在获取爱慕股份 从20150105 到 20250710 的数据...
  获取到 998 条数据
正在获取欧普照明 从20150105 到 20250710 的数据...
  获取到 2157 条数据
正在获取淳中科技 从20150105 到 20250710 的数据...
  获取到 1801 条数据
正在获取绝味食品 从20150105 到 20250710 的数据...
  获取到 2020 条数据
正在获取锦泓集团 从20150105 到 20250710 的数据...
  获取到 2420 条数据
正在获取立霸股份 从20150105 到 20250710 的数据...
  获取到 2414 条数据
正在获取司太立 从20150105 到 20250710 的数据...
  获取到 2144 条数据
正在获取众源新材 从20150105 到 20250710 的数据...
  获取到 1901 条数据
正在获取多伦科技 从20150105 到 20250710 的数据...
  获取到 2231 条数据
正在获取爱玛科技 从20150105 到 20250710 的数据...
  获取到 988 条数据
正在获取神马电力 从20150105 到 20250710 的数据...
  获取到 1438 条数据
正在获取掌阅科技 从20150105 到 20250710 的数据...
  获取到 1889 条数据
正在获取嘉诚国际 从20150105 到 20250710 的数据...
  获取到 1923 条数据
正在获取惠发食品 从20150105 到 20250710 的数据...
  获取到 1963 条数据
正在获取美诺华 从20150105 到 20250710 的数据...
  获取到 1934 条数据
正在获取奥普科技 从20150105 到 20250710 的数据...
  获取到 1328 条数据
正在获取海兴电力 从20150105 到 20250710 的数据...
  获取到 2105 条数据
正在获取ST起步 从20150105 到 20250710 的数据...
  获取到 1904 条数据
正在获取健盛集团 从20150105 到 20250710 的数据...
  获取到 2438 条数据
正在获取ST通脉 从20150105 到 20250710 的数据...
  获取到 2008 条数据
正在获取中谷物流 从20150105 到 20250710 的数据...
  获取到 1158 条数据
正在获取普莱柯 从20150105 到 20250710 的数据...
  获取到 2463 条数据
正在获取珍宝岛 从20150105 到 20250710 的数据...
  获取到 2468 条数据
正在获取伟明环保 从20150105 到 20250710 的数据...
  获取到 2460 条数据
正在获取长久物流 从20150105 到 20250710 的数据...
  获取到 2164 条数据
正在获取汇金通 从20150105 到 20250710 的数据...
  获取到 2075 条数据
正在获取三星新材 从20150105 到 20250710 的数据...
  获取到 2017 条数据
正在获取荣泰健康 从20150105 到 20250710 的数据...
  获取到 2062 条数据
正在获取*ST艾艾 从20150105 到 20250710 的数据...
  获取到 1973 条数据
正在获取捷昌驱动 从20150105 到 20250710 的数据...
  获取到 1646 条数据
正在获取苏利股份 从20150105 到 20250710 的数据...
  获取到 2081 条数据
正在获取金麒麟 从20150105 到 20250710 的数据...
  获取到 2008 条数据
正在获取地素时尚 从20150105 到 20250710 的数据...
  获取到 1711 条数据
正在获取高能环境 从20150105 到 20250710 的数据...
  获取到 2453 条数据
正在获取口子窖 从20150105 到 20250710 的数据...
  获取到 2439 条数据
正在获取康辰药业 从20150105 到 20250710 的数据...
  获取到 1665 条数据
正在获取东尼电子 从20150105 到 20250710 的数据...
  获取到 1942 条数据
正在获取伯特利 从20150105 到 20250710 的数据...
  获取到 1748 条数据
正在获取引力传媒 从20150105 到 20250710 的数据...
  获取到 2280 条数据
正在获取广信股份 从20150105 到 20250710 的数据...
  获取到 2465 条数据
正在获取永艺股份 从20150105 到 20250710 的数据...
  获取到 2530 条数据
正在获取再升科技 从20150105 到 20250710 的数据...
  获取到 2486 条数据
正在获取纵横通信 从20150105 到 20250710 的数据...
  获取到 1859 条数据
正在获取珀莱雅 从20150105 到 20250710 的数据...
  获取到 1857 条数据
正在获取东方电缆 从20150105 到 20250710 的数据...
  获取到 2547 条数据
正在获取京华激光 从20150105 到 20250710 的数据...
  获取到 1871 条数据
正在获取天创时尚 从20150105 到 20250710 的数据...
  获取到 2203 条数据
正在获取禾丰股份 从20150105 到 20250710 的数据...
  获取到 2544 条数据
正在获取麒盛科技 从20150105 到 20250710 的数据...
  获取到 1383 条数据
正在获取诺力股份 从20150105 到 20250710 的数据...
  获取到 2456 条数据
正在获取索通发展 从20150105 到 20250710 的数据...
  获取到 1927 条数据
正在获取国联股份 从20150105 到 20250710 的数据...
  获取到 1442 条数据
正在获取茶花股份 从20150105 到 20250710 的数据...
  获取到 2044 条数据
正在获取韩建河山 从20150105 到 20250710 的数据...
  获取到 2432 条数据
正在获取君禾股份 从20150105 到 20250710 的数据...
  获取到 1949 条数据
正在获取杭电股份 从20150105 到 20250710 的数据...
  获取到 2500 条数据
正在获取中曼石油 从20150105 到 20250710 的数据...
  获取到 1855 条数据
正在获取科森科技 从20150105 到 20250710 的数据...
  获取到 2046 条数据
正在获取清源股份 从20150105 到 20250710 的数据...
  获取到 2057 条数据
正在获取利通电子 从20150105 到 20250710 的数据...
  获取到 1586 条数据
正在获取拉芳家化 从20150105 到 20250710 的数据...
  获取到 2024 条数据
正在获取徕木股份 从20150105 到 20250710 的数据...
  获取到 2094 条数据
正在获取南威软件 从20150105 到 20250710 的数据...
  获取到 2477 条数据
正在获取镇海股份 从20150105 到 20250710 的数据...
  获取到 2045 条数据
正在获取艾迪精密 从20150105 到 20250710 的数据...
  获取到 2055 条数据
正在获取海利尔 从20150105 到 20250710 的数据...
  获取到 2061 条数据
正在获取畅联股份 从20150105 到 20250710 的数据...
  获取到 1897 条数据
正在获取彤程新材 从20150105 到 20250710 的数据...
  获取到 1708 条数据
正在获取朗博科技 从20150105 到 20250710 的数据...
  获取到 1820 条数据
正在获取泰禾智能 从20150105 到 20250710 的数据...
  获取到 2018 条数据
正在获取春光科技 从20150105 到 20250710 的数据...
  获取到 1685 条数据
正在获取安图生物 从20150105 到 20250710 的数据...
  获取到 2148 条数据
正在获取璞泰来 从20150105 到 20250710 的数据...
  获取到 1809 条数据
正在获取苏州科达 从20150105 到 20250710 的数据...
  获取到 2088 条数据
正在获取恒林股份 从20150105 到 20250710 的数据...
  获取到 1845 条数据
正在获取柯力传感 从20150105 到 20250710 的数据...
  获取到 1437 条数据
正在获取三祥新材 从20150105 到 20250710 的数据...
  获取到 2171 条数据
正在获取康隆达 从20150105 到 20250710 的数据...
  获取到 2024 条数据
正在获取亿嘉和 从20150105 到 20250710 的数据...
  获取到 1718 条数据
正在获取五洲新春 从20150105 到 20250710 的数据...
  获取到 2045 条数据
正在获取天马科技 从20150105 到 20250710 的数据...
  获取到 2058 条数据
正在获取灵康药业 从20150105 到 20250710 的数据...
  获取到 2460 条数据
正在获取卫信康 从20150105 到 20250710 的数据...
  获取到 1935 条数据
正在获取奇精机械 从20150105 到 20250710 的数据...
  获取到 2044 条数据
正在获取火炬电子 从20150105 到 20250710 的数据...
  获取到 2525 条数据
正在获取华体科技 从20150105 到 20250710 的数据...
  获取到 1957 条数据
正在获取今创集团 从20150105 到 20250710 的数据...
  获取到 1789 条数据
正在获取永冠新材 从20150105 到 20250710 的数据...
  获取到 1527 条数据
正在获取锦和商管 从20150105 到 20250710 的数据...
  获取到 1266 条数据
正在获取晶华新材 从20150105 到 20250710 的数据...
  获取到 1875 条数据
正在获取晨丰科技 从20150105 到 20250710 的数据...
  获取到 1847 条数据
正在获取福龙马 从20150105 到 20250710 的数据...
  获取到 2479 条数据
正在获取大胜达 从20150105 到 20250710 的数据...
  获取到 1444 条数据
正在获取石英股份 从20150105 到 20250710 的数据...
  获取到 2553 条数据
正在获取皖天然气 从20150105 到 20250710 的数据...
  获取到 2063 条数据
正在获取至纯科技 从20150105 到 20250710 的数据...
  获取到 1967 条数据
正在获取江苏新能 从20150105 到 20250710 的数据...
  获取到 1695 条数据
正在获取安记食品 从20150105 到 20250710 的数据...
  获取到 2295 条数据
正在获取有友食品 从20150105 到 20250710 的数据...
  获取到 1500 条数据
正在获取航天工程 从20150105 到 20250710 的数据...
  获取到 2539 条数据
正在获取纽威股份 从20150105 到 20250710 的数据...
  获取到 2546 条数据
正在获取宁水集团 从20150105 到 20250710 的数据...
  获取到 1567 条数据
正在获取德宏股份 从20150105 到 20250710 的数据...
  获取到 2223 条数据
正在获取盛洋科技 从20150105 到 20250710 的数据...
  获取到 2394 条数据
正在获取东方环宇 从20150105 到 20250710 的数据...
  获取到 1700 条数据
正在获取健友股份 从20150105 到 20250710 的数据...
  获取到 1937 条数据
正在获取家家悦 从20150105 到 20250710 的数据...
  获取到 2082 条数据
正在获取中源家居 从20150105 到 20250710 的数据...
  获取到 1797 条数据
正在获取香飘飘 从20150105 到 20250710 的数据...
  获取到 1846 条数据
正在获取七一二 从20150105 到 20250710 的数据...
  获取到 1787 条数据
正在获取密尔克卫 从20150105 到 20250710 的数据...
  获取到 1696 条数据
正在获取塞力医疗 从20150105 到 20250710 的数据...
  获取到 2101 条数据
正在获取天域生物 从20150105 到 20250710 的数据...
  获取到 2014 条数据
正在获取海利生物 从20150105 到 20250710 的数据...
  获取到 2430 条数据
正在获取良品铺子 从20150105 到 20250710 的数据...
  获取到 1306 条数据
正在获取*ST天择 从20150105 到 20250710 的数据...
HTTPConnectionPool(host='api.waditu.com', port=80): Max retries exceeded with url: /dataapi/adj_factor (Caused by NameResolutionError("<urllib3.connection.HTTPConnection object at 0x7f33b4b92b30>: Failed to resolve 'api.waditu.com' ([Errno -2] Name or service not known)"))
  获取到 1917 条数据
正在获取阿科力 从20150105 到 20250710 的数据...
  获取到 1870 条数据
正在获取天安新材 从20150105 到 20250710 的数据...
  获取到 1887 条数据
正在获取朗迪集团 从20150105 到 20250710 的数据...
  获取到 2234 条数据
正在获取博迈科 从20150105 到 20250710 的数据...
  获取到 2097 条数据
正在获取鸣志电器 从20150105 到 20250710 的数据...
  获取到 1986 条数据
正在获取龙韵股份 从20150105 到 20250710 的数据...
  获取到 2425 条数据
正在获取岱美股份 从20150105 到 20250710 的数据...
  获取到 1915 条数据
正在获取仙鹤股份 从20150105 到 20250710 的数据...
  获取到 1753 条数据
正在获取三棵树 从20150105 到 20250710 的数据...
  获取到 2210 条数据
正在获取泰晶科技 从20150105 到 20250710 的数据...
  获取到 2131 条数据
正在获取蔚蓝生物 从20150105 到 20250710 的数据...
  获取到 1571 条数据
正在获取日辰股份 从20150105 到 20250710 的数据...
  获取到 1421 条数据
正在获取大元泵业 从20150105 到 20250710 的数据...
  获取到 1943 条数据
正在获取秦安股份 从20150105 到 20250710 的数据...
HTTPConnectionPool(host='api.waditu.com', port=80): Max retries exceeded with url: /dataapi/adj_factor (Caused by NameResolutionError("<urllib3.connection.HTTPConnection object at 0x7f33b4b91de0>: Failed to resolve 'api.waditu.com' ([Errno -2] Name or service not known)"))
  获取到 1966 条数据
正在获取海天股份 从20150105 到 20250710 的数据...
  获取到 1040 条数据
正在获取隆鑫通用 从20150105 到 20250710 的数据...
  获取到 2540 条数据
正在获取中马传动 从20150105 到 20250710 的数据...
  获取到 1963 条数据
正在获取常青股份 从20150105 到 20250710 的数据...
  获取到 2015 条数据
正在获取沃格光电 从20150105 到 20250710 的数据...
  获取到 1756 条数据
正在获取永安行 从20150105 到 20250710 的数据...
  获取到 1901 条数据
正在获取来伊份 从20150105 到 20250710 的数据...
  获取到 2126 条数据
正在获取国晟科技 从20150105 到 20250710 的数据...
  获取到 2279 条数据
正在获取威龙股份 从20150105 到 20250710 的数据...
  获取到 2216 条数据
正在获取科博达 从20150105 到 20250710 的数据...
  获取到 1393 条数据
正在获取新日股份 从20150105 到 20250710 的数据...
  获取到 1993 条数据
正在获取宁波高发 从20150105 到 20250710 的数据...
  获取到 2531 条数据
正在获取*ST星农 从20150105 到 20250710 的数据...
  获取到 2462 条数据
正在获取雅运股份 从20150105 到 20250710 的数据...
  获取到 1642 条数据
正在获取联泰环保 从20150105 到 20250710 的数据...
  获取到 2003 条数据
正在获取康普顿 从20150105 到 20250710 的数据...
  获取到 2250 条数据
正在获取华友钴业 从20150105 到 20250710 的数据...
  获取到 2504 条数据
正在获取洪田股份 从20150105 到 20250710 的数据...
  获取到 2322 条数据
正在获取志邦家居 从20150105 到 20250710 的数据...
  获取到 1950 条数据
正在获取瑞斯康达 从20150105 到 20250710 的数据...
  获取到 1995 条数据
正在获取福斯特 从20150105 到 20250710 的数据...
  获取到 2537 条数据
正在获取歌力思 从20150105 到 20250710 的数据...
  获取到 2402 条数据
正在获取豪能股份 从20150105 到 20250710 的数据...
  获取到 1848 条数据
正在获取丰山集团 从20150105 到 20250710 的数据...
  获取到 1648 条数据
正在获取诚意药业 从20150105 到 20250710 的数据...
  获取到 2022 条数据
正在获取*ST原尚 从20150105 到 20250710 的数据...
  获取到 1893 条数据
正在获取交建股份 从20150105 到 20250710 的数据...
  获取到 1379 条数据
正在获取顾家家居 从20150105 到 20250710 的数据...
  获取到 2120 条数据
正在获取海峡环保 从20150105 到 20250710 的数据...
  获取到 2039 条数据
正在获取曲美家居 从20150105 到 20250710 的数据...
  获取到 2449 条数据
正在获取神力股份 从20150105 到 20250710 的数据...
  获取到 2087 条数据
正在获取嘉澳环保 从20150105 到 20250710 的数据...
  获取到 2147 条数据
正在获取百合花 从20150105 到 20250710 的数据...
  获取到 2077 条数据
正在获取华扬联众 从20150105 到 20250710 的数据...
  获取到 1841 条数据
正在获取坤彩科技 从20150105 到 20250710 的数据...
  获取到 2002 条数据
正在获取ST柯利达 从20150105 到 20250710 的数据...
  获取到 2429 条数据
正在获取洛凯股份 从20150105 到 20250710 的数据...
  获取到 1878 条数据
正在获取欧派家居 从20150105 到 20250710 的数据...
  获取到 2007 条数据
正在获取海程邦达 从20150105 到 20250710 的数据...
  获取到 1001 条数据
正在获取*ST四通 从20150105 到 20250710 的数据...
  获取到 2132 条数据
正在获取安正时尚 从20150105 到 20250710 的数据...
  获取到 2042 条数据
正在获取*ST正平 从20150105 到 20250710 的数据...
  获取到 2055 条数据
正在获取好太太 从20150105 到 20250710 的数据...
  获取到 1845 条数据
正在获取华荣股份 从20150105 到 20250710 的数据...
  获取到 1975 条数据
正在获取东宏股份 从20150105 到 20250710 的数据...
  获取到 1864 条数据
正在获取步长制药 从20150105 到 20250710 的数据...
  获取到 2099 条数据
正在获取能科科技 从20150105 到 20250710 的数据...
  获取到 2114 条数据
正在获取中公高科 从20150105 到 20250710 的数据...
  获取到 1927 条数据
正在获取白云电器 从20150105 到 20250710 的数据...
  获取到 2179 条数据
正在获取松炀资源 从20150105 到 20250710 的数据...
HTTPConnectionPool(host='api.waditu.com', port=80): Max retries exceeded with url: /dataapi/adj_factor (Caused by NameResolutionError("<urllib3.connection.HTTPConnection object at 0x7f33b4b88430>: Failed to resolve 'api.waditu.com' ([Errno -2] Name or service not known)"))
  获取到 1462 条数据
正在获取桃李面包 从20150105 到 20250710 的数据...
  获取到 2320 条数据
正在获取新化股份 从20150105 到 20250710 的数据...
  获取到 1465 条数据
正在获取飞科电器 从20150105 到 20250710 的数据...
  获取到 2243 条数据
正在获取ST智知 从20150105 到 20250710 的数据...
  获取到 2406 条数据
正在获取嘉友国际 从20150105 到 20250710 的数据...
  获取到 1799 条数据
正在获取鼎胜新材 从20150105 到 20250710 的数据...
  获取到 1755 条数据
正在获取太平鸟 从20150105 到 20250710 的数据...
  获取到 2061 条数据
正在获取武进不锈 从20150105 到 20250710 的数据...
  获取到 2078 条数据
正在获取永悦科技 从20150105 到 20250710 的数据...
  获取到 1960 条数据
正在获取南卫股份 从20150105 到 20250710 的数据...
  获取到 1828 条数据
正在获取数据港 从20150105 到 20250710 的数据...
  获取到 2045 条数据
正在获取金域医学 从20150105 到 20250710 的数据...
  获取到 1900 条数据
正在获取老百姓 从20150105 到 20250710 的数据...
  获取到 2391 条数据
正在获取吉祥航空 从20150105 到 20250710 的数据...
  获取到 2449 条数据
正在获取元祖股份 从20150105 到 20250710 的数据...
  获取到 2071 条数据
正在获取城地香江 从20150105 到 20250710 的数据...
  获取到 2046 条数据
正在获取新华网 从20150105 到 20250710 的数据...
  获取到 2112 条数据
正在获取新澳股份 从20150105 到 20250710 的数据...
  获取到 2440 条数据
正在获取春秋电子 从20150105 到 20250710 的数据...
  获取到 1838 条数据
正在获取瑞芯微 从20150105 到 20250710 的数据...
  获取到 1317 条数据
正在获取天永智能 从20150105 到 20250710 的数据...
  获取到 1810 条数据
正在获取寿仙谷 从20150105 到 20250710 的数据...
  获取到 1985 条数据
正在获取长城科技 从20150105 到 20250710 的数据...
  获取到 1761 条数据
正在获取好莱客 从20150105 到 20250710 的数据...
  获取到 2448 条数据
正在获取晨光股份 从20150105 到 20250710 的数据...
  获取到 2540 条数据
正在获取莱绅通灵 从20150105 到 20250710 的数据...
  获取到 2094 条数据
正在获取永创智能 从20150105 到 20250710 的数据...
  获取到 2440 条数据
正在获取中持股份 从20150105 到 20250710 的数据...
  获取到 2021 条数据
正在获取龙蟠科技 从20150105 到 20250710 的数据...
  获取到 2006 条数据
正在获取牧高笛 从20150105 到 20250710 的数据...
  获取到 2028 条数据
正在获取建发合诚 从20150105 到 20250710 的数据...
  获取到 2148 条数据
正在获取佳力图 从20150105 到 20250710 的数据...
  获取到 1867 条数据
正在获取国茂股份 从20150105 到 20250710 的数据...
  获取到 1474 条数据
正在获取苏博特 从20150105 到 20250710 的数据...
  获取到 1860 条数据
正在获取合力科技 从20150105 到 20250710 的数据...
  获取到 1844 条数据
正在获取金桥信息 从20150105 到 20250710 的数据...
  获取到 2364 条数据
正在获取金徽酒 从20150105 到 20250710 的数据...
  获取到 2244 条数据
正在获取世运电路 从20150105 到 20250710 的数据...
  获取到 1991 条数据
正在获取金鸿顺 从20150105 到 20250710 的数据...
  获取到 1851 条数据
正在获取铁流股份 从20150105 到 20250710 的数据...
  获取到 1985 条数据
正在获取中科软 从20150105 到 20250710 的数据...
  获取到 1413 条数据
正在获取兴业股份 从20150105 到 20250710 的数据...
  获取到 2083 条数据
正在获取亚翔集成 从20150105 到 20250710 的数据...
  获取到 2069 条数据
正在获取格林达 从20150105 到 20250710 的数据...
  获取到 1185 条数据
正在获取睿能科技 从20150105 到 20250710 的数据...
  获取到 1946 条数据
正在获取博敏电子 从20150105 到 20250710 的数据...
  获取到 2231 条数据
正在获取丽岛新材 从20150105 到 20250710 的数据...
  获取到 1866 条数据
正在获取三孚股份 从20150105 到 20250710 的数据...
  获取到 1952 条数据
正在获取益丰药房 从20150105 到 20250710 的数据...
  获取到 2409 条数据
正在获取建业股份 从20150105 到 20250710 的数据...
  获取到 1301 条数据
正在获取雪龙集团 从20150105 到 20250710 的数据...
  获取到 1295 条数据
正在获取长源东谷 从20150105 到 20250710 的数据...
  获取到 1244 条数据
正在获取大千生态 从20150105 到 20250710 的数据...
  获取到 1979 条数据
正在获取威派格 从20150105 到 20250710 的数据...
  获取到 1549 条数据
正在获取哈森股份 从20150105 到 20250710 的数据...
  获取到 2169 条数据
正在获取ST百利 从20150105 到 20250710 的数据...
  获取到 2216 条数据
正在获取克来机电 从20150105 到 20250710 的数据...
  获取到 1966 条数据
正在获取法兰泰克 从20150105 到 20250710 的数据...
  获取到 2052 条数据
正在获取中创物流 从20150105 到 20250710 的数据...
  获取到 1504 条数据
正在获取醋化股份 从20150105 到 20250710 的数据...
  获取到 2468 条数据
正在获取银龙股份 从20150105 到 20250710 的数据...
  获取到 2522 条数据
正在获取中农立华 从20150105 到 20250710 的数据...
  获取到 1856 条数据
正在获取正川股份 从20150105 到 20250710 的数据...
  获取到 1913 条数据
正在获取国泰集团 从20150105 到 20250710 的数据...
  获取到 2015 条数据
正在获取深圳新星 从20150105 到 20250710 的数据...
  获取到 1921 条数据
正在获取金诚信 从20150105 到 20250710 的数据...
  获取到 2438 条数据
正在获取吉华集团 从20150105 到 20250710 的数据...
  获取到 1960 条数据
正在获取泉峰汽车 从20150105 到 20250710 的数据...
  获取到 1490 条数据
正在获取丸美生物 从20150105 到 20250710 的数据...
  获取到 1445 条数据
正在获取恒润股份 从20150105 到 20250710 的数据...
  获取到 1983 条数据
正在获取兆易创新 从20150105 到 20250710 的数据...
  获取到 1952 条数据
正在获取康德莱 从20150105 到 20250710 的数据...
  获取到 2098 条数据
正在获取中电电机 从20150105 到 20250710 的数据...
  获取到 2530 条数据
正在获取艾华集团 从20150105 到 20250710 的数据...
  获取到 2466 条数据
正在获取麦迪科技 从20150105 到 20250710 的数据...
  获取到 2080 条数据
正在获取至正股份 从20150105 到 20250710 的数据...
  获取到 2018 条数据
正在获取松霖科技 从20150105 到 20250710 的数据...
  获取到 1423 条数据
正在获取洛阳钼业 从20150105 到 20250710 的数据...
  获取到 2537 条数据
正在获取甬金股份 从20150105 到 20250710 的数据...
  获取到 1343 条数据
正在获取继峰股份 从20150105 到 20250710 的数据...
  获取到 2425 条数据
正在获取方盛制药 从20150105 到 20250710 的数据...
  获取到 2480 条数据
正在获取读者传媒 从20150105 到 20250710 的数据...
  获取到 2325 条数据
正在获取威奥股份 从20150105 到 20250710 的数据...
  获取到 1246 条数据
正在获取众望布艺 从20150105 到 20250710 的数据...
  获取到 1171 条数据
正在获取合兴股份 从20150105 到 20250710 的数据...
  获取到 1083 条数据
正在获取山东玻纤 从20150105 到 20250710 的数据...
  获取到 1174 条数据
正在获取五洲特纸 从20150105 到 20250710 的数据...
  获取到 1132 条数据
正在获取长鸿高科 从20150105 到 20250710 的数据...
  获取到 1180 条数据
正在获取豪悦护理 从20150105 到 20250710 的数据...
  获取到 1168 条数据
正在获取杭州热电 从20150105 到 20250710 的数据...
  获取到 977 条数据
正在获取百龙创园 从20150105 到 20250710 的数据...
  获取到 1023 条数据
正在获取长华集团 从20150105 到 20250710 的数据...
  获取到 1156 条数据
正在获取永和股份 从20150105 到 20250710 的数据...
  获取到 970 条数据
正在获取世茂能源 从20150105 到 20250710 的数据...
  获取到 965 条数据
正在获取美邦股份 从20150105 到 20250710 的数据...
  获取到 921 条数据
正在获取福然德 从20150105 到 20250710 的数据...
  获取到 1159 条数据
正在获取迎丰股份 从20150105 到 20250710 的数据...
  获取到 1075 条数据
正在获取咸亨国际 从20150105 到 20250710 的数据...
  获取到 963 条数据
正在获取澳弘电子 从20150105 到 20250710 的数据...
  获取到 1146 条数据
正在获取联德股份 从20150105 到 20250710 的数据...
  获取到 1059 条数据
正在获取天正电气 从20150105 到 20250710 的数据...
  获取到 1193 条数据
正在获取明新旭腾 从20150105 到 20250710 的数据...
  获取到 1123 条数据
正在获取正和生态 从20150105 到 20250710 的数据...
  获取到 944 条数据
正在获取华康股份 从20150105 到 20250710 的数据...
  获取到 1063 条数据
正在获取浙江自然 从20150105 到 20250710 的数据...
  获取到 1015 条数据
正在获取*ST太和 从20150105 到 20250710 的数据...
  获取到 1062 条数据
正在获取龙高股份 从20150105 到 20250710 的数据...
  获取到 1026 条数据
正在获取冠盛股份 从20150105 到 20250710 的数据...
  获取到 1187 条数据
正在获取味知香 从20150105 到 20250710 的数据...
  获取到 1019 条数据
正在获取九丰能源 从20150105 到 20250710 的数据...
  获取到 991 条数据
正在获取行动教育 从20150105 到 20250710 的数据...
  获取到 1023 条数据
正在获取共创草坪 从20150105 到 20250710 的数据...
  获取到 1155 条数据
正在获取华丰股份 从20150105 到 20250710 的数据...
  获取到 1191 条数据
正在获取同庆楼 从20150105 到 20250710 的数据...
  获取到 1209 条数据
正在获取新洁能 从20150105 到 20250710 的数据...
  获取到 1157 条数据
正在获取奥锐特 从20150105 到 20250710 的数据...
  获取到 1162 条数据
正在获取德业股份 从20150105 到 20250710 的数据...
  获取到 1024 条数据
正在获取力鼎光电 从20150105 到 20250710 的数据...
  获取到 1199 条数据
正在获取四方新材 从20150105 到 20250710 的数据...
  获取到 1052 条数据
正在获取派克新材 从20150105 到 20250710 的数据...
  获取到 1181 条数据
正在获取上海沿浦 从20150105 到 20250710 的数据...
  获取到 1166 条数据
正在获取嵘泰股份 从20150105 到 20250710 的数据...
  获取到 1062 条数据
正在获取丽人丽妆 从20150105 到 20250710 的数据...
  获取到 1156 条数据
正在获取盛泰集团 从20150105 到 20250710 的数据...
  获取到 899 条数据
正在获取西上海 从20150105 到 20250710 的数据...
  获取到 1107 条数据
正在获取西大门 从20150105 到 20250710 的数据...
  获取到 1095 条数据
正在获取华达新材 从20150105 到 20250710 的数据...
HTTPConnectionPool(host='api.waditu.com', port=80): Max retries exceeded with url: /dataapi/daily (Caused by NameResolutionError("<urllib3.connection.HTTPConnection object at 0x7f33b4b89d50>: Failed to resolve 'api.waditu.com' ([Errno -2] Name or service not known)"))
  获取到 1195 条数据
正在获取新中港 从20150105 到 20250710 的数据...
HTTPConnectionPool(host='api.waditu.com', port=80): Max retries exceeded with url: /dataapi/adj_factor (Caused by NameResolutionError("<urllib3.connection.HTTPConnection object at 0x7f33b4b89f30>: Failed to resolve 'api.waditu.com' ([Errno -2] Name or service not known)"))
  获取到 972 条数据
正在获取聚合顺 从20150105 到 20250710 的数据...
  获取到 1227 条数据
正在获取利柏特 从20150105 到 20250710 的数据...
  获取到 959 条数据
正在获取三人行 从20150105 到 20250710 的数据...
  获取到 1242 条数据
正在获取洪通燃气 从20150105 到 20250710 的数据...
  获取到 1129 条数据
正在获取东亚药业 从20150105 到 20250710 的数据...
  获取到 1121 条数据
正在获取时空科技 从20150105 到 20250710 的数据...
  获取到 1183 条数据
正在获取一鸣食品 从20150105 到 20250710 的数据...
  获取到 1098 条数据
正在获取华生科技 从20150105 到 20250710 的数据...
  获取到 1016 条数据
正在获取确成股份 从20150105 到 20250710 的数据...
  获取到 1113 条数据
正在获取健麾信息 从20150105 到 20250710 的数据...
  获取到 1102 条数据
正在获取国光连锁 从20150105 到 20250710 的数据...
  获取到 1201 条数据
正在获取富春染织 从20150105 到 20250710 的数据...
  获取到 999 条数据
正在获取华通线缆 从20150105 到 20250710 的数据...
  获取到 1012 条数据
正在获取安德利 从20150105 到 20250710 的数据...
  获取到 1163 条数据
正在获取ST葫芦娃 从20150105 到 20250710 的数据...
  获取到 1212 条数据
正在获取永茂泰 从20150105 到 20250710 的数据...
  获取到 1054 条数据
正在获取伟时电子 从20150105 到 20250710 的数据...
  获取到 1157 条数据
正在获取起帆电缆 从20150105 到 20250710 的数据...
  获取到 1198 条数据
正在获取神通科技 从20150105 到 20250710 的数据...
  获取到 1082 条数据
正在获取天普股份 从20150105 到 20250710 的数据...
  获取到 1181 条数据
正在获取协和电子 从20150105 到 20250710 的数据...
  获取到 1115 条数据
正在获取绿田机械 从20150105 到 20250710 的数据...
  获取到 988 条数据
正在获取健之佳 从20150105 到 20250710 的数据...
  获取到 1117 条数据
正在获取王力安防 从20150105 到 20250710 的数据...
  获取到 1062 条数据
正在获取新亚电子 从20150105 到 20250710 的数据...
  获取到 1092 条数据
正在获取同力日升 从20150105 到 20250710 的数据...
  获取到 1034 条数据
正在获取德才股份 从20150105 到 20250710 的数据...
  获取到 973 条数据
正在获取凯迪股份 从20150105 到 20250710 的数据...
  获取到 1240 条数据
正在获取罗曼股份 从20150105 到 20250710 的数据...
  获取到 1020 条数据
正在获取神农集团 从20150105 到 20250710 的数据...
  获取到 999 条数据
正在获取必得科技 从20150105 到 20250710 的数据...
HTTPConnectionPool(host='api.waditu.com', port=80): Max retries exceeded with url: /dataapi/daily (Caused by NameResolutionError("<urllib3.connection.HTTPConnection object at 0x7f33b4b88220>: Failed to resolve 'api.waditu.com' ([Errno -2] Name or service not known)"))
  获取到 1059 条数据
正在获取舒华体育 从20150105 到 20250710 的数据...
  获取到 1107 条数据
正在获取佳禾食品 从20150105 到 20250710 的数据...
  获取到 1016 条数据
正在获取园林股份 从20150105 到 20250710 的数据...
  获取到 1059 条数据
正在获取中际联合 从20150105 到 20250710 的数据...
  获取到 1015 条数据
正在获取法狮龙 从20150105 到 20250710 的数据...
  获取到 1197 条数据
正在获取无锡振华 从20150105 到 20250710 的数据...
  获取到 986 条数据
正在获取沪光股份 从20150105 到 20250710 的数据...
  获取到 1186 条数据
正在获取帅丰电器 从20150105 到 20250710 的数据...
  获取到 1148 条数据
正在获取李子园 从20150105 到 20250710 的数据...
  获取到 1069 条数据
正在获取巴比食品 从20150105 到 20250710 的数据...
  获取到 1153 条数据
正在获取南侨食品 从20150105 到 20250710 的数据...
  获取到 1007 条数据
正在获取立昂微 从20150105 到 20250710 的数据...
  获取到 1168 条数据
正在获取立达信 从20150105 到 20250710 的数据...
  获取到 963 条数据
正在获取宏柏新材 从20150105 到 20250710 的数据...
  获取到 1190 条数据
正在获取蓝天燃气 从20150105 到 20250710 的数据...
  获取到 1074 条数据
正在获取拱东医疗 从20150105 到 20250710 的数据...
  获取到 1165 条数据
正在获取博迁新材 从20150105 到 20250710 的数据...
  获取到 1112 条数据
正在获取华旺科技 从20150105 到 20250710 的数据...
  获取到 1098 条数据
正在获取野马电池 从20150105 到 20250710 的数据...
HTTPConnectionPool(host='api.waditu.com', port=80): Max retries exceeded with url: /dataapi/adj_factor (Caused by NameResolutionError("<urllib3.connection.HTTPConnection object at 0x7f33b4b89db0>: Failed to resolve 'api.waditu.com' ([Errno -2] Name or service not known)"))
  获取到 1030 条数据
正在获取均瑶健康 从20150105 到 20250710 的数据...
  获取到 1186 条数据
正在获取长龄液压 从20150105 到 20250710 的数据...
  获取到 1027 条数据
正在获取新炬网络 从20150105 到 20250710 的数据...
  获取到 1081 条数据
正在获取晨光新材 从20150105 到 20250710 的数据...
  获取到 1196 条数据
正在获取福莱新材 从20150105 到 20250710 的数据...
  获取到 1010 条数据
正在获取东鹏饮料 从20150105 到 20250710 的数据...
  获取到 1000 条数据
正在获取森林包装 从20150105 到 20250710 的数据...
  获取到 1102 条数据
正在获取国邦医药 从20150105 到 20250710 的数据...
  获取到 954 条数据
正在获取德昌股份 从20150105 到 20250710 的数据...
  获取到 903 条数据
正在获取福莱蒽特 从20150105 到 20250710 的数据...
  获取到 901 条数据
正在获取春雪食品 从20150105 到 20250710 的数据...
  获取到 909 条数据
正在获取龙版传媒 从20150105 到 20250710 的数据...
  获取到 938 条数据
正在获取恒盛能源 从20150105 到 20250710 的数据...
  获取到 941 条数据
正在获取冠石科技 从20150105 到 20250710 的数据...
  获取到 946 条数据
正在获取圣泉集团 从20150105 到 20250710 的数据...
  获取到 948 条数据
正在获取上海港湾 从20150105 到 20250710 的数据...
  获取到 920 条数据
正在获取菜百股份 从20150105 到 20250710 的数据...
  获取到 926 条数据
正在获取华兴源创 从20150105 到 20250710 的数据...
HTTPConnectionPool(host='api.waditu.com', port=80): Max retries exceeded with url: /dataapi/daily (Caused by NameResolutionError("<urllib3.connection.HTTPConnection object at 0x7f33b4b89d50>: Failed to resolve 'api.waditu.com' ([Errno -2] Name or service not known)"))
  获取到 1448 条数据
正在获取睿创微纳 从20150105 到 20250710 的数据...
  获取到 1448 条数据
正在获取天准科技 从20150105 到 20250710 的数据...
  获取到 1448 条数据
正在获取博汇科技 从20150105 到 20250710 的数据...
  获取到 1231 条数据
正在获取容百科技 从20150105 到 20250710 的数据...
  获取到 1447 条数据
正在获取杭可科技 从20150105 到 20250710 的数据...
  获取到 1448 条数据
正在获取光峰科技 从20150105 到 20250710 的数据...
HTTPConnectionPool(host='api.waditu.com', port=80): Max retries exceeded with url: /dataapi/daily (Caused by NameResolutionError("<urllib3.connection.HTTPConnection object at 0x7f33b4b8aad0>: Failed to resolve 'api.waditu.com' ([Errno -2] Name or service not known)"))
  获取到 1448 条数据
正在获取澜起科技 从20150105 到 20250710 的数据...
  获取到 1448 条数据
正在获取中国通号 从20150105 到 20250710 的数据...
  获取到 1448 条数据
正在获取福光股份 从20150105 到 20250710 的数据...
  获取到 1448 条数据
正在获取新光光电 从20150105 到 20250710 的数据...
  获取到 1448 条数据
正在获取中微公司 从20150105 到 20250710 的数据...
  获取到 1448 条数据
正在获取天臣医疗 从20150105 到 20250710 的数据...
  获取到 1157 条数据
正在获取交控科技 从20150105 到 20250710 的数据...
  获取到 1448 条数据
正在获取心脉医疗 从20150105 到 20250710 的数据...
  获取到 1448 条数据
正在获取绿的谐波 从20150105 到 20250710 的数据...
  获取到 1178 条数据
正在获取乐鑫科技 从20150105 到 20250710 的数据...
  获取到 1448 条数据
正在获取安集科技 从20150105 到 20250710 的数据...
  获取到 1448 条数据
正在获取方邦股份 从20150105 到 20250710 的数据...
  获取到 1448 条数据
正在获取奥福科技 从20150105 到 20250710 的数据...
HTTPConnectionPool(host='api.waditu.com', port=80): Max retries exceeded with url: /dataapi/daily (Caused by NameResolutionError("<urllib3.connection.HTTPConnection object at 0x7f33b4b899c0>: Failed to resolve 'api.waditu.com' ([Errno -2] Name or service not known)"))
  获取到 1377 条数据
正在获取瀚川智能 从20150105 到 20250710 的数据...
  获取到 1448 条数据
正在获取安恒信息 从20150105 到 20250710 的数据...
  获取到 1378 条数据
正在获取杰普特 从20150105 到 20250710 的数据...
  获取到 1381 条数据
正在获取洁特生物 从20150105 到 20250710 的数据...
  获取到 1323 条数据
正在获取国盾量子 从20150105 到 20250710 的数据...
HTTPConnectionPool(host='api.waditu.com', port=80): Max retries exceeded with url: /dataapi/daily (Caused by NameResolutionError("<urllib3.connection.HTTPConnection object at 0x7f33b4b8aa70>: Failed to resolve 'api.waditu.com' ([Errno -2] Name or service not known)"))
  获取到 1210 条数据
正在获取沃尔德 从20150105 到 20250710 的数据...
  获取到 1439 条数据
正在获取南微医学 从20150105 到 20250710 的数据...
  获取到 1446 条数据
正在获取山石网科 从20150105 到 20250710 的数据...
  获取到 1399 条数据
正在获取星环科技-U 从20150105 到 20250710 的数据...
  获取到 663 条数据
正在获取禾迈股份 从20150105 到 20250710 的数据...
  获取到 861 条数据
正在获取天宜新材 从20150105 到 20250710 的数据...
  获取到 1448 条数据
正在获取德邦科技 从20150105 到 20250710 的数据...
  获取到 679 条数据
正在获取传音控股 从20150105 到 20250710 的数据...
HTTPConnectionPool(host='api.waditu.com', port=80): Max retries exceeded with url: /dataapi/adj_factor (Caused by NameResolutionError("<urllib3.connection.HTTPConnection object at 0x7f33b4b8b250>: Failed to resolve 'api.waditu.com' ([Errno -2] Name or service not known)"))
  获取到 1399 条数据
正在获取芯源微 从20150105 到 20250710 的数据...
  获取到 1346 条数据
正在获取中科通达 从20150105 到 20250710 的数据...
  获取到 958 条数据
正在获取当虹科技 从20150105 到 20250710 的数据...
  获取到 1352 条数据
正在获取海光信息 从20150105 到 20250710 的数据...
  获取到 694 条数据
正在获取必易微 从20150105 到 20250710 的数据...
  获取到 759 条数据
正在获取药康生物 从20150105 到 20250710 的数据...
  获取到 779 条数据
正在获取龙芯中科 从20150105 到 20250710 的数据...
HTTPConnectionPool(host='api.waditu.com', port=80): Max retries exceeded with url: /dataapi/daily (Caused by NameResolutionError("<urllib3.connection.HTTPConnection object at 0x7f33b4b8ada0>: Failed to resolve 'api.waditu.com' ([Errno -2] Name or service not known)"))
  获取到 739 条数据
正在获取长光华芯 从20150105 到 20250710 的数据...
  获取到 793 条数据
正在获取炬芯科技 从20150105 到 20250710 的数据...
  获取到 876 条数据
正在获取爱博医疗 从20150105 到 20250710 的数据...
  获取到 1200 条数据
正在获取佳华科技 从20150105 到 20250710 的数据...
  获取到 1287 条数据
正在获取纳芯微 从20150105 到 20250710 的数据...
  获取到 780 条数据
正在获取思科瑞 从20150105 到 20250710 的数据...
  获取到 729 条数据
正在获取龙腾光电 从20150105 到 20250710 的数据...
  获取到 1187 条数据
正在获取莱伯泰科 从20150105 到 20250710 的数据...
  获取到 1175 条数据
正在获取金达莱 从20150105 到 20250710 的数据...
HTTPConnectionPool(host='api.waditu.com', port=80): Max retries exceeded with url: /dataapi/adj_factor (Caused by NameResolutionError("<urllib3.connection.HTTPConnection object at 0x7f33b4b8ba90>: Failed to resolve 'api.waditu.com' ([Errno -2] Name or service not known)"))
  获取到 1131 条数据
正在获取宝兰德 从20150105 到 20250710 的数据...
  获取到 1380 条数据
正在获取华锐精密 从20150105 到 20250710 的数据...
  获取到 1069 条数据
正在获取云涌科技 从20150105 到 20250710 的数据...
  获取到 1213 条数据
正在获取灿瑞科技 从20150105 到 20250710 的数据...
  获取到 663 条数据
正在获取迈威生物-U 从20150105 到 20250710 的数据...
  获取到 841 条数据
正在获取派能科技 从20150105 到 20250710 的数据...
  获取到 1096 条数据
正在获取凯赛生物 从20150105 到 20250710 的数据...
  获取到 1186 条数据
正在获取航天宏图 从20150105 到 20250710 的数据...
  获取到 1448 条数据
正在获取爱威科技 从20150105 到 20250710 的数据...
  获取到 987 条数据
正在获取热景生物 从20150105 到 20250710 的数据...
  获取到 1398 条数据
正在获取德林海 从20150105 到 20250710 的数据...
  获取到 1205 条数据
正在获取纵横股份 从20150105 到 20250710 的数据...
  获取到 1067 条数据
正在获取华依科技 从20150105 到 20250710 的数据...
  获取到 956 条数据
正在获取拓荆科技 从20150105 到 20250710 的数据...
  获取到 782 条数据
正在获取毕得医药 从20150105 到 20250710 的数据...
  获取到 658 条数据
正在获取安旭生物 从20150105 到 20250710 的数据...
  获取到 883 条数据
正在获取诺泰生物 从20150105 到 20250710 的数据...
  获取到 1005 条数据
正在获取大地熊 从20150105 到 20250710 的数据...
  获取到 1205 条数据
正在获取龙软科技 从20150105 到 20250710 的数据...
  获取到 1339 条数据
正在获取美迪凯 从20150105 到 20250710 的数据...
  获取到 1058 条数据
正在获取映翰通 从20150105 到 20250710 的数据...
  获取到 1314 条数据
正在获取兴图新科 从20150105 到 20250710 的数据...
  获取到 1335 条数据
正在获取盛美上海 从20150105 到 20250710 的数据...
  获取到 883 条数据
正在获取中望软件 从20150105 到 20250710 的数据...
  获取到 1051 条数据
正在获取晶品特装 从20150105 到 20250710 的数据...
  获取到 626 条数据
正在获取三友医疗 从20150105 到 20250710 的数据...
  获取到 1270 条数据
正在获取英科再生 从20150105 到 20250710 的数据...
  获取到 970 条数据
正在获取虹软科技 从20150105 到 20250710 的数据...
  获取到 1448 条数据
正在获取嘉必优 从20150105 到 20250710 的数据...
  获取到 1336 条数据
正在获取瑞松科技 从20150105 到 20250710 的数据...
  获取到 1311 条数据
正在获取上海谊众 从20150105 到 20250710 的数据...
  获取到 926 条数据
正在获取爱科科技 从20150105 到 20250710 的数据...
  获取到 1045 条数据
正在获取世华科技 从20150105 到 20250710 的数据...
  获取到 1155 条数据
正在获取福昕软件 从20150105 到 20250710 的数据...
  获取到 1171 条数据
正在获取京源环保 从20150105 到 20250710 的数据...
  获取到 1274 条数据
正在获取博众精工 从20150105 到 20250710 的数据...
  获取到 1011 条数据
正在获取申联生物 从20150105 到 20250710 的数据...
  获取到 1384 条数据
正在获取晶晨股份 从20150105 到 20250710 的数据...
  获取到 1435 条数据
正在获取威胜信息 从20150105 到 20250710 的数据...
  获取到 1324 条数据
正在获取三达膜 从20150105 到 20250710 的数据...
  获取到 1370 条数据
正在获取斯瑞新材 从20150105 到 20250710 的数据...
  获取到 805 条数据
正在获取国力股份 从20150105 到 20250710 的数据...
  获取到 925 条数据
正在获取诺唯赞 从20150105 到 20250710 的数据...
  获取到 886 条数据
正在获取金宏气体 从20150105 到 20250710 的数据...
  获取到 1229 条数据
正在获取安路科技 从20150105 到 20250710 的数据...
  获取到 887 条数据
正在获取赛诺医疗 从20150105 到 20250710 的数据...
  获取到 1382 条数据
正在获取品茗科技 从20150105 到 20250710 的数据...
  获取到 1038 条数据
正在获取东芯股份 从20150105 到 20250710 的数据...
  获取到 867 条数据
正在获取金山办公 从20150105 到 20250710 的数据...
HTTPConnectionPool(host='api.waditu.com', port=80): Max retries exceeded with url: /dataapi/daily (Caused by NameResolutionError("<urllib3.connection.HTTPConnection object at 0x7f33b4b8a6e0>: Failed to resolve 'api.waditu.com' ([Errno -2] Name or service not known)"))
  获取到 1369 条数据
正在获取鼎阳科技 从20150105 到 20250710 的数据...
  获取到 874 条数据
正在获取联测科技 从20150105 到 20250710 的数据...
  获取到 1015 条数据
正在获取华大智造 从20150105 到 20250710 的数据...
  获取到 684 条数据
正在获取思林杰 从20150105 到 20250710 的数据...
  获取到 797 条数据
正在获取天奈科技 从20150105 到 20250710 的数据...
  获取到 1402 条数据
正在获取圣诺生物 从20150105 到 20250710 的数据...
  获取到 995 条数据
正在获取普元信息 从20150105 到 20250710 的数据...
  获取到 1357 条数据
正在获取中钢洛耐 从20150105 到 20250710 的数据...
  获取到 753 条数据
正在获取华海清科 从20150105 到 20250710 的数据...
  获取到 751 条数据
正在获取卓然股份 从20150105 到 20250710 的数据...
  获取到 929 条数据
正在获取西部超导 从20150105 到 20250710 的数据...
  获取到 1448 条数据
正在获取聚辰股份 从20150105 到 20250710 的数据...
  获取到 1344 条数据
正在获取安达智能 从20150105 到 20250710 的数据...
  获取到 785 条数据
正在获取沪硅产业 从20150105 到 20250710 的数据...
  获取到 1257 条数据
正在获取蓝特光学 从20150105 到 20250710 的数据...
  获取到 1162 条数据
正在获取中国电研 从20150105 到 20250710 的数据...
  获取到 1378 条数据
正在获取东来技术 从20150105 到 20250710 的数据...
  获取到 1144 条数据
正在获取晶华微 从20150105 到 20250710 的数据...
  获取到 714 条数据
正在获取皓元医药 从20150105 到 20250710 的数据...
  获取到 982 条数据
正在获取邦彦技术 从20150105 到 20250710 的数据...
  获取到 669 条数据
正在获取泰坦科技 从20150105 到 20250710 的数据...
  获取到 1139 条数据
正在获取利扬芯片 从20150105 到 20250710 的数据...
  获取到 1131 条数据
正在获取科兴制药 从20150105 到 20250710 的数据...
  获取到 1108 条数据
正在获取近岸蛋白 从20150105 到 20250710 的数据...
  获取到 671 条数据
正在获取清溢光电 从20150105 到 20250710 的数据...
  获取到 1367 条数据
正在获取海尔生物 从20150105 到 20250710 的数据...
  获取到 1375 条数据
正在获取杰华特 从20150105 到 20250710 的数据...
HTTPConnectionPool(host='api.waditu.com', port=80): Max retries exceeded with url: /dataapi/daily (Caused by NameResolutionError("<urllib3.connection.HTTPConnection object at 0x7f33b4b8b460>: Failed to resolve 'api.waditu.com' ([Errno -2] Name or service not known)"))
HTTPConnectionPool(host='api.waditu.com', port=80): Max retries exceeded with url: /dataapi/daily (Caused by NameResolutionError("<urllib3.connection.HTTPConnection object at 0x7f33b4bcc3d0>: Failed to resolve 'api.waditu.com' ([Errno -2] Name or service not known)"))
  获取到 615 条数据
正在获取长盈通 从20150105 到 20250710 的数据...
  获取到 615 条数据
正在获取中船特气 从20150105 到 20250710 的数据...
  获取到 537 条数据
正在获取微导纳米 从20150105 到 20250710 的数据...
  获取到 615 条数据
正在获取芳源股份 从20150105 到 20250710 的数据...
  获取到 950 条数据
正在获取莱特光电 从20150105 到 20250710 的数据...
  获取到 803 条数据
正在获取华强科技 从20150105 到 20250710 的数据...
  获取到 871 条数据
正在获取麒麟信安 从20150105 到 20250710 的数据...
  获取到 655 条数据
正在获取唯捷创芯 从20150105 到 20250710 的数据...
  获取到 788 条数据
正在获取先惠技术 从20150105 到 20250710 的数据...
  获取到 1191 条数据
正在获取路德环境 从20150105 到 20250710 的数据...
  获取到 1161 条数据
正在获取松井股份 从20150105 到 20250710 的数据...
  获取到 1224 条数据
正在获取优刻得-W 从20150105 到 20250710 的数据...
  获取到 1325 条数据
正在获取有方科技 从20150105 到 20250710 的数据...
  获取到 1322 条数据
正在获取步科股份 从20150105 到 20250710 的数据...
  获取到 1130 条数据
正在获取威高骨科 从20150105 到 20250710 的数据...
  获取到 977 条数据
正在获取巨一科技 从20150105 到 20250710 的数据...
  获取到 889 条数据
正在获取赛伦生物 从20150105 到 20250710 的数据...
  获取到 808 条数据
正在获取埃夫特-U 从20150105 到 20250710 的数据...
  获取到 1210 条数据
正在获取博瑞医药 从20150105 到 20250710 的数据...
  获取到 1375 条数据
正在获取炬光科技 从20150105 到 20250710 的数据...
  获取到 857 条数据
正在获取安博通 从20150105 到 20250710 的数据...
  获取到 1414 条数据
正在获取石头科技 从20150105 到 20250710 的数据...
  获取到 1307 条数据
正在获取德龙激光 从20150105 到 20250710 的数据...
  获取到 775 条数据
正在获取纬德信息 从20150105 到 20250710 的数据...
HTTPConnectionPool(host='api.waditu.com', port=80): Max retries exceeded with url: /dataapi/daily (Caused by NameResolutionError("<urllib3.connection.HTTPConnection object at 0x7f33b4bccaf0>: Failed to resolve 'api.waditu.com' ([Errno -2] Name or service not known)"))
  获取到 834 条数据
正在获取燕东微 从20150105 到 20250710 的数据...
  获取到 620 条数据
正在获取希荻微 从20150105 到 20250710 的数据...
  获取到 829 条数据
正在获取高凌信息 从20150105 到 20250710 的数据...
  获取到 798 条数据
正在获取亚虹医药-U 从20150105 到 20250710 的数据...
  获取到 848 条数据
正在获取百奥泰 从20150105 到 20250710 的数据...
  获取到 1307 条数据
正在获取万德斯 从20150105 到 20250710 的数据...
  获取到 1314 条数据
正在获取阿拉丁 从20150105 到 20250710 的数据...
  获取到 1143 条数据
正在获取君实生物-U 从20150105 到 20250710 的数据...
  获取到 1210 条数据
正在获取八亿时空 从20150105 到 20250710 的数据...
  获取到 1335 条数据
正在获取灿勤科技 从20150105 到 20250710 的数据...
  获取到 885 条数据
正在获取生益电子 从20150105 到 20250710 的数据...
  获取到 1061 条数据
正在获取ST帕瓦 从20150105 到 20250710 的数据...
HTTPConnectionPool(host='api.waditu.com', port=80): Max retries exceeded with url: /dataapi/adj_factor (Caused by NameResolutionError("<urllib3.connection.HTTPConnection object at 0x7f33b4bccf40>: Failed to resolve 'api.waditu.com' ([Errno -2] Name or service not known)"))
  获取到 678 条数据
正在获取康希诺 从20150105 到 20250710 的数据...
  获取到 1189 条数据
正在获取广大特材 从20150105 到 20250710 的数据...
  获取到 1315 条数据
正在获取时代电气 从20150105 到 20250710 的数据...
  获取到 928 条数据
正在获取柏楚电子 从20150105 到 20250710 的数据...
  获取到 1435 条数据
正在获取南新制药 从20150105 到 20250710 的数据...
  获取到 1273 条数据
正在获取云路股份 从20150105 到 20250710 的数据...
  获取到 877 条数据
正在获取智洋创新 从20150105 到 20250710 的数据...
  获取到 1032 条数据
正在获取迪哲医药-U 从20150105 到 20250710 的数据...
  获取到 867 条数据
正在获取仁度生物 从20150105 到 20250710 的数据...
  获取到 795 条数据
正在获取腾景科技 从20150105 到 20250710 的数据...
  获取到 1030 条数据
正在获取卓越新能 从20150105 到 20250710 的数据...
  获取到 1366 条数据
正在获取首药控股-U 从20150105 到 20250710 的数据...
  获取到 800 条数据
正在获取佰仁医疗 从20150105 到 20250710 的数据...
  获取到 1354 条数据
正在获取久日新材 从20150105 到 20250710 的数据...
  获取到 1378 条数据
正在获取华峰测控 从20150105 到 20250710 的数据...
  获取到 1310 条数据
正在获取信安世纪 从20150105 到 20250710 的数据...
  获取到 1020 条数据
正在获取美迪西 从20150105 到 20250710 的数据...
  获取到 1378 条数据
正在获取海正生材 从20150105 到 20250710 的数据...
  获取到 702 条数据
正在获取德科立 从20150105 到 20250710 的数据...
  获取到 707 条数据
正在获取概伦电子 从20150105 到 20250710 的数据...
  获取到 845 条数据
正在获取格灵深瞳 从20150105 到 20250710 的数据...
  获取到 804 条数据
正在获取道通科技 从20150105 到 20250710 的数据...
  获取到 1313 条数据
正在获取英集芯 从20150105 到 20250710 的数据...
  获取到 773 条数据
正在获取统联精密 从20150105 到 20250710 的数据...
  获取到 856 条数据
正在获取中科微至 从20150105 到 20250710 的数据...
  获取到 900 条数据
正在获取澳华内镜 从20150105 到 20250710 的数据...
  获取到 886 条数据
正在获取思特威-W 从20150105 到 20250710 的数据...
  获取到 763 条数据
正在获取瑞晟智能 从20150105 到 20250710 的数据...
  获取到 1178 条数据
正在获取气派科技 从20150105 到 20250710 的数据...
  获取到 982 条数据
正在获取睿昂基因 从20150105 到 20250710 的数据...
  获取到 1008 条数据
正在获取江苏北人 从20150105 到 20250710 的数据...
  获取到 1352 条数据
正在获取会通股份 从20150105 到 20250710 的数据...
  获取到 1126 条数据
正在获取翱捷科技-U 从20150105 到 20250710 的数据...
  获取到 843 条数据
正在获取前沿生物-U 从20150105 到 20250710 的数据...
  获取到 1141 条数据
正在获取成都先导 从20150105 到 20250710 的数据...
  获取到 1269 条数据
正在获取晶科能源 从20150105 到 20250710 的数据...
  获取到 835 条数据
正在获取亚信安全 从20150105 到 20250710 的数据...
  获取到 830 条数据
正在获取威腾电气 从20150105 到 20250710 的数据...
  获取到 972 条数据
正在获取品高股份 从20150105 到 20250710 的数据...
  获取到 853 条数据
正在获取开普云 从20150105 到 20250710 的数据...
  获取到 1282 条数据
正在获取博睿数据 从20150105 到 20250710 的数据...
  获取到 1187 条数据
正在获取芯导科技 从20150105 到 20250710 的数据...
  获取到 874 条数据
正在获取隆达股份 从20150105 到 20250710 的数据...
  获取到 719 条数据
正在获取新点软件 从20150105 到 20250710 的数据...
  获取到 884 条数据
正在获取神工股份 从20150105 到 20250710 的数据...
  获取到 1307 条数据
正在获取天岳先进 从20150105 到 20250710 的数据...
  获取到 845 条数据
正在获取百济神州-U 从20150105 到 20250710 的数据...
  获取到 864 条数据
正在获取春立医疗 从20150105 到 20250710 的数据...
  获取到 853 条数据
正在获取超卓航科 从20150105 到 20250710 的数据...
  获取到 734 条数据
正在获取和元生物 从20150105 到 20250710 的数据...
  获取到 801 条数据
正在获取航宇科技 从20150105 到 20250710 的数据...
  获取到 974 条数据
正在获取永信至诚 从20150105 到 20250710 的数据...
  获取到 662 条数据
正在获取嘉和美康 从20150105 到 20250710 的数据...
  获取到 865 条数据
正在获取宣泰医药 从20150105 到 20250710 的数据...
  获取到 695 条数据
正在获取南网科技 从20150105 到 20250710 的数据...
  获取到 859 条数据
正在获取晶合集成 从20150105 到 20250710 的数据...
  获取到 530 条数据
正在获取井松智能 从20150105 到 20250710 的数据...
  获取到 753 条数据
正在获取天德钰 从20150105 到 20250710 的数据...
  获取到 673 条数据
正在获取英诺特 从20150105 到 20250710 的数据...
  获取到 715 条数据
正在获取凯尔达 从20150105 到 20250710 的数据...
  获取到 901 条数据
正在获取寒武纪-U 从20150105 到 20250710 的数据...
  获取到 1207 条数据
正在获取新锐股份 从20150105 到 20250710 的数据...
  获取到 899 条数据
正在获取卓易信息 从20150105 到 20250710 的数据...
  获取到 1354 条数据
正在获取创耀科技 从20150105 到 20250710 的数据...
  获取到 845 条数据
正在获取昀冢科技 从20150105 到 20250710 的数据...
  获取到 1034 条数据
正在获取东微半导 从20150105 到 20250710 的数据...
  获取到 829 条数据
正在获取国芯科技 从20150105 到 20250710 的数据...
  获取到 849 条数据
正在获取南模生物 从20150105 到 20250710 的数据...
HTTPConnectionPool(host='api.waditu.com', port=80): Max retries exceeded with url: /dataapi/daily (Caused by NameResolutionError("<urllib3.connection.HTTPConnection object at 0x7f33b4bccaf0>: Failed to resolve 'api.waditu.com' ([Errno -2] Name or service not known)"))
  获取到 855 条数据
正在获取泽璟制药-U 从20150105 到 20250710 的数据...
  获取到 1322 条数据
正在获取中触媒 从20150105 到 20250710 的数据...
  获取到 825 条数据
正在获取华特气体 从20150105 到 20250710 的数据...
  获取到 1341 条数据
正在获取凯立新材 从20150105 到 20250710 的数据...
  获取到 991 条数据
正在获取臻镭科技 从20150105 到 20250710 的数据...
  获取到 834 条数据
正在获取联影医疗 从20150105 到 20250710 的数据...
  获取到 698 条数据
正在获取富吉瑞 从20150105 到 20250710 的数据...
  获取到 904 条数据
正在获取麦澜德 从20150105 到 20250710 的数据...
  获取到 705 条数据
正在获取万润新能 从20150105 到 20250710 的数据...
  获取到 671 条数据
正在获取百克生物 从20150105 到 20250710 的数据...
  获取到 980 条数据
正在获取天智航-U 从20150105 到 20250710 的数据...
  获取到 1216 条数据
正在获取特宝生物 从20150105 到 20250710 的数据...
  获取到 1326 条数据
正在获取峰岹科技 从20150105 到 20250710 的数据...
  获取到 782 条数据
正在获取精进电动-UW 从20150105 到 20250710 的数据...
  获取到 899 条数据
正在获取华秦科技 从20150105 到 20250710 的数据...
  获取到 812 条数据
正在获取理工导航 从20150105 到 20250710 的数据...
  获取到 801 条数据
正在获取坤恒顺维 从20150105 到 20250710 的数据...
  获取到 826 条数据
正在获取高铁电气 从20150105 到 20250710 的数据...
  获取到 904 条数据
正在获取敏芯股份 从20150105 到 20250710 的数据...
  获取到 1192 条数据
正在获取*ST观典 从20150105 到 20250710 的数据...
  获取到 758 条数据
正在获取鸿泉物联 从20150105 到 20250710 的数据...
  获取到 1377 条数据
正在获取圣湘生物 从20150105 到 20250710 的数据...
  获取到 1178 条数据
正在获取景业智能 从20150105 到 20250710 的数据...
  获取到 775 条数据
正在获取金橙子 从20150105 到 20250710 的数据...
  获取到 657 条数据
正在获取浩瀚深度 从20150105 到 20250710 的数据...
  获取到 700 条数据
正在获取奥浦迈 从20150105 到 20250710 的数据...
  获取到 679 条数据
正在获取中复神鹰 从20150105 到 20250710 的数据...
  获取到 792 条数据
正在获取和达科技 从20150105 到 20250710 的数据...
  获取到 958 条数据
正在获取中无人机 从20150105 到 20250710 的数据...
  获取到 736 条数据
正在获取东方生物 从20150105 到 20250710 的数据...
  获取到 1319 条数据
正在获取长阳科技 从20150105 到 20250710 的数据...
  获取到 1377 条数据
正在获取联瑞新材 从20150105 到 20250710 的数据...
HTTPConnectionPool(host='api.waditu.com', port=80): Max retries exceeded with url: /dataapi/adj_factor (Caused by NameResolutionError("<urllib3.connection.HTTPConnection object at 0x7f33b4bcde40>: Failed to resolve 'api.waditu.com' ([Errno -2] Name or service not known)"))
  获取到 1370 条数据
正在获取奕瑞科技 从20150105 到 20250710 的数据...
  获取到 1163 条数据
正在获取海创药业-U 从20150105 到 20250710 的数据...
  获取到 788 条数据
正在获取大全能源 从20150105 到 20250710 的数据...
  获取到 961 条数据
正在获取科德数控 从20150105 到 20250710 的数据...
  获取到 970 条数据
正在获取均普智能 从20150105 到 20250710 的数据...
  获取到 801 条数据
正在获取中润光学 从20150105 到 20250710 的数据...
  获取到 582 条数据
正在获取欧科亿 从20150105 到 20250710 的数据...
  获取到 1110 条数据
正在获取恒誉环保 从20150105 到 20250710 的数据...
  获取到 1209 条数据
正在获取迈得医疗 从20150105 到 20250710 的数据...
  获取到 1358 条数据
正在获取盟升电子 从20150105 到 20250710 的数据...
  获取到 1198 条数据
正在获取燕麦科技 从20150105 到 20250710 的数据...
  获取到 1235 条数据
正在获取仕佳光子 从20150105 到 20250710 的数据...
  获取到 1181 条数据
正在获取康拓医疗 从20150105 到 20250710 的数据...
  获取到 1007 条数据
正在获取诺禾致源 从20150105 到 20250710 的数据...
  获取到 1029 条数据
正在获取青云科技-U 从20150105 到 20250710 的数据...
  获取到 1048 条数据
正在获取之江生物 从20150105 到 20250710 的数据...
  获取到 1084 条数据
正在获取财富趋势 从20150105 到 20250710 的数据...
  获取到 1262 条数据
正在获取欧林生物 从20150105 到 20250710 的数据...
  获取到 992 条数据
正在获取禾川科技 从20150105 到 20250710 的数据...
  获取到 776 条数据
正在获取微芯生物 从20150105 到 20250710 的数据...
  获取到 1433 条数据
正在获取奥比中光-UW 从20150105 到 20250710 的数据...
  获取到 730 条数据
正在获取瑞华泰 从20150105 到 20250710 的数据...
  获取到 1018 条数据
正在获取赛微微电 从20150105 到 20250710 的数据...
  获取到 780 条数据
正在获取经纬恒润-W 从20150105 到 20250710 的数据...
  获取到 783 条数据
正在获取云从科技-UW 从20150105 到 20250710 的数据...
  获取到 758 条数据
正在获取深科达 从20150105 到 20250710 的数据...
  获取到 1053 条数据
正在获取艾隆科技 从20150105 到 20250710 的数据...
  获取到 1039 条数据
正在获取宏力达 从20150105 到 20250710 的数据...
  获取到 1150 条数据
正在获取荣昌生物 从20150105 到 20250710 的数据...
  获取到 794 条数据
正在获取中科蓝讯 从20150105 到 20250710 的数据...
  获取到 724 条数据
正在获取铂力特 从20150105 到 20250710 的数据...
  获取到 1448 条数据
正在获取西高院 从20150105 到 20250710 的数据...
  获取到 499 条数据
正在获取复洁环保 从20150105 到 20250710 的数据...
  获取到 1187 条数据
正在获取三生国健 从20150105 到 20250710 的数据...
  获取到 1205 条数据
正在获取普源精电 从20150105 到 20250710 的数据...
  获取到 780 条数据
正在获取赛科希德 从20150105 到 20250710 的数据...
HTTPConnectionPool(host='api.waditu.com', port=80): Max retries exceeded with url: /dataapi/adj_factor (Caused by NameResolutionError("<urllib3.connection.HTTPConnection object at 0x7f33b4bcd8d0>: Failed to resolve 'api.waditu.com' ([Errno -2] Name or service not known)"))
  获取到 1194 条数据
正在获取亿华通-U 从20150105 到 20250710 的数据...
  获取到 1182 条数据
正在获取云天励飞-U 从20150105 到 20250710 的数据...
  获取到 549 条数据
正在获取博力威 从20150105 到 20250710 的数据...
  获取到 989 条数据
正在获取华虹公司 从20150105 到 20250710 的数据...
  获取到 466 条数据
正在获取昱能科技 从20150105 到 20250710 的数据...
  获取到 751 条数据
正在获取三一重能 从20150105 到 20250710 的数据...
  获取到 741 条数据
正在获取富淼科技 从20150105 到 20250710 的数据...
  获取到 1071 条数据
正在获取微电生理 从20150105 到 20250710 的数据...
  获取到 691 条数据
正在获取颀中科技 从20150105 到 20250710 的数据...
  获取到 538 条数据
正在获取华盛锂电 从20150105 到 20250710 的数据...
  获取到 726 条数据
正在获取明志科技 从20150105 到 20250710 的数据...
  获取到 1011 条数据
正在获取键凯科技 从20150105 到 20250710 的数据...
  获取到 1180 条数据
正在获取建龙微纳 从20150105 到 20250710 的数据...
  获取到 1357 条数据
正在获取祥生医疗 从20150105 到 20250710 的数据...
  获取到 1358 条数据
正在获取三孚新科 从20150105 到 20250710 的数据...
  获取到 1004 条数据
正在获取德马科技 从20150105 到 20250710 的数据...
  获取到 1229 条数据
正在获取中科飞测 从20150105 到 20250710 的数据...
  获取到 520 条数据
正在获取甬矽电子 从20150105 到 20250710 的数据...
  获取到 642 条数据
正在获取华熙生物 从20150105 到 20250710 的数据...
  获取到 1377 条数据
正在获取光云科技 从20150105 到 20250710 的数据...
  获取到 1260 条数据
正在获取昊海生科 从20150105 到 20250710 的数据...
  获取到 1382 条数据
正在获取工大高科 从20150105 到 20250710 的数据...
  获取到 979 条数据
正在获取晶丰明源 从20150105 到 20250710 的数据...
  获取到 1374 条数据
正在获取致远互联 从20150105 到 20250710 的数据...
  获取到 1381 条数据
正在获取丛麟科技 从20150105 到 20250710 的数据...
  获取到 695 条数据
正在获取菲沃泰 从20150105 到 20250710 的数据...
  获取到 712 条数据
正在获取伟测科技 从20150105 到 20250710 的数据...
  获取到 657 条数据
正在获取盟科药业-U 从20150105 到 20250710 的数据...
  获取到 709 条数据
正在获取国博电子 从20150105 到 20250710 的数据...
  获取到 719 条数据
正在获取美埃科技 从20150105 到 20250710 的数据...
  获取到 640 条数据
正在获取迪威尔 从20150105 到 20250710 的数据...
  获取到 1215 条数据
正在获取奥来德 从20150105 到 20250710 的数据...
  获取到 1174 条数据
正在获取华光新材 从20150105 到 20250710 的数据...
  获取到 1185 条数据
正在获取中微半导 从20150105 到 20250710 的数据...
  获取到 709 条数据
正在获取帝奥微 从20150105 到 20250710 的数据...
  获取到 697 条数据
正在获取益方生物-U 从20150105 到 20250710 的数据...
  获取到 718 条数据
正在获取新益昌 从20150105 到 20250710 的数据...
  获取到 1018 条数据
正在获取复旦微电 从20150105 到 20250710 的数据...
  获取到 952 条数据
正在获取泛亚微透 从20150105 到 20250710 的数据...
  获取到 1149 条数据
正在获取信科移动-U 从20150105 到 20250710 的数据...
  获取到 674 条数据
正在获取嘉元科技 从20150105 到 20250710 的数据...
  获取到 1448 条数据
正在获取普门科技 从20150105 到 20250710 的数据...
  获取到 1378 条数据
正在获取固德威 从20150105 到 20250710 的数据...
  获取到 1173 条数据
正在获取钜泉科技 从20150105 到 20250710 的数据...
  获取到 683 条数据
正在获取骄成超声 从20150105 到 20250710 的数据...
  获取到 673 条数据
正在获取安必平 从20150105 到 20250710 的数据...
  获取到 1184 条数据
正在获取正弦电气 从20150105 到 20250710 的数据...
  获取到 1017 条数据
正在获取华润微 从20150105 到 20250710 的数据...
  获取到 1303 条数据
正在获取赛特新材 从20150105 到 20250710 的数据...
  获取到 1315 条数据
正在获取硕世生物 从20150105 到 20250710 的数据...
  获取到 1356 条数据
正在获取凌云光 从20150105 到 20250710 的数据...
  获取到 731 条数据
正在获取路维光电 从20150105 到 20250710 的数据...
  获取到 701 条数据
正在获取汇成股份 从20150105 到 20250710 的数据...
  获取到 700 条数据
正在获取中信博 从20150105 到 20250710 的数据...
  获取到 1178 条数据
正在获取富创精密 从20150105 到 20250710 的数据...
  获取到 669 条数据
正在获取山外山 从20150105 到 20250710 的数据...
  获取到 614 条数据
正在获取海博思创 从20150105 到 20250710 的数据...
  获取到 108 条数据
正在获取恒烁股份 从20150105 到 20250710 的数据...
  获取到 693 条数据
正在获取震有科技 从20150105 到 20250710 的数据...
  获取到 1205 条数据
正在获取耐科装备 从20150105 到 20250710 的数据...
  获取到 649 条数据
正在获取美腾科技 从20150105 到 20250710 的数据...
HTTPConnectionPool(host='api.waditu.com', port=80): Max retries exceeded with url: /dataapi/adj_factor (Caused by NameResolutionError("<urllib3.connection.HTTPConnection object at 0x7f33b4bceda0>: Failed to resolve 'api.waditu.com' ([Errno -2] Name or service not known)"))
  获取到 625 条数据
正在获取铁建重工 从20150105 到 20250710 的数据...
  获取到 983 条数据
正在获取康为世纪 从20150105 到 20250710 的数据...
  获取到 658 条数据
正在获取诺诚健华-U 从20150105 到 20250710 的数据...
  获取到 677 条数据
正在获取时创能源 从20150105 到 20250710 的数据...
  获取到 493 条数据
正在获取有研硅 从20150105 到 20250710 的数据...
  获取到 646 条数据
正在获取华曙高科 从20150105 到 20250710 的数据...
  获取到 541 条数据
正在获取英方软件 从20150105 到 20250710 的数据...
  获取到 597 条数据
正在获取振华风光 从20150105 到 20250710 的数据...
  获取到 694 条数据
正在获取智翔金泰-U 从20150105 到 20250710 的数据...
  获取到 498 条数据
正在获取磁谷科技 从20150105 到 20250710 的数据...
  获取到 677 条数据
正在获取联芸科技 从20150105 到 20250710 的数据...
  获取到 148 条数据
正在获取光格科技 从20150105 到 20250710 的数据...
  获取到 476 条数据
正在获取科捷智能 从20150105 到 20250710 的数据...
  获取到 681 条数据
正在获取有研粉材 从20150105 到 20250710 的数据...
  获取到 1047 条数据
正在获取美芯晟 从20150105 到 20250710 的数据...
  获取到 519 条数据
正在获取哈铁科技 从20150105 到 20250710 的数据...
  获取到 667 条数据
正在获取金科环境 从20150105 到 20250710 的数据...
  获取到 1256 条数据
正在获取科美诊断 从20150105 到 20250710 的数据...
  获取到 1031 条数据
正在获取芯联集成-U 从20150105 到 20250710 的数据...
  获取到 527 条数据
正在获取阿特斯 从20150105 到 20250710 的数据...
  获取到 505 条数据
正在获取萤石网络 从20150105 到 20250710 的数据...
  获取到 612 条数据
正在获取晶升股份 从20150105 到 20250710 的数据...
  获取到 536 条数据
正在获取友车科技 从20150105 到 20250710 的数据...
  获取到 526 条数据
正在获取赛恩斯 从20150105 到 20250710 的数据...
  获取到 635 条数据
正在获取南芯科技 从20150105 到 20250710 的数据...
  获取到 547 条数据
正在获取九州一轨 从20150105 到 20250710 的数据...
  获取到 598 条数据
正在获取龙迅股份 从20150105 到 20250710 的数据...
  获取到 579 条数据
正在获取艾迪药业 从20150105 到 20250710 的数据...
  获取到 1207 条数据
正在获取三未信安 从20150105 到 20250710 的数据...
  获取到 630 条数据
正在获取清越科技 从20150105 到 20250710 的数据...
  获取到 612 条数据
正在获取源杰科技 从20150105 到 20250710 的数据...
  获取到 617 条数据
正在获取利元亨 从20150105 到 20250710 的数据...
  获取到 976 条数据
正在获取慧辰股份 从20150105 到 20250710 的数据...
  获取到 1207 条数据
正在获取青达环保 从20150105 到 20250710 的数据...
  获取到 965 条数据
正在获取茂莱光学 从20150105 到 20250710 的数据...
  获取到 567 条数据
正在获取聚和材料 从20150105 到 20250710 的数据...
  获取到 625 条数据
正在获取复旦张江 从20150105 到 20250710 的数据...
  获取到 1226 条数据
正在获取百利天恒 从20150105 到 20250710 的数据...
  获取到 606 条数据
正在获取索辰科技 从20150105 到 20250710 的数据...
  获取到 540 条数据
正在获取芯朋微 从20150105 到 20250710 的数据...
  获取到 1205 条数据
正在获取正元地信 从20150105 到 20250710 的数据...
  获取到 955 条数据
正在获取航亚科技 从20150105 到 20250710 的数据...
  获取到 1106 条数据
正在获取*ST天微 从20150105 到 20250710 的数据...
  获取到 954 条数据
正在获取慧智微-U 从20150105 到 20250710 的数据...
  获取到 523 条数据
正在获取苑东生物 从20150105 到 20250710 的数据...
  获取到 1175 条数据
正在获取裕太微-U 从20150105 到 20250710 的数据...
  获取到 586 条数据
正在获取奥特维 从20150105 到 20250710 的数据...
  获取到 1247 条数据
正在获取金冠电气 从20150105 到 20250710 的数据...
  获取到 985 条数据
正在获取联赢激光 从20150105 到 20250710 的数据...
  获取到 1225 条数据
正在获取南亚新材 从20150105 到 20250710 的数据...
  获取到 1186 条数据
正在获取神州细胞 从20150105 到 20250710 的数据...
  获取到 1225 条数据
正在获取芯原股份 从20150105 到 20250710 的数据...
  获取到 1186 条数据
正在获取纳睿雷达 从20150105 到 20250710 的数据...
  获取到 563 条数据
正在获取航天环宇 从20150105 到 20250710 的数据...
  获取到 510 条数据
正在获取佰维存储 从20150105 到 20250710 的数据...
  获取到 610 条数据
正在获取科前生物 从20150105 到 20250710 的数据...
  获取到 1161 条数据
正在获取秦川物联 从20150105 到 20250710 的数据...
  获取到 1220 条数据
正在获取豪森智能 从20150105 到 20250710 的数据...
  获取到 1133 条数据
正在获取欧莱新材 从20150105 到 20250710 的数据...
  获取到 286 条数据
正在获取日联科技 从20150105 到 20250710 的数据...
  获取到 551 条数据
正在获取上声电子 从20150105 到 20250710 的数据...
  获取到 1025 条数据
正在获取华海诚科 从20150105 到 20250710 的数据...
  获取到 539 条数据
正在获取思瑞浦 从20150105 到 20250710 的数据...
  获取到 1152 条数据
正在获取和辉光电-U 从20150105 到 20250710 的数据...
  获取到 999 条数据
正在获取高华科技 从20150105 到 20250710 的数据...
  获取到 540 条数据
正在获取国科军工 从20150105 到 20250710 的数据...
  获取到 497 条数据
正在获取兴福电子 从20150105 到 20250710 的数据...
  获取到 111 条数据
正在获取广钢气体 从20150105 到 20250710 的数据...
  获取到 460 条数据
正在获取中巨芯-U 从20150105 到 20250710 的数据...
  获取到 442 条数据
正在获取瑞联新材 从20150105 到 20250710 的数据...
  获取到 1170 条数据
正在获取科威尔 从20150105 到 20250710 的数据...
  获取到 1169 条数据
正在获取航天南湖 从20150105 到 20250710 的数据...
  获取到 521 条数据
正在获取汇宇制药-W 从20150105 到 20250710 的数据...
  获取到 900 条数据
正在获取高测股份 从20150105 到 20250710 的数据...
  获取到 1193 条数据
正在获取兰剑智能 从20150105 到 20250710 的数据...
  获取到 1116 条数据
正在获取国盛智科 从20150105 到 20250710 的数据...
  获取到 1221 条数据
正在获取海目星 从20150105 到 20250710 的数据...
  获取到 1170 条数据
正在获取明冠新材 从20150105 到 20250710 的数据...
  获取到 1100 条数据
正在获取奇安信-U 从20150105 到 20250710 的数据...
  获取到 1205 条数据
正在获取航天软件 从20150105 到 20250710 的数据...
  获取到 517 条数据
正在获取航材股份 从20150105 到 20250710 的数据...
  获取到 479 条数据
正在获取力源科技 从20150105 到 20250710 的数据...
  获取到 1010 条数据
正在获取吉贝尔 从20150105 到 20250710 的数据...
  获取到 1250 条数据
正在获取孚能科技 从20150105 到 20250710 的数据...
  获取到 1201 条数据
正在获取中科星图 从20150105 到 20250710 的数据...
  获取到 1215 条数据
正在获取铁科轨道 从20150105 到 20250710 的数据...
  获取到 1177 条数据
正在获取天玛智控 从20150105 到 20250710 的数据...
  获取到 509 条数据
正在获取杭华股份 从20150105 到 20250710 的数据...
HTTPConnectionPool(host='api.waditu.com', port=80): Max retries exceeded with url: /dataapi/adj_factor (Caused by NameResolutionError("<urllib3.connection.HTTPConnection object at 0x7f33b4bceb60>: Failed to resolve 'api.waditu.com' ([Errno -2] Name or service not known)"))
  获取到 1109 条数据
正在获取信宇人 从20150105 到 20250710 的数据...
  获取到 458 条数据
正在获取亚辉龙 从20150105 到 20250710 的数据...
  获取到 1008 条数据
正在获取西山科技 从20150105 到 20250710 的数据...
  获取到 508 条数据
正在获取浙海德曼 从20150105 到 20250710 的数据...
  获取到 1165 条数据
正在获取艾力斯 从20150105 到 20250710 的数据...
  获取到 1116 条数据
正在获取山大地纬 从20150105 到 20250710 的数据...
  获取到 1208 条数据
正在获取伟思医疗 从20150105 到 20250710 的数据...
  获取到 1206 条数据
正在获取安杰思 从20150105 到 20250710 的数据...
  获取到 520 条数据
正在获取芯动联科 从20150105 到 20250710 的数据...
  获取到 492 条数据
正在获取思看科技 从20150105 到 20250710 的数据...
  获取到 116 条数据
正在获取上海合晶 从20150105 到 20250710 的数据...
  获取到 340 条数据
正在获取上纬新材 从20150105 到 20250710 的数据...
  获取到 1152 条数据
正在获取江航装备 从20150105 到 20250710 的数据...
  获取到 1198 条数据
正在获取凌志软件 从20150105 到 20250710 的数据...
  获取到 1255 条数据
正在获取力合微 从20150105 到 20250710 的数据...
  获取到 1205 条数据
正在获取新致软件 从20150105 到 20250710 的数据...
  获取到 1113 条数据
正在获取泰凌微 从20150105 到 20250710 的数据...
  获取到 452 条数据
正在获取司南导航 从20150105 到 20250710 的数据...
  获取到 459 条数据
正在获取新相微 从20150105 到 20250710 的数据...
  获取到 501 条数据
正在获取芯海科技 从20150105 到 20250710 的数据...
  获取到 1157 条数据
正在获取正帆科技 从20150105 到 20250710 的数据...
  获取到 1184 条数据
正在获取煜邦电力 从20150105 到 20250710 的数据...
  获取到 986 条数据
正在获取金博股份 从20150105 到 20250710 的数据...
  获取到 1250 条数据
正在获取天合光能 从20150105 到 20250710 的数据...
  获取到 1233 条数据
正在获取皖仪科技 从20150105 到 20250710 的数据...
  获取到 1218 条数据
正在获取力芯微 从20150105 到 20250710 的数据...
  获取到 979 条数据
正在获取康鹏科技 从20150105 到 20250710 的数据...
  获取到 478 条数据
正在获取天承科技 从20150105 到 20250710 的数据...
  获取到 486 条数据
正在获取先锋精科 从20150105 到 20250710 的数据...
  获取到 139 条数据
正在获取奥泰生物 从20150105 到 20250710 的数据...
  获取到 1041 条数据
正在获取康众医疗 从20150105 到 20250710 的数据...
  获取到 1074 条数据
正在获取恒玄科技 从20150105 到 20250710 的数据...
  获取到 1106 条数据
正在获取九联科技 从20150105 到 20250710 的数据...
  获取到 1043 条数据
正在获取埃科光电 从20150105 到 20250710 的数据...
  获取到 479 条数据
正在获取杭州柯林 从20150105 到 20250710 的数据...
  获取到 1030 条数据
正在获取威迈斯 从20150105 到 20250710 的数据...
  获取到 474 条数据
正在获取奥精医疗 从20150105 到 20250710 的数据...
  获取到 1004 条数据
正在获取合合信息 从20150105 到 20250710 的数据...
  获取到 189 条数据
正在获取西力科技 从20150105 到 20250710 的数据...
  获取到 1046 条数据
正在获取惠泰医疗 从20150105 到 20250710 的数据...
  获取到 1091 条数据
正在获取三旺通信 从20150105 到 20250710 的数据...
  获取到 1096 条数据
正在获取罗普特 从20150105 到 20250710 的数据...
  获取到 1063 条数据
正在获取安凯微 从20150105 到 20250710 的数据...
  获取到 495 条数据
正在获取阳光诺和 从20150105 到 20250710 的数据...
  获取到 965 条数据
正在获取禾信仪器 从20150105 到 20250710 的数据...
  获取到 915 条数据
正在获取双元科技 从20150105 到 20250710 的数据...
  获取到 506 条数据
正在获取呈和科技 从20150105 到 20250710 的数据...
  获取到 993 条数据
正在获取翔宇医疗 从20150105 到 20250710 的数据...
  获取到 1037 条数据
正在获取精智达 从20150105 到 20250710 的数据...
  获取到 480 条数据
正在获取优利德 从20150105 到 20250710 的数据...
  获取到 1074 条数据
正在获取华丰科技 从20150105 到 20250710 的数据...
  获取到 495 条数据
正在获取芯碁微装 从20150105 到 20250710 的数据...
  获取到 1036 条数据
正在获取莱斯信息 从20150105 到 20250710 的数据...
  获取到 494 条数据
正在获取星球石墨 从20150105 到 20250710 的数据...
HTTPConnectionPool(host='api.waditu.com', port=80): Max retries exceeded with url: /dataapi/adj_factor (Caused by NameResolutionError("<urllib3.connection.HTTPConnection object at 0x7f33b4c20c40>: Failed to resolve 'api.waditu.com' ([Errno -2] Name or service not known)"))
  获取到 1042 条数据
正在获取智明达 从20150105 到 20250710 的数据...
  获取到 1032 条数据
正在获取誉辰智能 从20150105 到 20250710 的数据...
  获取到 484 条数据
正在获取华恒生物 从20150105 到 20250710 的数据...
  获取到 1022 条数据
正在获取ST逸飞 从20150105 到 20250710 的数据...
  获取到 471 条数据
正在获取中邮科技 从20150105 到 20250710 的数据...
  获取到 402 条数据
正在获取盛邦安全 从20150105 到 20250710 的数据...
  获取到 474 条数据
正在获取京仪装备 从20150105 到 20250710 的数据...
HTTPConnectionPool(host='api.waditu.com', port=80): Max retries exceeded with url: /dataapi/adj_factor (Caused by NameResolutionError("<urllib3.connection.HTTPConnection object at 0x7f33b4c201c0>: Failed to resolve 'api.waditu.com' ([Errno -2] Name or service not known)"))
  获取到 390 条数据
正在获取康希通信 从20150105 到 20250710 的数据...
  获取到 398 条数据
正在获取迅捷兴 从20150105 到 20250710 的数据...
  获取到 1003 条数据
正在获取浩欧博 从20150105 到 20250710 的数据...
  获取到 1078 条数据
正在获取浩辰软件 从20150105 到 20250710 的数据...
  获取到 426 条数据
正在获取悦康药业 从20150105 到 20250710 的数据...
  获取到 1100 条数据
正在获取元琛科技 从20150105 到 20250710 的数据...
  获取到 1037 条数据
正在获取电气风电 从20150105 到 20250710 的数据...
  获取到 1006 条数据
正在获取和林微纳 从20150105 到 20250710 的数据...
  获取到 1039 条数据
正在获取富信科技 从20150105 到 20250710 的数据...
  获取到 1036 条数据
正在获取新风光 从20150105 到 20250710 的数据...
  获取到 1029 条数据
正在获取四方光电 从20150105 到 20250710 的数据...
  获取到 1068 条数据
正在获取菱电电控 从20150105 到 20250710 的数据...
  获取到 1041 条数据
正在获取鼎通科技 从20150105 到 20250710 的数据...
  获取到 1103 条数据
正在获取聚石化学 从20150105 到 20250710 的数据...
  获取到 1079 条数据
正在获取金迪克 从20150105 到 20250710 的数据...
  获取到 954 条数据
正在获取碧兴物联 从20150105 到 20250710 的数据...
  获取到 464 条数据
正在获取金盘科技 从20150105 到 20250710 的数据...
  获取到 1053 条数据
正在获取海泰新光 从20150105 到 20250710 的数据...
  获取到 1060 条数据
正在获取福立旺 从20150105 到 20250710 的数据...
  获取到 1101 条数据
正在获取通源环境 从20150105 到 20250710 的数据...
  获取到 1099 条数据
正在获取海优新材 从20150105 到 20250710 的数据...
  获取到 1080 条数据
正在获取科汇股份 从20150105 到 20250710 的数据...
  获取到 987 条数据
正在获取霍莱沃 从20150105 到 20250710 的数据...
  获取到 1024 条数据
正在获取莱尔科技 从20150105 到 20250710 的数据...
  获取到 1030 条数据
正在获取迈信林 从20150105 到 20250710 的数据...
  获取到 1010 条数据
正在获取奥普特 从20150105 到 20250710 的数据...
  获取到 1095 条数据
正在获取凯因科技 从20150105 到 20250710 的数据...
  获取到 1069 条数据
正在获取银河微电 从20150105 到 20250710 的数据...
  获取到 1077 条数据
正在获取纳微科技 从20150105 到 20250710 的数据...
  获取到 982 条数据
正在获取灿芯股份 从20150105 到 20250710 的数据...
  获取到 303 条数据
正在获取达梦数据 从20150105 到 20250710 的数据...
  获取到 263 条数据
正在获取锴威特 从20150105 到 20250710 的数据...
  获取到 457 条数据
正在获取中创股份 从20150105 到 20250710 的数据...
  获取到 322 条数据
正在获取极米科技 从20150105 到 20250710 的数据...
  获取到 1057 条数据
正在获取纽威数控 从20150105 到 20250710 的数据...
  获取到 920 条数据
正在获取伟创电气 从20150105 到 20250710 的数据...
  获取到 1097 条数据
正在获取明微电子 从20150105 到 20250710 的数据...
  获取到 1104 条数据
正在获取东威科技 从20150105 到 20250710 的数据...
  获取到 988 条数据
正在获取卓锦股份 从20150105 到 20250710 的数据...
  获取到 921 条数据
正在获取盛科通信-U 从20150105 到 20250710 的数据...
  获取到 438 条数据
正在获取振华新材 从20150105 到 20250710 的数据...
  获取到 923 条数据
正在获取佳驰科技 从20150105 到 20250710 的数据...
  获取到 144 条数据
正在获取成都华微 从20150105 到 20250710 的数据...
  获取到 341 条数据
正在获取益诺思 从20150105 到 20250710 的数据...
  获取到 204 条数据
正在获取宏微科技 从20150105 到 20250710 的数据...
  获取到 932 条数据
正在获取中研股份 从20150105 到 20250710 的数据...
  获取到 434 条数据
正在获取艾罗能源 从20150105 到 20250710 的数据...
  获取到 366 条数据
正在获取唯赛勃 从20150105 到 20250710 的数据...
  获取到 957 条数据
正在获取爱科赛博 从20150105 到 20250710 的数据...
  获取到 428 条数据
正在获取艾森股份 从20150105 到 20250710 的数据...
  获取到 375 条数据
正在获取龙图光罩 从20150105 到 20250710 的数据...
  获取到 224 条数据
正在获取同益中 从20150105 到 20250710 的数据...
  获取到 905 条数据
正在获取拉普拉斯 从20150105 到 20250710 的数据...
  获取到 171 条数据
正在获取格科微 从20150105 到 20250710 的数据...
  获取到 942 条数据
正在获取N屹唐 从20150105 到 20250710 的数据...
  获取到 3 条数据
正在获取壹石通 从20150105 到 20250710 的数据...
  获取到 943 条数据
正在获取中自科技 从20150105 到 20250710 的数据...
  获取到 902 条数据
正在获取成大生物 从20150105 到 20250710 的数据...
  获取到 895 条数据
正在获取金天钛业 从20150105 到 20250710 的数据...
  获取到 155 条数据
正在获取汉邦科技 从20150105 到 20250710 的数据...
  获取到 39 条数据
正在获取胜科纳米 从20150105 到 20250710 的数据...
  获取到 73 条数据
正在获取赛分科技 从20150105 到 20250710 的数据...
  获取到 119 条数据
正在获取普冉股份 从20150105 到 20250710 的数据...
  获取到 939 条数据
正在获取博拓生物 从20150105 到 20250710 的数据...
  获取到 927 条数据
正在获取容知日新 从20150105 到 20250710 的数据...
  获取到 959 条数据
正在获取珠海冠宇 从20150105 到 20250710 的数据...
  获取到 907 条数据
正在获取影石创新 从20150105 到 20250710 的数据...
  获取到 22 条数据
正在获取国光电气 从20150105 到 20250710 的数据...
  获取到 933 条数据
正在获取中控技术 从20150105 到 20250710 的数据...
  获取到 1122 条数据
正在获取厦钨新能 从20150105 到 20250710 的数据...
  获取到 951 条数据
正在获取五矿新能 从20150105 到 20250710 的数据...
  获取到 947 条数据
正在获取悦安新材 从20150105 到 20250710 的数据...
  获取到 936 条数据
正在获取海天瑞声 从20150105 到 20250710 的数据...
  获取到 945 条数据
正在获取科思科技 从20150105 到 20250710 的数据...
  获取到 1145 条数据
正在获取宏华数科 从20150105 到 20250710 的数据...
  获取到 971 条数据
正在获取倍轻松 从20150105 到 20250710 的数据...
  获取到 966 条数据
正在获取艾为电子 从20150105 到 20250710 的数据...
  获取到 944 条数据
正在获取华纳药厂 从20150105 到 20250710 的数据...
  获取到 968 条数据
正在获取瑞可达 从20150105 到 20250710 的数据...
  获取到 961 条数据
正在获取天能股份 从20150105 到 20250710 的数据...
  获取到 1084 条数据
正在获取中芯国际 从20150105 到 20250710 的数据...
  获取到 1209 条数据
正在获取武汉蓝电 从20150105 到 20250710 的数据...
  获取到 1070 条数据
正在获取安达科技 从20150105 到 20250710 的数据...
  获取到 1953 条数据
正在获取齐鲁华信 从20150105 到 20250710 的数据...
  获取到 1553 条数据
正在获取万通液压 从20150105 到 20250710 的数据...
  获取到 1346 条数据
正在获取基康仪器 从20150105 到 20250710 的数据...
  获取到 1706 条数据
正在获取旺成科技 从20150105 到 20250710 的数据...
  获取到 567 条数据
正在获取森萱医药 从20150105 到 20250710 的数据...
  获取到 1304 条数据
正在获取润农节水 从20150105 到 20250710 的数据...
  获取到 2048 条数据
正在获取凯大催化 从20150105 到 20250710 的数据...
  获取到 1626 条数据
正在获取凯添燃气 从20150105 到 20250710 的数据...
  获取到 1548 条数据
正在获取国义招标 从20150105 到 20250710 的数据...
  获取到 1620 条数据
正在获取秋乐种业 从20150105 到 20250710 的数据...
  获取到 721 条数据
正在获取昆工科技 从20150105 到 20250710 的数据...
  获取到 1219 条数据
正在获取鑫汇科 从20150105 到 20250710 的数据...
  获取到 944 条数据
正在获取派诺科技 从20150105 到 20250710 的数据...
  获取到 1001 条数据
正在获取三祥科技 从20150105 到 20250710 的数据...
  获取到 1424 条数据
正在获取泰德股份 从20150105 到 20250710 的数据...
  获取到 1229 条数据
正在获取迪尔化工 从20150105 到 20250710 的数据...
  获取到 653 条数据
正在获取海希通讯 从20150105 到 20250710 的数据...
  获取到 1487 条数据
正在获取新安洁 从20150105 到 20250710 的数据...
  获取到 1710 条数据
正在获取许昌智能 从20150105 到 20250710 的数据...
  获取到 991 条数据
正在获取凯华材料 从20150105 到 20250710 的数据...
  获取到 1021 条数据
正在获取力王股份 从20150105 到 20250710 的数据...
  获取到 732 条数据
正在获取格利尔 从20150105 到 20250710 的数据...
  获取到 832 条数据
正在获取克莱特 从20150105 到 20250710 的数据...
  获取到 1311 条数据
正在获取朱老六 从20150105 到 20250710 的数据...
  获取到 1088 条数据
正在获取拾比佰 从20150105 到 20250710 的数据...
  获取到 1211 条数据
正在获取科达自控 从20150105 到 20250710 的数据...
  获取到 1079 条数据
正在获取三维股份 从20150105 到 20250710 的数据...
  获取到 725 条数据
正在获取浙江大农 从20150105 到 20250710 的数据...
  获取到 668 条数据
正在获取浩淼科技 从20150105 到 20250710 的数据...
  获取到 1242 条数据
正在获取舜宇精工 从20150105 到 20250710 的数据...
  获取到 618 条数据
正在获取创远信科 从20150105 到 20250710 的数据...
  获取到 2180 条数据
正在获取安徽凤凰 从20150105 到 20250710 的数据...
  获取到 1124 条数据
正在获取田野股份 从20150105 到 20250710 的数据...
  获取到 2198 条数据
正在获取禾昌聚合 从20150105 到 20250710 的数据...
  获取到 900 条数据
正在获取雷特科技 从20150105 到 20250710 的数据...
  获取到 1010 条数据
正在获取恒合股份 从20150105 到 20250710 的数据...
  获取到 1086 条数据
正在获取利尔达 从20150105 到 20250710 的数据...
  获取到 2309 条数据
正在获取志晟信息 从20150105 到 20250710 的数据...
  获取到 1199 条数据
正在获取东方碳素 从20150105 到 20250710 的数据...
  获取到 2185 条数据
正在获取利通科技 从20150105 到 20250710 的数据...
  获取到 1333 条数据
正在获取鹿得医疗 从20150105 到 20250710 的数据...
  获取到 1611 条数据
正在获取路斯股份 从20150105 到 20250710 的数据...
  获取到 1577 条数据
正在获取富恒新材 从20150105 到 20250710 的数据...
  获取到 921 条数据
正在获取美邦科技 从20150105 到 20250710 的数据...
  获取到 922 条数据
正在获取奥迪威 从20150105 到 20250710 的数据...
  获取到 1550 条数据
正在获取纳科诺尔 从20150105 到 20250710 的数据...
  获取到 1669 条数据
正在获取梓橦宫 从20150105 到 20250710 的数据...
  获取到 1783 条数据
正在获取天罡股份 从20150105 到 20250710 的数据...
  获取到 773 条数据
正在获取方盛股份 从20150105 到 20250710 的数据...
  获取到 676 条数据
正在获取德源药业 从20150105 到 20250710 的数据...
  获取到 1886 条数据
正在获取骑士乳业 从20150105 到 20250710 的数据...
  获取到 1885 条数据
正在获取保丽洁 从20150105 到 20250710 的数据...
  获取到 1079 条数据
正在获取慧为智能 从20150105 到 20250710 的数据...
  获取到 1177 条数据
正在获取星辰科技 从20150105 到 20250710 的数据...
  获取到 1068 条数据
正在获取开特股份 从20150105 到 20250710 的数据...
  获取到 1210 条数据
正在获取锦波生物 从20150105 到 20250710 的数据...
  获取到 1326 条数据
正在获取立方控股 从20150105 到 20250710 的数据...
  获取到 598 条数据
正在获取柏星龙 从20150105 到 20250710 的数据...
  获取到 876 条数据
正在获取国航远洋 从20150105 到 20250710 的数据...
  获取到 1015 条数据
正在获取欧康医药 从20150105 到 20250710 的数据...
  获取到 763 条数据
正在获取生物谷 从20150105 到 20250710 的数据...
  获取到 1972 条数据
正在获取灵鸽科技 从20150105 到 20250710 的数据...
  获取到 806 条数据
正在获取威贸电子 从20150105 到 20250710 的数据...
  获取到 1018 条数据
正在获取民士达 从20150105 到 20250710 的数据...
  获取到 615 条数据
正在获取华维设计 从20150105 到 20250710 的数据...
  获取到 1136 条数据
正在获取康比特 从20150105 到 20250710 的数据...
  获取到 707 条数据
正在获取同心传动 从20150105 到 20250710 的数据...
  获取到 1015 条数据
正在获取汇隆活塞 从20150105 到 20250710 的数据...
  获取到 502 条数据
正在获取同惠电子 从20150105 到 20250710 的数据...
  获取到 1162 条数据
正在获取德瑞锂电 从20150105 到 20250710 的数据...
  获取到 1169 条数据
正在获取骏创科技 从20150105 到 20250710 的数据...
  获取到 820 条数据
正在获取康乐卫士 从20150105 到 20250710 的数据...
  获取到 1352 条数据
正在获取科创新材 从20150105 到 20250710 的数据...
  获取到 801 条数据
正在获取惠同新材 从20150105 到 20250710 的数据...
  获取到 892 条数据
正在获取瑞奇智造 从20150105 到 20250710 的数据...
  获取到 786 条数据
正在获取中设咨询 从20150105 到 20250710 的数据...
  获取到 946 条数据
正在获取远航精密 从20150105 到 20250710 的数据...
  获取到 1569 条数据
正在获取优机股份 从20150105 到 20250710 的数据...
  获取到 764 条数据
正在获取特瑞斯 从20150105 到 20250710 的数据...
  获取到 885 条数据
正在获取流金科技 从20150105 到 20250710 的数据...
  获取到 1606 条数据
正在获取康普化学 从20150105 到 20250710 的数据...
  获取到 738 条数据
正在获取华洋赛车 从20150105 到 20250710 的数据...
  获取到 522 条数据
正在获取科润智控 从20150105 到 20250710 的数据...
  获取到 1008 条数据
正在获取一诺威 从20150105 到 20250710 的数据...
  获取到 1321 条数据
正在获取驰诚股份 从20150105 到 20250710 的数据...
HTTPConnectionPool(host='api.waditu.com', port=80): Max retries exceeded with url: /dataapi/daily (Caused by NameResolutionError("<urllib3.connection.HTTPConnection object at 0x7f33b4c22770>: Failed to resolve 'api.waditu.com' ([Errno -2] Name or service not known)"))
  获取到 726 条数据
正在获取恒拓开源 从20150105 到 20250710 的数据...
  获取到 1804 条数据
正在获取三友科技 从20150105 到 20250710 的数据...
  获取到 1308 条数据
正在获取同力股份 从20150105 到 20250710 的数据...
  获取到 1234 条数据
正在获取晨光电缆 从20150105 到 20250710 的数据...
  获取到 1154 条数据
正在获取美之高 从20150105 到 20250710 的数据...
  获取到 1138 条数据
正在获取艾能聚 从20150105 到 20250710 的数据...
  获取到 948 条数据
正在获取迅安科技 从20150105 到 20250710 的数据...
  获取到 603 条数据
正在获取五新隧装 从20150105 到 20250710 的数据...
  获取到 1188 条数据
正在获取凯德石英 从20150105 到 20250710 的数据...
  获取到 1061 条数据
正在获取国源科技 从20150105 到 20250710 的数据...
  获取到 1807 条数据
正在获取贝特瑞 从20150105 到 20250710 的数据...
  获取到 2208 条数据
正在获取众诚科技 从20150105 到 20250710 的数据...
  获取到 844 条数据
正在获取力佳科技 从20150105 到 20250710 的数据...
  获取到 728 条数据
正在获取*ST云创 从20150105 到 20250710 的数据...
  获取到 1098 条数据
正在获取连城数控 从20150105 到 20250710 的数据...
  获取到 1554 条数据
正在获取戈碧迦 从20150105 到 20250710 的数据...
  获取到 995 条数据
正在获取殷图网联 从20150105 到 20250710 的数据...
  获取到 1387 条数据
正在获取机科股份 从20150105 到 20250710 的数据...
  获取到 832 条数据
正在获取富士达 从20150105 到 20250710 的数据...
  获取到 1297 条数据
正在获取数字人 从20150105 到 20250710 的数据...
  获取到 1176 条数据
正在获取百甲科技 从20150105 到 20250710 的数据...
  获取到 843 条数据
正在获取中科美菱 从20150105 到 20250710 的数据...
  获取到 667 条数据
正在获取海泰新能 从20150105 到 20250710 的数据...
  获取到 1277 条数据
正在获取吉林碳谷 从20150105 到 20250710 的数据...
  获取到 1054 条数据
正在获取旭杰科技 从20150105 到 20250710 的数据...
  获取到 1300 条数据
正在获取青矩技术 从20150105 到 20250710 的数据...
  获取到 500 条数据
正在获取易实精密 从20150105 到 20250710 的数据...
  获取到 596 条数据
正在获取长虹能源 从20150105 到 20250710 的数据...
HTTPConnectionPool(host='api.waditu.com', port=80): Max retries exceeded with url: /dataapi/daily (Caused by NameResolutionError("<urllib3.connection.HTTPConnection object at 0x7f33b4c23190>: Failed to resolve 'api.waditu.com' ([Errno -2] Name or service not known)"))
  获取到 1196 条数据
正在获取华密新材 从20150105 到 20250710 的数据...
  获取到 622 条数据
正在获取中寰股份 从20150105 到 20250710 的数据...
  获取到 1118 条数据
正在获取中航泰达 从20150105 到 20250710 的数据...
  获取到 1638 条数据
正在获取天铭科技 从20150105 到 20250710 的数据...
  获取到 718 条数据
正在获取朗鸿科技 从20150105 到 20250710 的数据...
  获取到 794 条数据
正在获取欧普泰 从20150105 到 20250710 的数据...
  获取到 929 条数据
正在获取万德股份 从20150105 到 20250710 的数据...
  获取到 547 条数据
正在获取润普食品 从20150105 到 20250710 的数据...
  获取到 634 条数据
正在获取大唐药业 从20150105 到 20250710 的数据...
  获取到 1281 条数据
正在获取博迅生物 从20150105 到 20250710 的数据...
  获取到 743 条数据
正在获取无锡晶海 从20150105 到 20250710 的数据...
  获取到 385 条数据
正在获取秉扬科技 从20150105 到 20250710 的数据...
  获取到 1178 条数据
正在获取海达尔 从20150105 到 20250710 的数据...
  获取到 528 条数据
正在获取瑞星股份 从20150105 到 20250710 的数据...
  获取到 509 条数据
正在获取吉冈精密 从20150105 到 20250710 的数据...
  获取到 917 条数据
正在获取奔朗新材 从20150105 到 20250710 的数据...
  获取到 711 条数据
正在获取盖世食品 从20150105 到 20250710 的数据...
  获取到 1165 条数据
正在获取派特尔 从20150105 到 20250710 的数据...
  获取到 825 条数据
正在获取广咨国际 从20150105 到 20250710 的数据...
  获取到 945 条数据
正在获取恒立钻具 从20150105 到 20250710 的数据...
  获取到 928 条数据
正在获取汉维科技 从20150105 到 20250710 的数据...
  获取到 724 条数据
正在获取西磁科技 从20150105 到 20250710 的数据...
  获取到 417 条数据
正在获取晟楠科技 从20150105 到 20250710 的数据...
  获取到 632 条数据
正在获取芭薇股份 从20150105 到 20250710 的数据...
  获取到 1011 条数据
正在获取亿能电力 从20150105 到 20250710 的数据...
  获取到 705 条数据
正在获取汉鑫科技 从20150105 到 20250710 的数据...
  获取到 903 条数据
正在获取宏裕包材 从20150105 到 20250710 的数据...
  获取到 459 条数据
正在获取智新电子 从20150105 到 20250710 的数据...
  获取到 1108 条数据
正在获取建邦科技 从20150105 到 20250710 的数据...
  获取到 1291 条数据
正在获取三元基因 从20150105 到 20250710 的数据...
  获取到 1255 条数据
正在获取康农种业 从20150105 到 20250710 的数据...
  获取到 448 条数据
正在获取华信永道 从20150105 到 20250710 的数据...
HTTPConnectionPool(host='api.waditu.com', port=80): Max retries exceeded with url: /dataapi/daily (Caused by NameResolutionError("<urllib3.connection.HTTPConnection object at 0x7f33b4c202e0>: Failed to resolve 'api.waditu.com' ([Errno -2] Name or service not known)"))
HTTPConnectionPool(host='api.waditu.com', port=80): Max retries exceeded with url: /dataapi/adj_factor (Caused by NameResolutionError("<urllib3.connection.HTTPConnection object at 0x7f33b4c23dc0>: Failed to resolve 'api.waditu.com' ([Errno -2] Name or service not known)"))
  获取到 906 条数据
正在获取明阳科技 从20150105 到 20250710 的数据...
  获取到 628 条数据
正在获取路桥信息 从20150105 到 20250710 的数据...
  获取到 561 条数据
正在获取则成电子 从20150105 到 20250710 的数据...
  获取到 819 条数据
正在获取德众汽车 从20150105 到 20250710 的数据...
  获取到 1193 条数据
正在获取方大新材 从20150105 到 20250710 的数据...
  获取到 1258 条数据
正在获取邦德股份 从20150105 到 20250710 的数据...
  获取到 805 条数据
正在获取美登科技 从20150105 到 20250710 的数据...
HTTPConnectionPool(host='api.waditu.com', port=80): Max retries exceeded with url: /dataapi/daily (Caused by NameResolutionError("<urllib3.connection.HTTPConnection object at 0x7f33b4c23760>: Failed to resolve 'api.waditu.com' ([Errno -2] Name or service not known)"))
  获取到 617 条数据
正在获取太湖雪 从20150105 到 20250710 的数据...
  获取到 641 条数据
正在获取驱动力 从20150105 到 20250710 的数据...
  获取到 1113 条数据
正在获取硅烷科技 从20150105 到 20250710 的数据...
  获取到 736 条数据
正在获取恒进感应 从20150105 到 20250710 的数据...
  获取到 796 条数据
正在获取豪声电子 从20150105 到 20250710 的数据...
  获取到 483 条数据
正在获取春光智能 从20150105 到 20250710 的数据...
  获取到 1104 条数据
正在获取华原股份 从20150105 到 20250710 的数据...
  获取到 548 条数据
正在获取广脉科技 从20150105 到 20250710 的数据...
  获取到 1027 条数据
正在获取天马新材 从20150105 到 20250710 的数据...
  获取到 921 条数据
正在获取一致魔芋 从20150105 到 20250710 的数据...
  获取到 623 条数据
正在获取欧福蛋业 从20150105 到 20250710 的数据...
  获取到 628 条数据
正在获取并行科技 从20150105 到 20250710 的数据...
  获取到 663 条数据
正在获取*ST广道 从20150105 到 20250710 的数据...
  获取到 890 条数据
正在获取宁新新材 从20150105 到 20250710 的数据...
  获取到 916 条数据
正在获取惠丰钻石 从20150105 到 20250710 的数据...
  获取到 830 条数据
正在获取永顺生物 从20150105 到 20250710 的数据...
  获取到 1562 条数据
正在获取联迪信息 从20150105 到 20250710 的数据...
  获取到 841 条数据
正在获取东和新材 从20150105 到 20250710 的数据...
  获取到 747 条数据
正在获取华阳变速 从20150105 到 20250710 的数据...
  获取到 1084 条数据
正在获取倍益康 从20150105 到 20250710 的数据...
  获取到 637 条数据
正在获取沪江材料 从20150105 到 20250710 的数据...
  获取到 854 条数据
正在获取灿能电力 从20150105 到 20250710 的数据...
  获取到 803 条数据
正在获取雅葆轩 从20150105 到 20250710 的数据...
  获取到 671 条数据
正在获取大地电气 从20150105 到 20250710 的数据...
  获取到 962 条数据
正在获取丰安股份 从20150105 到 20250710 的数据...
  获取到 700 条数据
正在获取海昇药业 从20150105 到 20250710 的数据...
  获取到 345 条数据
正在获取鸿智科技 从20150105 到 20250710 的数据...
  获取到 465 条数据
正在获取绿亨科技 从20150105 到 20250710 的数据...
  获取到 913 条数据
正在获取视声智能 从20150105 到 20250710 的数据...
  获取到 454 条数据
正在获取威博液压 从20150105 到 20250710 的数据...
HTTPConnectionPool(host='api.waditu.com', port=80): Max retries exceeded with url: /dataapi/daily (Caused by NameResolutionError("<urllib3.connection.HTTPConnection object at 0x7f33b4c23af0>: Failed to resolve 'api.waditu.com' ([Errno -2] Name or service not known)"))
  获取到 876 条数据
正在获取莱赛激光 从20150105 到 20250710 的数据...
  获取到 369 条数据
正在获取常辅股份 从20150105 到 20250710 的数据...
HTTPConnectionPool(host='api.waditu.com', port=80): Max retries exceeded with url: /dataapi/adj_factor (Caused by NameResolutionError("<urllib3.connection.HTTPConnection object at 0x7f33b4c22ce0>: Failed to resolve 'api.waditu.com' ([Errno -2] Name or service not known)"))
  获取到 1163 条数据
正在获取巨能股份 从20150105 到 20250710 的数据...
  获取到 530 条数据
正在获取凯腾精工 从20150105 到 20250710 的数据...
  获取到 1055 条数据
正在获取新威凌 从20150105 到 20250710 的数据...
  获取到 707 条数据
正在获取通易航天 从20150105 到 20250710 的数据...
  获取到 1073 条数据
正在获取中裕科技 从20150105 到 20250710 的数据...
  获取到 589 条数据
正在获取天纺标 从20150105 到 20250710 的数据...
  获取到 780 条数据
正在获取泓禧科技 从20150105 到 20250710 的数据...
  获取到 844 条数据
正在获取大禹生物 从20150105 到 20250710 的数据...
  获取到 813 条数据
正在获取晶赛科技 从20150105 到 20250710 的数据...
  获取到 937 条数据
正在获取雷神科技 从20150105 到 20250710 的数据...
  获取到 695 条数据
正在获取华光源海 从20150105 到 20250710 的数据...
  获取到 1103 条数据
正在获取云里物里 从20150105 到 20250710 的数据...
  获取到 898 条数据
正在获取佳合科技 从20150105 到 20250710 的数据...
  获取到 693 条数据
正在获取铁大科技 从20150105 到 20250710 的数据...
  获取到 653 条数据
正在获取曙光数创 从20150105 到 20250710 的数据...
  获取到 1145 条数据
正在获取花溪科技 从20150105 到 20250710 的数据...
  获取到 722 条数据
正在获取锦好医疗 从20150105 到 20250710 的数据...
  获取到 952 条数据
正在获取无锡鼎邦 从20150105 到 20250710 的数据...
  获取到 359 条数据
正在获取国子软件 从20150105 到 20250710 的数据...
HTTPConnectionPool(host='api.waditu.com', port=80): Max retries exceeded with url: /dataapi/daily (Caused by NameResolutionError("<urllib3.connection.HTTPConnection object at 0x7f33b4c23070>: Failed to resolve 'api.waditu.com' ([Errno -2] Name or service not known)"))
  获取到 454 条数据
正在获取纬达光电 从20150105 到 20250710 的数据...
  获取到 637 条数据
正在获取中纺标 从20150105 到 20250710 的数据...
  获取到 689 条数据
正在获取泰鹏智能 从20150105 到 20250710 的数据...
  获取到 417 条数据
正在获取天宏锂电 从20150105 到 20250710 的数据...
  获取到 792 条数据
正在获取新赣江 从20150105 到 20250710 的数据...
  获取到 632 条数据
正在获取七丰精工 从20150105 到 20250710 的数据...
  获取到 823 条数据
正在获取荣亿精密 从20150105 到 20250710 的数据...
  获取到 781 条数据
正在获取九菱科技 从20150105 到 20250710 的数据...
  获取到 652 条数据
正在获取恒太照明 从20150105 到 20250710 的数据...
  获取到 731 条数据
正在获取夜光明 从20150105 到 20250710 的数据...
  获取到 886 条数据
正在获取坤博精工 从20150105 到 20250710 的数据...
  获取到 395 条数据
正在获取天力复合 从20150105 到 20250710 的数据...
  获取到 582 条数据
正在获取鼎智科技 从20150105 到 20250710 的数据...
  获取到 575 条数据
正在获取科强股份 从20150105 到 20250710 的数据...
  获取到 444 条数据
正在获取前进科技 从20150105 到 20250710 的数据...
  获取到 403 条数据
正在获取捷众科技 从20150105 到 20250710 的数据...
  获取到 375 条数据
正在获取阿为特 从20150105 到 20250710 的数据...
  获取到 413 条数据
正在获取广厦环能 从20150105 到 20250710 的数据...
  获取到 386 条数据
正在获取铁拓机械 从20150105 到 20250710 的数据...
  获取到 328 条数据
正在获取卓兆点胶 从20150105 到 20250710 的数据...
  获取到 419 条数据
正在获取云星宇 从20150105 到 20250710 的数据...
  获取到 360 条数据
正在获取美心翼申 从20150105 到 20250710 的数据...
  获取到 432 条数据
正在获取万达轴承 从20150105 到 20250710 的数据...
  获取到 271 条数据
正在获取成电光信 从20150105 到 20250710 的数据...
  获取到 207 条数据
正在获取中草香料 从20150105 到 20250710 的数据...
  获取到 196 条数据
正在获取铜冠矿建 从20150105 到 20250710 的数据...
  获取到 183 条数据
正在获取交大铁发 从20150105 到 20250710 的数据...
  获取到 23 条数据
正在获取开发科技 从20150105 到 20250710 的数据...
  获取到 70 条数据
正在获取广信科技 从20150105 到 20250710 的数据...
  获取到 11 条数据
正在获取万源通 从20150105 到 20250710 的数据...
  获取到 156 条数据
正在获取科拜尔 从20150105 到 20250710 的数据...
  获取到 169 条数据
正在获取天工股份 从20150105 到 20250710 的数据...
  获取到 42 条数据
正在获取方正阀门 从20150105 到 20250710 的数据...
  获取到 129 条数据
正在获取科力股份 从20150105 到 20250710 的数据...
  获取到 171 条数据
正在获取科隆新材 从20150105 到 20250710 的数据...
  获取到 144 条数据
正在获取瑞华技术 从20150105 到 20250710 的数据...
  获取到 190 条数据
正在获取林泰新材 从20150105 到 20250710 的数据...
  获取到 135 条数据
正在获取宏海科技 从20150105 到 20250710 的数据...
  获取到 106 条数据
正在获取聚星科技 从20150105 到 20250710 的数据...
  获取到 162 条数据
正在获取星图测控 从20150105 到 20250710 的数据...
  获取到 125 条数据
正在获取太湖远大 从20150105 到 20250710 的数据...
  获取到 212 条数据
正在获取胜业电气 从20150105 到 20250710 的数据...
HTTPConnectionPool(host='api.waditu.com', port=80): Max retries exceeded with url: /dataapi/daily (Caused by NameResolutionError("<urllib3.connection.HTTPConnection object at 0x7f33b4bb8a60>: Failed to resolve 'api.waditu.com' ([Errno -2] Name or service not known)"))
  获取到 148 条数据
正在获取同享科技 从20150105 到 20250710 的数据...
  获取到 1215 条数据
正在获取龙竹科技 从20150105 到 20250710 的数据...
  获取到 2086 条数据
正在获取佳先股份 从20150105 到 20250710 的数据...
  获取到 2185 条数据
正在获取球冠电缆 从20150105 到 20250710 的数据...
HTTPConnectionPool(host='api.waditu.com', port=80): Max retries exceeded with url: /dataapi/adj_factor (Caused by NameResolutionError("<urllib3.connection.HTTPConnection object at 0x7f33b4bb91b0>: Failed to resolve 'api.waditu.com' ([Errno -2] Name or service not known)"))
  获取到 1628 条数据
正在获取艾融软件 从20150105 到 20250710 的数据...
  获取到 1710 条数据
正在获取颖泰生物 从20150105 到 20250710 的数据...
  获取到 1953 条数据
正在获取九号公司-WD 从20150105 到 20250710 的数据...
  获取到 1140 条数据
/data/data_liy/quant/raw
Traceback (most recent call last):
  File "/home/liyuan/proj_liy/quant_data/main.py", line 6, in <module>
    from utils.handler_kline import HandlerTushareBar
  File "/home/liyuan/proj_liy/quant_data/utils/handler_kline.py", line 15, in <module>
    raise RuntimeError("环境变量 TS_TOKEN 未设置，请先在系统中导出 TS_TOKEN 再运行程序")
RuntimeError: 环境变量 TS_TOKEN 未设置，请先在系统中导出 TS_TOKEN 再运行程序
Traceback (most recent call last):
  File "main.py", line 2, in <module>
    import tushare as ts
ModuleNotFoundError: No module named 'tushare'
/data/data_liy/quant/raw
共找到 2589 个交易日，开始获取数据...
数据将保存到目录: /data/data_liy/quant/raw/stock_daily
正在获取1/5426 平安银行(000001.SZ) [20150105 , 20250827 )的数据...
  获取到 2588 条数据，保存到 /data/data_liy/quant/raw/stock_daily/000001.SZ.csv
正在获取2/5426 万科A(000002.SZ) [20150105 , 20250827 )的数据...
  获取到 2453 条数据，保存到 /data/data_liy/quant/raw/stock_daily/000002.SZ.csv
正在获取3/5426 *ST国华(000004.SZ) [20150105 , 20250827 )的数据...
  获取到 2386 条数据，保存到 /data/data_liy/quant/raw/stock_daily/000004.SZ.csv
正在获取4/5426 深振业A(000006.SZ) [20150105 , 20250827 )的数据...
  获取到 2471 条数据，保存到 /data/data_liy/quant/raw/stock_daily/000006.SZ.csv
正在获取5/5426 全新好(000007.SZ) [20150105 , 20250827 )的数据...
  获取到 2091 条数据，保存到 /data/data_liy/quant/raw/stock_daily/000007.SZ.csv
正在获取6/5426 神州高铁(000008.SZ) [20150105 , 20250827 )的数据...
  获取到 2432 条数据，保存到 /data/data_liy/quant/raw/stock_daily/000008.SZ.csv
正在获取7/5426 中国宝安(000009.SZ) [20150105 , 20250827 )的数据...
  获取到 2556 条数据，保存到 /data/data_liy/quant/raw/stock_daily/000009.SZ.csv
正在获取8/5426 美丽生态(000010.SZ) [20150105 , 20250827 )的数据...
  获取到 2487 条数据，保存到 /data/data_liy/quant/raw/stock_daily/000010.SZ.csv
正在获取9/5426 深物业A(000011.SZ) [20150105 , 20250827 )的数据...
  获取到 2588 条数据，保存到 /data/data_liy/quant/raw/stock_daily/000011.SZ.csv
正在获取10/5426 南玻A(000012.SZ) [20150105 , 20250827 )的数据...
  获取到 2564 条数据，保存到 /data/data_liy/quant/raw/stock_daily/000012.SZ.csv
正在获取11/5426 沙河股份(000014.SZ) [20150105 , 20250827 )的数据...
  获取到 2588 条数据，保存到 /data/data_liy/quant/raw/stock_daily/000014.SZ.csv
正在获取12/5426 深康佳A(000016.SZ) [20150105 , 20250827 )的数据...
  获取到 2484 条数据，保存到 /data/data_liy/quant/raw/stock_daily/000016.SZ.csv
正在获取13/5426 深中华A(000017.SZ) [20150105 , 20250827 )的数据...
  获取到 2554 条数据，保存到 /data/data_liy/quant/raw/stock_daily/000017.SZ.csv
正在获取14/5426 深粮控股(000019.SZ) [20150105 , 20250827 )的数据...
  获取到 2431 条数据，保存到 /data/data_liy/quant/raw/stock_daily/000019.SZ.csv
正在获取15/5426 深华发A(000020.SZ) [20150105 , 20250827 )的数据...
  获取到 2441 条数据，保存到 /data/data_liy/quant/raw/stock_daily/000020.SZ.csv
正在获取16/5426 深科技(000021.SZ) [20150105 , 20250827 )的数据...
  获取到 2568 条数据，保存到 /data/data_liy/quant/raw/stock_daily/000021.SZ.csv
正在获取17/5426 特力A(000025.SZ) [20150105 , 20250827 )的数据...
  获取到 2572 条数据，保存到 /data/data_liy/quant/raw/stock_daily/000025.SZ.csv
正在获取18/5426 飞亚达(000026.SZ) [20150105 , 20250827 )的数据...
  获取到 2581 条数据，保存到 /data/data_liy/quant/raw/stock_daily/000026.SZ.csv
正在获取19/5426 深圳能源(000027.SZ) [20150105 , 20250827 )的数据...
  获取到 2588 条数据，保存到 /data/data_liy/quant/raw/stock_daily/000027.SZ.csv
正在获取20/5426 国药一致(000028.SZ) [20150105 , 20250827 )的数据...
  获取到 2477 条数据，保存到 /data/data_liy/quant/raw/stock_daily/000028.SZ.csv
正在获取21/5426 深深房A(000029.SZ) [20150105 , 20250827 )的数据...
  获取到 1582 条数据，保存到 /data/data_liy/quant/raw/stock_daily/000029.SZ.csv
正在获取22/5426 富奥股份(000030.SZ) [20150105 , 20250827 )的数据...
  获取到 2581 条数据，保存到 /data/data_liy/quant/raw/stock_daily/000030.SZ.csv
正在获取23/5426 大悦城(000031.SZ) [20150105 , 20250827 )的数据...
  获取到 2400 条数据，保存到 /data/data_liy/quant/raw/stock_daily/000031.SZ.csv
正在获取24/5426 深桑达A(000032.SZ) [20150105 , 20250827 )的数据...
  获取到 2434 条数据，保存到 /data/data_liy/quant/raw/stock_daily/000032.SZ.csv
正在获取25/5426 神州数码(000034.SZ) [20150105 , 20250827 )的数据...
  获取到 2153 条数据，保存到 /data/data_liy/quant/raw/stock_daily/000034.SZ.csv
正在获取26/5426 中国天楹(000035.SZ) [20150105 , 20250827 )的数据...
  获取到 2258 条数据，保存到 /data/data_liy/quant/raw/stock_daily/000035.SZ.csv
正在获取27/5426 华联控股(000036.SZ) [20150105 , 20250827 )的数据...
  获取到 2581 条数据，保存到 /data/data_liy/quant/raw/stock_daily/000036.SZ.csv
正在获取28/5426 深南电A(000037.SZ) [20150105 , 20250827 )的数据...
  获取到 2468 条数据，保存到 /data/data_liy/quant/raw/stock_daily/000037.SZ.csv
正在获取29/5426 中集集团(000039.SZ) [20150105 , 20250827 )的数据...
  获取到 2582 条数据，保存到 /data/data_liy/quant/raw/stock_daily/000039.SZ.csv
正在获取30/5426 中洲控股(000042.SZ) [20150105 , 20250827 )的数据...
  获取到 2445 条数据，保存到 /data/data_liy/quant/raw/stock_daily/000042.SZ.csv
正在获取31/5426 深纺织A(000045.SZ) [20150105 , 20250827 )的数据...
  获取到 2485 条数据，保存到 /data/data_liy/quant/raw/stock_daily/000045.SZ.csv
正在获取32/5426 京基智农(000048.SZ) [20150105 , 20250827 )的数据...
  获取到 2411 条数据，保存到 /data/data_liy/quant/raw/stock_daily/000048.SZ.csv
正在获取33/5426 德赛电池(000049.SZ) [20150105 , 20250827 )的数据...
  获取到 2581 条数据，保存到 /data/data_liy/quant/raw/stock_daily/000049.SZ.csv
正在获取34/5426 深天马A(000050.SZ) [20150105 , 20250827 )的数据...
  获取到 2444 条数据，保存到 /data/data_liy/quant/raw/stock_daily/000050.SZ.csv
正在获取35/5426 方大集团(000055.SZ) [20150105 , 20250827 )的数据...
  获取到 2582 条数据，保存到 /data/data_liy/quant/raw/stock_daily/000055.SZ.csv
正在获取36/5426 皇庭国际(000056.SZ) [20150105 , 20250827 )的数据...
  获取到 2475 条数据，保存到 /data/data_liy/quant/raw/stock_daily/000056.SZ.csv
正在获取37/5426 深赛格(000058.SZ) [20150105 , 20250827 )的数据...
  获取到 2502 条数据，保存到 /data/data_liy/quant/raw/stock_daily/000058.SZ.csv
正在获取38/5426 华锦股份(000059.SZ) [20150105 , 20250827 )的数据...
  获取到 2586 条数据，保存到 /data/data_liy/quant/raw/stock_daily/000059.SZ.csv
正在获取39/5426 中金岭南(000060.SZ) [20150105 , 20250827 )的数据...
  获取到 2582 条数据，保存到 /data/data_liy/quant/raw/stock_daily/000060.SZ.csv
正在获取40/5426 农产品(000061.SZ) [20150105 , 20250827 )的数据...
  获取到 2513 条数据，保存到 /data/data_liy/quant/raw/stock_daily/000061.SZ.csv
正在获取41/5426 深圳华强(000062.SZ) [20150105 , 20250827 )的数据...
  获取到 2504 条数据，保存到 /data/data_liy/quant/raw/stock_daily/000062.SZ.csv
正在获取42/5426 中兴通讯(000063.SZ) [20150105 , 20250827 )的数据...
  获取到 2514 条数据，保存到 /data/data_liy/quant/raw/stock_daily/000063.SZ.csv
正在获取43/5426 北方国际(000065.SZ) [20150105 , 20250827 )的数据...
  获取到 2479 条数据，保存到 /data/data_liy/quant/raw/stock_daily/000065.SZ.csv
正在获取44/5426 中国长城(000066.SZ) [20150105 , 20250827 )的数据...
  获取到 2391 条数据，保存到 /data/data_liy/quant/raw/stock_daily/000066.SZ.csv
正在获取45/5426 华控赛格(000068.SZ) [20150105 , 20250827 )的数据...
  获取到 2475 条数据，保存到 /data/data_liy/quant/raw/stock_daily/000068.SZ.csv
正在获取46/5426 华侨城A(000069.SZ) [20150105 , 20250827 )的数据...
  获取到 2544 条数据，保存到 /data/data_liy/quant/raw/stock_daily/000069.SZ.csv
正在获取47/5426 特发信息(000070.SZ) [20150105 , 20250827 )的数据...
HTTPConnectionPool(host='api.waditu.com', port=80): Max retries exceeded with url: /dataapi/daily (Caused by NameResolutionError("<urllib3.connection.HTTPConnection object at 0x7f6a04ed4580>: Failed to resolve 'api.waditu.com' ([Errno -2] Name or service not known)"))
  获取到 2509 条数据，保存到 /data/data_liy/quant/raw/stock_daily/000070.SZ.csv
正在获取48/5426 海王生物(000078.SZ) [20150105 , 20250827 )的数据...
  获取到 2575 条数据，保存到 /data/data_liy/quant/raw/stock_daily/000078.SZ.csv
正在获取49/5426 盐田港(000088.SZ) [20150105 , 20250827 )的数据...
  获取到 2572 条数据，保存到 /data/data_liy/quant/raw/stock_daily/000088.SZ.csv
正在获取50/5426 深圳机场(000089.SZ) [20150105 , 20250827 )的数据...
  获取到 2586 条数据，保存到 /data/data_liy/quant/raw/stock_daily/000089.SZ.csv
正在获取51/5426 天健集团(000090.SZ) [20150105 , 20250827 )的数据...
  获取到 2576 条数据，保存到 /data/data_liy/quant/raw/stock_daily/000090.SZ.csv
正在获取52/5426 广聚能源(000096.SZ) [20150105 , 20250827 )的数据...
  获取到 2588 条数据，保存到 /data/data_liy/quant/raw/stock_daily/000096.SZ.csv
正在获取53/5426 中信海直(000099.SZ) [20150105 , 20250827 )的数据...
  获取到 2465 条数据，保存到 /data/data_liy/quant/raw/stock_daily/000099.SZ.csv
正在获取54/5426 TCL科技(000100.SZ) [20150105 , 20250827 )的数据...
  获取到 2422 条数据，保存到 /data/data_liy/quant/raw/stock_daily/000100.SZ.csv
正在获取55/5426 中成股份(000151.SZ) [20150105 , 20250827 )的数据...
  获取到 2578 条数据，保存到 /data/data_liy/quant/raw/stock_daily/000151.SZ.csv
正在获取56/5426 丰原药业(000153.SZ) [20150105 , 20250827 )的数据...
  获取到 2311 条数据，保存到 /data/data_liy/quant/raw/stock_daily/000153.SZ.csv
正在获取57/5426 川能动力(000155.SZ) [20150105 , 20250827 )的数据...
  获取到 2148 条数据，保存到 /data/data_liy/quant/raw/stock_daily/000155.SZ.csv
正在获取58/5426 华数传媒(000156.SZ) [20150105 , 20250827 )的数据...
  获取到 2459 条数据，保存到 /data/data_liy/quant/raw/stock_daily/000156.SZ.csv
正在获取59/5426 中联重科(000157.SZ) [20150105 , 20250827 )的数据...
  获取到 2587 条数据，保存到 /data/data_liy/quant/raw/stock_daily/000157.SZ.csv
正在获取60/5426 常山北明(000158.SZ) [20150105 , 20250827 )的数据...
  获取到 2568 条数据，保存到 /data/data_liy/quant/raw/stock_daily/000158.SZ.csv
正在获取61/5426 国际实业(000159.SZ) [20150105 , 20250827 )的数据...
  获取到 2476 条数据，保存到 /data/data_liy/quant/raw/stock_daily/000159.SZ.csv
正在获取62/5426 申万宏源(000166.SZ) [20150105 , 20250827 )的数据...
  获取到 2543 条数据，保存到 /data/data_liy/quant/raw/stock_daily/000166.SZ.csv
正在获取63/5426 东方盛虹(000301.SZ) [20150105 , 20250827 )的数据...
  获取到 2412 条数据，保存到 /data/data_liy/quant/raw/stock_daily/000301.SZ.csv
正在获取64/5426 美的集团(000333.SZ) [20150105 , 20250827 )的数据...
  获取到 2535 条数据，保存到 /data/data_liy/quant/raw/stock_daily/000333.SZ.csv
正在获取65/5426 潍柴动力(000338.SZ) [20150105 , 20250827 )的数据...
  获取到 2586 条数据，保存到 /data/data_liy/quant/raw/stock_daily/000338.SZ.csv
正在获取66/5426 许继电气(000400.SZ) [20150105 , 20250827 )的数据...
  获取到 2588 条数据，保存到 /data/data_liy/quant/raw/stock_daily/000400.SZ.csv
正在获取67/5426 冀东水泥(000401.SZ) [20150105 , 20250827 )的数据...
  获取到 2448 条数据，保存到 /data/data_liy/quant/raw/stock_daily/000401.SZ.csv
正在获取68/5426 金融街(000402.SZ) [20150105 , 20250827 )的数据...
  获取到 2588 条数据，保存到 /data/data_liy/quant/raw/stock_daily/000402.SZ.csv
正在获取69/5426 派林生物(000403.SZ) [20150105 , 20250827 )的数据...
  获取到 2306 条数据，保存到 /data/data_liy/quant/raw/stock_daily/000403.SZ.csv
正在获取70/5426 长虹华意(000404.SZ) [20150105 , 20250827 )的数据...
  获取到 2579 条数据，保存到 /data/data_liy/quant/raw/stock_daily/000404.SZ.csv
正在获取71/5426 胜利股份(000407.SZ) [20150105 , 20250827 )的数据...
  获取到 2470 条数据，保存到 /data/data_liy/quant/raw/stock_daily/000407.SZ.csv
正在获取72/5426 藏格矿业(000408.SZ) [20150105 , 20250827 )的数据...
  获取到 2526 条数据，保存到 /data/data_liy/quant/raw/stock_daily/000408.SZ.csv
正在获取73/5426 云鼎科技(000409.SZ) [20150105 , 20250827 )的数据...
  获取到 2395 条数据，保存到 /data/data_liy/quant/raw/stock_daily/000409.SZ.csv
正在获取74/5426 沈阳机床(000410.SZ) [20150105 , 20250827 )的数据...
  获取到 2523 条数据，保存到 /data/data_liy/quant/raw/stock_daily/000410.SZ.csv
正在获取75/5426 英特集团(000411.SZ) [20150105 , 20250827 )的数据...
  获取到 2461 条数据，保存到 /data/data_liy/quant/raw/stock_daily/000411.SZ.csv
正在获取76/5426 渤海租赁(000415.SZ) [20150105 , 20250827 )的数据...
  获取到 2211 条数据，保存到 /data/data_liy/quant/raw/stock_daily/000415.SZ.csv
正在获取77/5426 合百集团(000417.SZ) [20150105 , 20250827 )的数据...
  获取到 2584 条数据，保存到 /data/data_liy/quant/raw/stock_daily/000417.SZ.csv
正在获取78/5426 通程控股(000419.SZ) [20150105 , 20250827 )的数据...
  获取到 2588 条数据，保存到 /data/data_liy/quant/raw/stock_daily/000419.SZ.csv
正在获取79/5426 吉林化纤(000420.SZ) [20150105 , 20250827 )的数据...
  获取到 2558 条数据，保存到 /data/data_liy/quant/raw/stock_daily/000420.SZ.csv
正在获取80/5426 南京公用(000421.SZ) [20150105 , 20250827 )的数据...
  获取到 2568 条数据，保存到 /data/data_liy/quant/raw/stock_daily/000421.SZ.csv
正在获取81/5426 湖北宜化(000422.SZ) [20150105 , 20250827 )的数据...
  获取到 2546 条数据，保存到 /data/data_liy/quant/raw/stock_daily/000422.SZ.csv
正在获取82/5426 东阿阿胶(000423.SZ) [20150105 , 20250827 )的数据...
  获取到 2588 条数据，保存到 /data/data_liy/quant/raw/stock_daily/000423.SZ.csv
正在获取83/5426 徐工机械(000425.SZ) [20150105 , 20250827 )的数据...
  获取到 2548 条数据，保存到 /data/data_liy/quant/raw/stock_daily/000425.SZ.csv
正在获取84/5426 兴业银锡(000426.SZ) [20150105 , 20250827 )的数据...
  获取到 2326 条数据，保存到 /data/data_liy/quant/raw/stock_daily/000426.SZ.csv
正在获取85/5426 华天酒店(000428.SZ) [20150105 , 20250827 )的数据...
  获取到 2588 条数据，保存到 /data/data_liy/quant/raw/stock_daily/000428.SZ.csv
正在获取86/5426 粤高速A(000429.SZ) [20150105 , 20250827 )的数据...
  获取到 2510 条数据，保存到 /data/data_liy/quant/raw/stock_daily/000429.SZ.csv
正在获取87/5426 ST张家界(000430.SZ) [20150105 , 20250827 )的数据...
  获取到 2561 条数据，保存到 /data/data_liy/quant/raw/stock_daily/000430.SZ.csv
正在获取88/5426 ST晨鸣(000488.SZ) [20150105 , 20250827 )的数据...
  获取到 2581 条数据，保存到 /data/data_liy/quant/raw/stock_daily/000488.SZ.csv
正在获取89/5426 山东路桥(000498.SZ) [20150105 , 20250827 )的数据...
  获取到 2542 条数据，保存到 /data/data_liy/quant/raw/stock_daily/000498.SZ.csv
正在获取90/5426 武商集团(000501.SZ) [20150105 , 20250827 )的数据...
  获取到 2579 条数据，保存到 /data/data_liy/quant/raw/stock_daily/000501.SZ.csv
正在获取91/5426 国新健康(000503.SZ) [20150105 , 20250827 )的数据...
  获取到 2358 条数据，保存到 /data/data_liy/quant/raw/stock_daily/000503.SZ.csv
正在获取92/5426 *ST生物(000504.SZ) [20150105 , 20250827 )的数据...
  获取到 2358 条数据，保存到 /data/data_liy/quant/raw/stock_daily/000504.SZ.csv
正在获取93/5426 京粮控股(000505.SZ) [20150105 , 20250827 )的数据...
  获取到 2455 条数据，保存到 /data/data_liy/quant/raw/stock_daily/000505.SZ.csv
正在获取94/5426 招金黄金(000506.SZ) [20150105 , 20250827 )的数据...
  获取到 2281 条数据，保存到 /data/data_liy/quant/raw/stock_daily/000506.SZ.csv
正在获取95/5426 珠海港(000507.SZ) [20150105 , 20250827 )的数据...
  获取到 2576 条数据，保存到 /data/data_liy/quant/raw/stock_daily/000507.SZ.csv
正在获取96/5426 华塑控股(000509.SZ) [20150105 , 20250827 )的数据...
  获取到 2294 条数据，保存到 /data/data_liy/quant/raw/stock_daily/000509.SZ.csv
正在获取97/5426 新金路(000510.SZ) [20150105 , 20250827 )的数据...
  获取到 2450 条数据，保存到 /data/data_liy/quant/raw/stock_daily/000510.SZ.csv
正在获取98/5426 丽珠集团(000513.SZ) [20150105 , 20250827 )的数据...
  获取到 2526 条数据，保存到 /data/data_liy/quant/raw/stock_daily/000513.SZ.csv
正在获取99/5426 渝开发(000514.SZ) [20150105 , 20250827 )的数据...
  获取到 2526 条数据，保存到 /data/data_liy/quant/raw/stock_daily/000514.SZ.csv
正在获取100/5426 国际医学(000516.SZ) [20150105 , 20250827 )的数据...
  获取到 2411 条数据，保存到 /data/data_liy/quant/raw/stock_daily/000516.SZ.csv
正在获取101/5426 荣安地产(000517.SZ) [20150105 , 20250827 )的数据...
  获取到 2556 条数据，保存到 /data/data_liy/quant/raw/stock_daily/000517.SZ.csv
正在获取102/5426 *ST四环(000518.SZ) [20150105 , 20250827 )的数据...
  获取到 2486 条数据，保存到 /data/data_liy/quant/raw/stock_daily/000518.SZ.csv
正在获取103/5426 中兵红箭(000519.SZ) [20150105 , 20250827 )的数据...
  获取到 2449 条数据，保存到 /data/data_liy/quant/raw/stock_daily/000519.SZ.csv
正在获取104/5426 凤凰航运(000520.SZ) [20150105 , 20250827 )的数据...
  获取到 2345 条数据，保存到 /data/data_liy/quant/raw/stock_daily/000520.SZ.csv
正在获取105/5426 长虹美菱(000521.SZ) [20150105 , 20250827 )的数据...
  获取到 2568 条数据，保存到 /data/data_liy/quant/raw/stock_daily/000521.SZ.csv
正在获取106/5426 红棉股份(000523.SZ) [20150105 , 20250827 )的数据...
  获取到 2524 条数据，保存到 /data/data_liy/quant/raw/stock_daily/000523.SZ.csv
正在获取107/5426 岭南控股(000524.SZ) [20150105 , 20250827 )的数据...
  获取到 2477 条数据，保存到 /data/data_liy/quant/raw/stock_daily/000524.SZ.csv
正在获取108/5426 红太阳(000525.SZ) [20150105 , 20250827 )的数据...
  获取到 2555 条数据，保存到 /data/data_liy/quant/raw/stock_daily/000525.SZ.csv
正在获取109/5426 学大教育(000526.SZ) [20150105 , 20250827 )的数据...
  获取到 2202 条数据，保存到 /data/data_liy/quant/raw/stock_daily/000526.SZ.csv
正在获取110/5426 柳工(000528.SZ) [20150105 , 20250827 )的数据...
  获取到 2567 条数据，保存到 /data/data_liy/quant/raw/stock_daily/000528.SZ.csv
正在获取111/5426 广弘控股(000529.SZ) [20150105 , 20250827 )的数据...
  获取到 2500 条数据，保存到 /data/data_liy/quant/raw/stock_daily/000529.SZ.csv
正在获取112/5426 冰山冷热(000530.SZ) [20150105 , 20250827 )的数据...
  获取到 2577 条数据，保存到 /data/data_liy/quant/raw/stock_daily/000530.SZ.csv
正在获取113/5426 穗恒运A(000531.SZ) [20150105 , 20250827 )的数据...
  获取到 2490 条数据，保存到 /data/data_liy/quant/raw/stock_daily/000531.SZ.csv
正在获取114/5426 华金资本(000532.SZ) [20150105 , 20250827 )的数据...
  获取到 2586 条数据，保存到 /data/data_liy/quant/raw/stock_daily/000532.SZ.csv
正在获取115/5426 顺钠股份(000533.SZ) [20150105 , 20250827 )的数据...
  获取到 2485 条数据，保存到 /data/data_liy/quant/raw/stock_daily/000533.SZ.csv
正在获取116/5426 万泽股份(000534.SZ) [20150105 , 20250827 )的数据...
  获取到 2217 条数据，保存到 /data/data_liy/quant/raw/stock_daily/000534.SZ.csv
正在获取117/5426 华映科技(000536.SZ) [20150105 , 20250827 )的数据...
  获取到 2544 条数据，保存到 /data/data_liy/quant/raw/stock_daily/000536.SZ.csv
正在获取118/5426 中绿电(000537.SZ) [20150105 , 20250827 )的数据...
  获取到 2510 条数据，保存到 /data/data_liy/quant/raw/stock_daily/000537.SZ.csv
正在获取119/5426 云南白药(000538.SZ) [20150105 , 20250827 )的数据...
  获取到 2424 条数据，保存到 /data/data_liy/quant/raw/stock_daily/000538.SZ.csv
正在获取120/5426 粤电力A(000539.SZ) [20150105 , 20250827 )的数据...
  获取到 2558 条数据，保存到 /data/data_liy/quant/raw/stock_daily/000539.SZ.csv
正在获取121/5426 佛山照明(000541.SZ) [20150105 , 20250827 )的数据...
  获取到 2575 条数据，保存到 /data/data_liy/quant/raw/stock_daily/000541.SZ.csv
正在获取122/5426 皖能电力(000543.SZ) [20150105 , 20250827 )的数据...
  获取到 2557 条数据，保存到 /data/data_liy/quant/raw/stock_daily/000543.SZ.csv
正在获取123/5426 中原环保(000544.SZ) [20150105 , 20250827 )的数据...
  获取到 2550 条数据，保存到 /data/data_liy/quant/raw/stock_daily/000544.SZ.csv
正在获取124/5426 金浦钛业(000545.SZ) [20150105 , 20250827 )的数据...
  获取到 2381 条数据，保存到 /data/data_liy/quant/raw/stock_daily/000545.SZ.csv
正在获取125/5426 金圆股份(000546.SZ) [20150105 , 20250827 )的数据...
  获取到 2550 条数据，保存到 /data/data_liy/quant/raw/stock_daily/000546.SZ.csv
正在获取126/5426 航天发展(000547.SZ) [20150105 , 20250827 )的数据...
  获取到 2302 条数据，保存到 /data/data_liy/quant/raw/stock_daily/000547.SZ.csv
正在获取127/5426 湖南投资(000548.SZ) [20150105 , 20250827 )的数据...
  获取到 2588 条数据，保存到 /data/data_liy/quant/raw/stock_daily/000548.SZ.csv
正在获取128/5426 江铃汽车(000550.SZ) [20150105 , 20250827 )的数据...
  获取到 2588 条数据，保存到 /data/data_liy/quant/raw/stock_daily/000550.SZ.csv
正在获取129/5426 创元科技(000551.SZ) [20150105 , 20250827 )的数据...
  获取到 2565 条数据，保存到 /data/data_liy/quant/raw/stock_daily/000551.SZ.csv
正在获取130/5426 甘肃能化(000552.SZ) [20150105 , 20250827 )的数据...
  获取到 2572 条数据，保存到 /data/data_liy/quant/raw/stock_daily/000552.SZ.csv
正在获取131/5426 安道麦A(000553.SZ) [20150105 , 20250827 )的数据...
  获取到 2295 条数据，保存到 /data/data_liy/quant/raw/stock_daily/000553.SZ.csv
正在获取132/5426 泰山石油(000554.SZ) [20150105 , 20250827 )的数据...
  获取到 2588 条数据，保存到 /data/data_liy/quant/raw/stock_daily/000554.SZ.csv
正在获取133/5426 神州信息(000555.SZ) [20150105 , 20250827 )的数据...
  获取到 2382 条数据，保存到 /data/data_liy/quant/raw/stock_daily/000555.SZ.csv
正在获取134/5426 西部创业(000557.SZ) [20150105 , 20250827 )的数据...
  获取到 2437 条数据，保存到 /data/data_liy/quant/raw/stock_daily/000557.SZ.csv
正在获取135/5426 天府文旅(000558.SZ) [20150105 , 20250827 )的数据...
  获取到 2422 条数据，保存到 /data/data_liy/quant/raw/stock_daily/000558.SZ.csv
正在获取136/5426 万向钱潮(000559.SZ) [20150105 , 20250827 )的数据...
  获取到 2573 条数据，保存到 /data/data_liy/quant/raw/stock_daily/000559.SZ.csv
正在获取137/5426 我爱我家(000560.SZ) [20150105 , 20250827 )的数据...
  获取到 2438 条数据，保存到 /data/data_liy/quant/raw/stock_daily/000560.SZ.csv
正在获取138/5426 烽火电子(000561.SZ) [20150105 , 20250827 )的数据...
  获取到 2578 条数据，保存到 /data/data_liy/quant/raw/stock_daily/000561.SZ.csv
正在获取139/5426 陕国投A(000563.SZ) [20150105 , 20250827 )的数据...
  获取到 2507 条数据，保存到 /data/data_liy/quant/raw/stock_daily/000563.SZ.csv
正在获取140/5426 供销大集(000564.SZ) [20150105 , 20250827 )的数据...
  获取到 2270 条数据，保存到 /data/data_liy/quant/raw/stock_daily/000564.SZ.csv
正在获取141/5426 渝三峡A(000565.SZ) [20150105 , 20250827 )的数据...
  获取到 2458 条数据，保存到 /data/data_liy/quant/raw/stock_daily/000565.SZ.csv
正在获取142/5426 海南海药(000566.SZ) [20150105 , 20250827 )的数据...
  获取到 2333 条数据，保存到 /data/data_liy/quant/raw/stock_daily/000566.SZ.csv
正在获取143/5426 海德股份(000567.SZ) [20150105 , 20250827 )的数据...
  获取到 2539 条数据，保存到 /data/data_liy/quant/raw/stock_daily/000567.SZ.csv
正在获取144/5426 泸州老窖(000568.SZ) [20150105 , 20250827 )的数据...
  获取到 2570 条数据，保存到 /data/data_liy/quant/raw/stock_daily/000568.SZ.csv
正在获取145/5426 苏常柴A(000570.SZ) [20150105 , 20250827 )的数据...
  获取到 2588 条数据，保存到 /data/data_liy/quant/raw/stock_daily/000570.SZ.csv
正在获取146/5426 新大洲A(000571.SZ) [20150105 , 20250827 )的数据...
  获取到 2341 条数据，保存到 /data/data_liy/quant/raw/stock_daily/000571.SZ.csv
正在获取147/5426 海马汽车(000572.SZ) [20150105 , 20250827 )的数据...
  获取到 2585 条数据，保存到 /data/data_liy/quant/raw/stock_daily/000572.SZ.csv
正在获取148/5426 粤宏远A(000573.SZ) [20150105 , 20250827 )的数据...
  获取到 2588 条数据，保存到 /data/data_liy/quant/raw/stock_daily/000573.SZ.csv
正在获取149/5426 甘化科工(000576.SZ) [20150105 , 20250827 )的数据...
  获取到 2499 条数据，保存到 /data/data_liy/quant/raw/stock_daily/000576.SZ.csv
正在获取150/5426 威孚高科(000581.SZ) [20150105 , 20250827 )的数据...
  获取到 2584 条数据，保存到 /data/data_liy/quant/raw/stock_daily/000581.SZ.csv
正在获取151/5426 北部湾港(000582.SZ) [20150105 , 20250827 )的数据...
  获取到 2443 条数据，保存到 /data/data_liy/quant/raw/stock_daily/000582.SZ.csv
正在获取152/5426 汇源通信(000586.SZ) [20150105 , 20250827 )的数据...
  获取到 2357 条数据，保存到 /data/data_liy/quant/raw/stock_daily/000586.SZ.csv
正在获取153/5426 贵州轮胎(000589.SZ) [20150105 , 20250827 )的数据...
  获取到 2584 条数据，保存到 /data/data_liy/quant/raw/stock_daily/000589.SZ.csv
正在获取154/5426 启迪药业(000590.SZ) [20150105 , 20250827 )的数据...
  获取到 2498 条数据，保存到 /data/data_liy/quant/raw/stock_daily/000590.SZ.csv
正在获取155/5426 太阳能(000591.SZ) [20150105 , 20250827 )的数据...
  获取到 2513 条数据，保存到 /data/data_liy/quant/raw/stock_daily/000591.SZ.csv
正在获取156/5426 平潭发展(000592.SZ) [20150105 , 20250827 )的数据...
  获取到 2459 条数据，保存到 /data/data_liy/quant/raw/stock_daily/000592.SZ.csv
正在获取157/5426 德龙汇能(000593.SZ) [20150105 , 20250827 )的数据...
  获取到 2472 条数据，保存到 /data/data_liy/quant/raw/stock_daily/000593.SZ.csv
正在获取158/5426 *ST宝实(000595.SZ) [20150105 , 20250827 )的数据...
  获取到 2436 条数据，保存到 /data/data_liy/quant/raw/stock_daily/000595.SZ.csv
正在获取159/5426 古井贡酒(000596.SZ) [20150105 , 20250827 )的数据...
  获取到 2588 条数据，保存到 /data/data_liy/quant/raw/stock_daily/000596.SZ.csv
正在获取160/5426 东北制药(000597.SZ) [20150105 , 20250827 )的数据...
  获取到 2558 条数据，保存到 /data/data_liy/quant/raw/stock_daily/000597.SZ.csv
正在获取161/5426 兴蓉环境(000598.SZ) [20150105 , 20250827 )的数据...
  获取到 2588 条数据，保存到 /data/data_liy/quant/raw/stock_daily/000598.SZ.csv
正在获取162/5426 青岛双星(000599.SZ) [20150105 , 20250827 )的数据...
  获取到 2561 条数据，保存到 /data/data_liy/quant/raw/stock_daily/000599.SZ.csv
正在获取163/5426 建投能源(000600.SZ) [20150105 , 20250827 )的数据...
  获取到 2567 条数据，保存到 /data/data_liy/quant/raw/stock_daily/000600.SZ.csv
正在获取164/5426 韶能股份(000601.SZ) [20150105 , 20250827 )的数据...
  获取到 2515 条数据，保存到 /data/data_liy/quant/raw/stock_daily/000601.SZ.csv
正在获取165/5426 盛达资源(000603.SZ) [20150105 , 20250827 )的数据...
  获取到 2452 条数据，保存到 /data/data_liy/quant/raw/stock_daily/000603.SZ.csv
正在获取166/5426 渤海股份(000605.SZ) [20150105 , 20250827 )的数据...
  获取到 2516 条数据，保存到 /data/data_liy/quant/raw/stock_daily/000605.SZ.csv
正在获取167/5426 华媒控股(000607.SZ) [20150105 , 20250827 )的数据...
  获取到 2515 条数据，保存到 /data/data_liy/quant/raw/stock_daily/000607.SZ.csv
正在获取168/5426 *ST阳光(000608.SZ) [20150105 , 20250827 )的数据...
  获取到 2384 条数据，保存到 /data/data_liy/quant/raw/stock_daily/000608.SZ.csv
正在获取169/5426 ST中迪(000609.SZ) [20150105 , 20250827 )的数据...
  获取到 2519 条数据，保存到 /data/data_liy/quant/raw/stock_daily/000609.SZ.csv
正在获取170/5426 西安旅游(000610.SZ) [20150105 , 20250827 )的数据...
  获取到 2467 条数据，保存到 /data/data_liy/quant/raw/stock_daily/000610.SZ.csv
正在获取171/5426 焦作万方(000612.SZ) [20150105 , 20250827 )的数据...
  获取到 2430 条数据，保存到 /data/data_liy/quant/raw/stock_daily/000612.SZ.csv
正在获取172/5426 *ST美谷(000615.SZ) [20150105 , 20250827 )的数据...
  获取到 2446 条数据，保存到 /data/data_liy/quant/raw/stock_daily/000615.SZ.csv
正在获取173/5426 中油资本(000617.SZ) [20150105 , 20250827 )的数据...
  获取到 2479 条数据，保存到 /data/data_liy/quant/raw/stock_daily/000617.SZ.csv
正在获取174/5426 海螺新材(000619.SZ) [20150105 , 20250827 )的数据...
  获取到 2548 条数据，保存到 /data/data_liy/quant/raw/stock_daily/000619.SZ.csv
正在获取175/5426 盈新发展(000620.SZ) [20150105 , 20250827 )的数据...
  获取到 2565 条数据，保存到 /data/data_liy/quant/raw/stock_daily/000620.SZ.csv
正在获取176/5426 吉林敖东(000623.SZ) [20150105 , 20250827 )的数据...
  获取到 2587 条数据，保存到 /data/data_liy/quant/raw/stock_daily/000623.SZ.csv
正在获取177/5426 长安汽车(000625.SZ) [20150105 , 20250827 )的数据...
  获取到 2536 条数据，保存到 /data/data_liy/quant/raw/stock_daily/000625.SZ.csv
正在获取178/5426 远大控股(000626.SZ) [20150105 , 20250827 )的数据...
  获取到 2424 条数据，保存到 /data/data_liy/quant/raw/stock_daily/000626.SZ.csv
正在获取179/5426 *ST天茂(000627.SZ) [20150105 , 20250827 )的数据...
  获取到 2496 条数据，保存到 /data/data_liy/quant/raw/stock_daily/000627.SZ.csv
正在获取180/5426 高新发展(000628.SZ) [20150105 , 20250827 )的数据...
  获取到 2545 条数据，保存到 /data/data_liy/quant/raw/stock_daily/000628.SZ.csv
正在获取181/5426 钒钛股份(000629.SZ) [20150105 , 20250827 )的数据...
  获取到 2167 条数据，保存到 /data/data_liy/quant/raw/stock_daily/000629.SZ.csv
正在获取182/5426 铜陵有色(000630.SZ) [20150105 , 20250827 )的数据...
  获取到 2424 条数据，保存到 /data/data_liy/quant/raw/stock_daily/000630.SZ.csv
正在获取183/5426 顺发恒业(000631.SZ) [20150105 , 20250827 )的数据...
  获取到 2588 条数据，保存到 /data/data_liy/quant/raw/stock_daily/000631.SZ.csv
正在获取184/5426 三木集团(000632.SZ) [20150105 , 20250827 )的数据...
  获取到 2586 条数据，保存到 /data/data_liy/quant/raw/stock_daily/000632.SZ.csv
正在获取185/5426 合金投资(000633.SZ) [20150105 , 20250827 )的数据...
  获取到 2232 条数据，保存到 /data/data_liy/quant/raw/stock_daily/000633.SZ.csv
正在获取186/5426 英力特(000635.SZ) [20150105 , 20250827 )的数据...
  获取到 2513 条数据，保存到 /data/data_liy/quant/raw/stock_daily/000635.SZ.csv
正在获取187/5426 风华高科(000636.SZ) [20150105 , 20250827 )的数据...
  获取到 2443 条数据，保存到 /data/data_liy/quant/raw/stock_daily/000636.SZ.csv
正在获取188/5426 茂化实华(000637.SZ) [20150105 , 20250827 )的数据...
  获取到 2586 条数据，保存到 /data/data_liy/quant/raw/stock_daily/000637.SZ.csv
正在获取189/5426 *ST万方(000638.SZ) [20150105 , 20250827 )的数据...
  获取到 2297 条数据，保存到 /data/data_liy/quant/raw/stock_daily/000638.SZ.csv
正在获取190/5426 西王食品(000639.SZ) [20150105 , 20250827 )的数据...
  获取到 2500 条数据，保存到 /data/data_liy/quant/raw/stock_daily/000639.SZ.csv
正在获取191/5426 仁和药业(000650.SZ) [20150105 , 20250827 )的数据...
  获取到 2525 条数据，保存到 /data/data_liy/quant/raw/stock_daily/000650.SZ.csv
正在获取192/5426 格力电器(000651.SZ) [20150105 , 20250827 )的数据...
  获取到 2431 条数据，保存到 /data/data_liy/quant/raw/stock_daily/000651.SZ.csv
正在获取193/5426 泰达股份(000652.SZ) [20150105 , 20250827 )的数据...
  获取到 2586 条数据，保存到 /data/data_liy/quant/raw/stock_daily/000652.SZ.csv
正在获取194/5426 金岭矿业(000655.SZ) [20150105 , 20250827 )的数据...
  获取到 2513 条数据，保存到 /data/data_liy/quant/raw/stock_daily/000655.SZ.csv
正在获取195/5426 *ST金科(000656.SZ) [20150105 , 20250827 )的数据...
  获取到 2511 条数据，保存到 /data/data_liy/quant/raw/stock_daily/000656.SZ.csv
正在获取196/5426 中钨高新(000657.SZ) [20150105 , 20250827 )的数据...
  获取到 2438 条数据，保存到 /data/data_liy/quant/raw/stock_daily/000657.SZ.csv
正在获取197/5426 珠海中富(000659.SZ) [20150105 , 20250827 )的数据...
  获取到 2457 条数据，保存到 /data/data_liy/quant/raw/stock_daily/000659.SZ.csv
正在获取198/5426 长春高新(000661.SZ) [20150105 , 20250827 )的数据...
  获取到 2573 条数据，保存到 /data/data_liy/quant/raw/stock_daily/000661.SZ.csv
正在获取199/5426 永安林业(000663.SZ) [20150105 , 20250827 )的数据...
  获取到 2476 条数据，保存到 /data/data_liy/quant/raw/stock_daily/000663.SZ.csv
正在获取200/5426 湖北广电(000665.SZ) [20150105 , 20250827 )的数据...
  获取到 2492 条数据，保存到 /data/data_liy/quant/raw/stock_daily/000665.SZ.csv
正在获取201/5426 *ST荣控(000668.SZ) [20150105 , 20250827 )的数据...
  获取到 2464 条数据，保存到 /data/data_liy/quant/raw/stock_daily/000668.SZ.csv
正在获取202/5426 ST金鸿(000669.SZ) [20150105 , 20250827 )的数据...
  获取到 2415 条数据，保存到 /data/data_liy/quant/raw/stock_daily/000669.SZ.csv
正在获取203/5426 盈方微(000670.SZ) [20150105 , 20250827 )的数据...
  获取到 1851 条数据，保存到 /data/data_liy/quant/raw/stock_daily/000670.SZ.csv
正在获取204/5426 上峰水泥(000672.SZ) [20150105 , 20250827 )的数据...
  获取到 2483 条数据，保存到 /data/data_liy/quant/raw/stock_daily/000672.SZ.csv
正在获取205/5426 智度股份(000676.SZ) [20150105 , 20250827 )的数据...
  获取到 2325 条数据，保存到 /data/data_liy/quant/raw/stock_daily/000676.SZ.csv
正在获取206/5426 恒天海龙(000677.SZ) [20150105 , 20250827 )的数据...
  获取到 2301 条数据，保存到 /data/data_liy/quant/raw/stock_daily/000677.SZ.csv
正在获取207/5426 襄阳轴承(000678.SZ) [20150105 , 20250827 )的数据...
  获取到 2546 条数据，保存到 /data/data_liy/quant/raw/stock_daily/000678.SZ.csv
正在获取208/5426 大连友谊(000679.SZ) [20150105 , 20250827 )的数据...
  获取到 2448 条数据，保存到 /data/data_liy/quant/raw/stock_daily/000679.SZ.csv
正在获取209/5426 山推股份(000680.SZ) [20150105 , 20250827 )的数据...
  获取到 2588 条数据，保存到 /data/data_liy/quant/raw/stock_daily/000680.SZ.csv
正在获取210/5426 视觉中国(000681.SZ) [20150105 , 20250827 )的数据...
  获取到 2574 条数据，保存到 /data/data_liy/quant/raw/stock_daily/000681.SZ.csv
正在获取211/5426 东方电子(000682.SZ) [20150105 , 20250827 )的数据...
  获取到 2378 条数据，保存到 /data/data_liy/quant/raw/stock_daily/000682.SZ.csv
正在获取212/5426 博源化工(000683.SZ) [20150105 , 20250827 )的数据...
  获取到 2543 条数据，保存到 /data/data_liy/quant/raw/stock_daily/000683.SZ.csv
正在获取213/5426 中山公用(000685.SZ) [20150105 , 20250827 )的数据...
  获取到 2583 条数据，保存到 /data/data_liy/quant/raw/stock_daily/000685.SZ.csv
正在获取214/5426 东北证券(000686.SZ) [20150105 , 20250827 )的数据...
  获取到 2581 条数据，保存到 /data/data_liy/quant/raw/stock_daily/000686.SZ.csv
正在获取215/5426 国城矿业(000688.SZ) [20150105 , 20250827 )的数据...
  获取到 2337 条数据，保存到 /data/data_liy/quant/raw/stock_daily/000688.SZ.csv
正在获取216/5426 宝新能源(000690.SZ) [20150105 , 20250827 )的数据...
  获取到 2539 条数据，保存到 /data/data_liy/quant/raw/stock_daily/000690.SZ.csv
正在获取217/5426 *ST亚太(000691.SZ) [20150105 , 20250827 )的数据...
  获取到 2509 条数据，保存到 /data/data_liy/quant/raw/stock_daily/000691.SZ.csv
正在获取218/5426 惠天热电(000692.SZ) [20150105 , 20250827 )的数据...
  获取到 2519 条数据，保存到 /data/data_liy/quant/raw/stock_daily/000692.SZ.csv
正在获取219/5426 滨海能源(000695.SZ) [20150105 , 20250827 )的数据...
  获取到 2491 条数据，保存到 /data/data_liy/quant/raw/stock_daily/000695.SZ.csv
正在获取220/5426 ST炼石(000697.SZ) [20150105 , 20250827 )的数据...
  获取到 2393 条数据，保存到 /data/data_liy/quant/raw/stock_daily/000697.SZ.csv
正在获取221/5426 沈阳化工(000698.SZ) [20150105 , 20250827 )的数据...
  获取到 2583 条数据，保存到 /data/data_liy/quant/raw/stock_daily/000698.SZ.csv
正在获取222/5426 模塑科技(000700.SZ) [20150105 , 20250827 )的数据...
  获取到 2481 条数据，保存到 /data/data_liy/quant/raw/stock_daily/000700.SZ.csv
正在获取223/5426 厦门信达(000701.SZ) [20150105 , 20250827 )的数据...
  获取到 2569 条数据，保存到 /data/data_liy/quant/raw/stock_daily/000701.SZ.csv
正在获取224/5426 正虹科技(000702.SZ) [20150105 , 20250827 )的数据...
  获取到 2583 条数据，保存到 /data/data_liy/quant/raw/stock_daily/000702.SZ.csv
正在获取225/5426 恒逸石化(000703.SZ) [20150105 , 20250827 )的数据...
  获取到 2519 条数据，保存到 /data/data_liy/quant/raw/stock_daily/000703.SZ.csv
正在获取226/5426 浙江震元(000705.SZ) [20150105 , 20250827 )的数据...
  获取到 2588 条数据，保存到 /data/data_liy/quant/raw/stock_daily/000705.SZ.csv
正在获取227/5426 双环科技(000707.SZ) [20150105 , 20250827 )的数据...
  获取到 2469 条数据，保存到 /data/data_liy/quant/raw/stock_daily/000707.SZ.csv
正在获取228/5426 中信特钢(000708.SZ) [20150105 , 20250827 )的数据...
  获取到 2476 条数据，保存到 /data/data_liy/quant/raw/stock_daily/000708.SZ.csv
正在获取229/5426 河钢股份(000709.SZ) [20150105 , 20250827 )的数据...
  获取到 2549 条数据，保存到 /data/data_liy/quant/raw/stock_daily/000709.SZ.csv
正在获取230/5426 贝瑞基因(000710.SZ) [20150105 , 20250827 )的数据...
  获取到 2441 条数据，保存到 /data/data_liy/quant/raw/stock_daily/000710.SZ.csv
正在获取231/5426 *ST京蓝(000711.SZ) [20150105 , 20250827 )的数据...
  获取到 2173 条数据，保存到 /data/data_liy/quant/raw/stock_daily/000711.SZ.csv
正在获取232/5426 锦龙股份(000712.SZ) [20150105 , 20250827 )的数据...
  获取到 2490 条数据，保存到 /data/data_liy/quant/raw/stock_daily/000712.SZ.csv
正在获取233/5426 国投丰乐(000713.SZ) [20150105 , 20250827 )的数据...
  获取到 2547 条数据，保存到 /data/data_liy/quant/raw/stock_daily/000713.SZ.csv
正在获取234/5426 中兴商业(000715.SZ) [20150105 , 20250827 )的数据...
  获取到 2456 条数据，保存到 /data/data_liy/quant/raw/stock_daily/000715.SZ.csv
正在获取235/5426 黑芝麻(000716.SZ) [20150105 , 20250827 )的数据...
  获取到 2343 条数据，保存到 /data/data_liy/quant/raw/stock_daily/000716.SZ.csv
正在获取236/5426 中南股份(000717.SZ) [20150105 , 20250827 )的数据...
  获取到 2501 条数据，保存到 /data/data_liy/quant/raw/stock_daily/000717.SZ.csv
正在获取237/5426 苏宁环球(000718.SZ) [20150105 , 20250827 )的数据...
  获取到 2439 条数据，保存到 /data/data_liy/quant/raw/stock_daily/000718.SZ.csv
正在获取238/5426 中原传媒(000719.SZ) [20150105 , 20250827 )的数据...
  获取到 2439 条数据，保存到 /data/data_liy/quant/raw/stock_daily/000719.SZ.csv
正在获取239/5426 新能泰山(000720.SZ) [20150105 , 20250827 )的数据...
  获取到 2337 条数据，保存到 /data/data_liy/quant/raw/stock_daily/000720.SZ.csv
正在获取240/5426 西安饮食(000721.SZ) [20150105 , 20250827 )的数据...
  获取到 2508 条数据，保存到 /data/data_liy/quant/raw/stock_daily/000721.SZ.csv
正在获取241/5426 湖南发展(000722.SZ) [20150105 , 20250827 )的数据...
  获取到 2578 条数据，保存到 /data/data_liy/quant/raw/stock_daily/000722.SZ.csv
正在获取242/5426 美锦能源(000723.SZ) [20150105 , 20250827 )的数据...
  获取到 2427 条数据，保存到 /data/data_liy/quant/raw/stock_daily/000723.SZ.csv
正在获取243/5426 京东方A(000725.SZ) [20150105 , 20250827 )的数据...
  获取到 2584 条数据，保存到 /data/data_liy/quant/raw/stock_daily/000725.SZ.csv
正在获取244/5426 鲁泰A(000726.SZ) [20150105 , 20250827 )的数据...
  获取到 2586 条数据，保存到 /data/data_liy/quant/raw/stock_daily/000726.SZ.csv
正在获取245/5426 冠捷科技(000727.SZ) [20150105 , 20250827 )的数据...
  获取到 2518 条数据，保存到 /data/data_liy/quant/raw/stock_daily/000727.SZ.csv
正在获取246/5426 国元证券(000728.SZ) [20150105 , 20250827 )的数据...
  获取到 2558 条数据，保存到 /data/data_liy/quant/raw/stock_daily/000728.SZ.csv
正在获取247/5426 燕京啤酒(000729.SZ) [20150105 , 20250827 )的数据...
  获取到 2588 条数据，保存到 /data/data_liy/quant/raw/stock_daily/000729.SZ.csv
正在获取248/5426 四川美丰(000731.SZ) [20150105 , 20250827 )的数据...
  获取到 2588 条数据，保存到 /data/data_liy/quant/raw/stock_daily/000731.SZ.csv
正在获取249/5426 振华科技(000733.SZ) [20150105 , 20250827 )的数据...
  获取到 2560 条数据，保存到 /data/data_liy/quant/raw/stock_daily/000733.SZ.csv
正在获取250/5426 罗牛山(000735.SZ) [20150105 , 20250827 )的数据...
  获取到 2580 条数据，保存到 /data/data_liy/quant/raw/stock_daily/000735.SZ.csv
正在获取251/5426 *ST中地(000736.SZ) [20150105 , 20250827 )的数据...
  获取到 2502 条数据，保存到 /data/data_liy/quant/raw/stock_daily/000736.SZ.csv
正在获取252/5426 北方铜业(000737.SZ) [20150105 , 20250827 )的数据...
  获取到 2527 条数据，保存到 /data/data_liy/quant/raw/stock_daily/000737.SZ.csv
正在获取253/5426 航发控制(000738.SZ) [20150105 , 20250827 )的数据...
  获取到 2584 条数据，保存到 /data/data_liy/quant/raw/stock_daily/000738.SZ.csv
正在获取254/5426 普洛药业(000739.SZ) [20150105 , 20250827 )的数据...
  获取到 2574 条数据，保存到 /data/data_liy/quant/raw/stock_daily/000739.SZ.csv
正在获取255/5426 国海证券(000750.SZ) [20150105 , 20250827 )的数据...
  获取到 2550 条数据，保存到 /data/data_liy/quant/raw/stock_daily/000750.SZ.csv
正在获取256/5426 锌业股份(000751.SZ) [20150105 , 20250827 )的数据...
  获取到 2566 条数据，保存到 /data/data_liy/quant/raw/stock_daily/000751.SZ.csv
正在获取257/5426 ST西发(000752.SZ) [20150105 , 20250827 )的数据...
  获取到 2522 条数据，保存到 /data/data_liy/quant/raw/stock_daily/000752.SZ.csv
正在获取258/5426 漳州发展(000753.SZ) [20150105 , 20250827 )的数据...
  获取到 2560 条数据，保存到 /data/data_liy/quant/raw/stock_daily/000753.SZ.csv
正在获取259/5426 山西高速(000755.SZ) [20150105 , 20250827 )的数据...
  获取到 2254 条数据，保存到 /data/data_liy/quant/raw/stock_daily/000755.SZ.csv
正在获取260/5426 新华制药(000756.SZ) [20150105 , 20250827 )的数据...
  获取到 2526 条数据，保存到 /data/data_liy/quant/raw/stock_daily/000756.SZ.csv
正在获取261/5426 浩物股份(000757.SZ) [20150105 , 20250827 )的数据...
  获取到 2316 条数据，保存到 /data/data_liy/quant/raw/stock_daily/000757.SZ.csv
正在获取262/5426 中色股份(000758.SZ) [20150105 , 20250827 )的数据...
  获取到 2578 条数据，保存到 /data/data_liy/quant/raw/stock_daily/000758.SZ.csv
正在获取263/5426 中百集团(000759.SZ) [20150105 , 20250827 )的数据...
  获取到 2588 条数据，保存到 /data/data_liy/quant/raw/stock_daily/000759.SZ.csv
正在获取264/5426 本钢板材(000761.SZ) [20150105 , 20250827 )的数据...
  获取到 2561 条数据，保存到 /data/data_liy/quant/raw/stock_daily/000761.SZ.csv
正在获取265/5426 西藏矿业(000762.SZ) [20150105 , 20250827 )的数据...
  获取到 2588 条数据，保存到 /data/data_liy/quant/raw/stock_daily/000762.SZ.csv
正在获取266/5426 通化金马(000766.SZ) [20150105 , 20250827 )的数据...
  获取到 2177 条数据，保存到 /data/data_liy/quant/raw/stock_daily/000766.SZ.csv
正在获取267/5426 晋控电力(000767.SZ) [20150105 , 20250827 )的数据...
  获取到 2586 条数据，保存到 /data/data_liy/quant/raw/stock_daily/000767.SZ.csv
正在获取268/5426 中航西飞(000768.SZ) [20150105 , 20250827 )的数据...
  获取到 2583 条数据，保存到 /data/data_liy/quant/raw/stock_daily/000768.SZ.csv
正在获取269/5426 广发证券(000776.SZ) [20150105 , 20250827 )的数据...
  获取到 2588 条数据，保存到 /data/data_liy/quant/raw/stock_daily/000776.SZ.csv
正在获取270/5426 中核科技(000777.SZ) [20150105 , 20250827 )的数据...
  获取到 2573 条数据，保存到 /data/data_liy/quant/raw/stock_daily/000777.SZ.csv
正在获取271/5426 新兴铸管(000778.SZ) [20150105 , 20250827 )的数据...
  获取到 2525 条数据，保存到 /data/data_liy/quant/raw/stock_daily/000778.SZ.csv
正在获取272/5426 甘咨询(000779.SZ) [20150105 , 20250827 )的数据...
  获取到 2399 条数据，保存到 /data/data_liy/quant/raw/stock_daily/000779.SZ.csv
正在获取273/5426 恒申新材(000782.SZ) [20150105 , 20250827 )的数据...
  获取到 2487 条数据，保存到 /data/data_liy/quant/raw/stock_daily/000782.SZ.csv
正在获取274/5426 长江证券(000783.SZ) [20150105 , 20250827 )的数据...
  获取到 2575 条数据，保存到 /data/data_liy/quant/raw/stock_daily/000783.SZ.csv
正在获取275/5426 居然智家(000785.SZ) [20150105 , 20250827 )的数据...
  获取到 2577 条数据，保存到 /data/data_liy/quant/raw/stock_daily/000785.SZ.csv
正在获取276/5426 北新建材(000786.SZ) [20150105 , 20250827 )的数据...
  获取到 2449 条数据，保存到 /data/data_liy/quant/raw/stock_daily/000786.SZ.csv
正在获取277/5426 北大医药(000788.SZ) [20150105 , 20250827 )的数据...
  获取到 2548 条数据，保存到 /data/data_liy/quant/raw/stock_daily/000788.SZ.csv
正在获取278/5426 万年青(000789.SZ) [20150105 , 20250827 )的数据...
  获取到 2588 条数据，保存到 /data/data_liy/quant/raw/stock_daily/000789.SZ.csv
正在获取279/5426 华神科技(000790.SZ) [20150105 , 20250827 )的数据...
  获取到 2490 条数据，保存到 /data/data_liy/quant/raw/stock_daily/000790.SZ.csv
正在获取280/5426 甘肃能源(000791.SZ) [20150105 , 20250827 )的数据...
  获取到 2579 条数据，保存到 /data/data_liy/quant/raw/stock_daily/000791.SZ.csv
正在获取281/5426 盐湖股份(000792.SZ) [20150105 , 20250827 )的数据...
  获取到 2264 条数据，保存到 /data/data_liy/quant/raw/stock_daily/000792.SZ.csv
正在获取282/5426 ST华闻(000793.SZ) [20150105 , 20250827 )的数据...
  获取到 2396 条数据，保存到 /data/data_liy/quant/raw/stock_daily/000793.SZ.csv
正在获取283/5426 英洛华(000795.SZ) [20150105 , 20250827 )的数据...
  获取到 2505 条数据，保存到 /data/data_liy/quant/raw/stock_daily/000795.SZ.csv
正在获取284/5426 凯撒旅业(000796.SZ) [20150105 , 20250827 )的数据...
  获取到 2258 条数据，保存到 /data/data_liy/quant/raw/stock_daily/000796.SZ.csv
正在获取285/5426 中国武夷(000797.SZ) [20150105 , 20250827 )的数据...
  获取到 2566 条数据，保存到 /data/data_liy/quant/raw/stock_daily/000797.SZ.csv
正在获取286/5426 中水渔业(000798.SZ) [20150105 , 20250827 )的数据...
  获取到 2584 条数据，保存到 /data/data_liy/quant/raw/stock_daily/000798.SZ.csv
正在获取287/5426 酒鬼酒(000799.SZ) [20150105 , 20250827 )的数据...
  获取到 2495 条数据，保存到 /data/data_liy/quant/raw/stock_daily/000799.SZ.csv
正在获取288/5426 一汽解放(000800.SZ) [20150105 , 20250827 )的数据...
  获取到 2574 条数据，保存到 /data/data_liy/quant/raw/stock_daily/000800.SZ.csv
正在获取289/5426 四川九洲(000801.SZ) [20150105 , 20250827 )的数据...
  获取到 2574 条数据，保存到 /data/data_liy/quant/raw/stock_daily/000801.SZ.csv
正在获取290/5426 北京文化(000802.SZ) [20150105 , 20250827 )的数据...
  获取到 2520 条数据，保存到 /data/data_liy/quant/raw/stock_daily/000802.SZ.csv
正在获取291/5426 山高环能(000803.SZ) [20150105 , 20250827 )的数据...
  获取到 2294 条数据，保存到 /data/data_liy/quant/raw/stock_daily/000803.SZ.csv
正在获取292/5426 云铝股份(000807.SZ) [20150105 , 20250827 )的数据...
  获取到 2555 条数据，保存到 /data/data_liy/quant/raw/stock_daily/000807.SZ.csv
正在获取293/5426 和展能源(000809.SZ) [20150105 , 20250827 )的数据...
  获取到 2578 条数据，保存到 /data/data_liy/quant/raw/stock_daily/000809.SZ.csv
正在获取294/5426 创维数字(000810.SZ) [20150105 , 20250827 )的数据...
  获取到 2498 条数据，保存到 /data/data_liy/quant/raw/stock_daily/000810.SZ.csv
正在获取295/5426 冰轮环境(000811.SZ) [20150105 , 20250827 )的数据...
  获取到 2581 条数据，保存到 /data/data_liy/quant/raw/stock_daily/000811.SZ.csv
正在获取296/5426 陕西金叶(000812.SZ) [20150105 , 20250827 )的数据...
  获取到 2281 条数据，保存到 /data/data_liy/quant/raw/stock_daily/000812.SZ.csv
正在获取297/5426 德展健康(000813.SZ) [20150105 , 20250827 )的数据...
  获取到 2398 条数据，保存到 /data/data_liy/quant/raw/stock_daily/000813.SZ.csv
正在获取298/5426 美利云(000815.SZ) [20150105 , 20250827 )的数据...
  获取到 2576 条数据，保存到 /data/data_liy/quant/raw/stock_daily/000815.SZ.csv
正在获取299/5426 智慧农业(000816.SZ) [20150105 , 20250827 )的数据...
  获取到 2575 条数据，保存到 /data/data_liy/quant/raw/stock_daily/000816.SZ.csv
正在获取300/5426 航锦科技(000818.SZ) [20150105 , 20250827 )的数据...
  获取到 2359 条数据，保存到 /data/data_liy/quant/raw/stock_daily/000818.SZ.csv
正在获取301/5426 岳阳兴长(000819.SZ) [20150105 , 20250827 )的数据...
  获取到 2586 条数据，保存到 /data/data_liy/quant/raw/stock_daily/000819.SZ.csv
正在获取302/5426 *ST节能(000820.SZ) [20150105 , 20250827 )的数据...
  获取到 2308 条数据，保存到 /data/data_liy/quant/raw/stock_daily/000820.SZ.csv
正在获取303/5426 京山轻机(000821.SZ) [20150105 , 20250827 )的数据...
  获取到 2439 条数据，保存到 /data/data_liy/quant/raw/stock_daily/000821.SZ.csv
正在获取304/5426 山东海化(000822.SZ) [20150105 , 20250827 )的数据...
  获取到 2587 条数据，保存到 /data/data_liy/quant/raw/stock_daily/000822.SZ.csv
正在获取305/5426 超声电子(000823.SZ) [20150105 , 20250827 )的数据...
  获取到 2588 条数据，保存到 /data/data_liy/quant/raw/stock_daily/000823.SZ.csv
正在获取306/5426 太钢不锈(000825.SZ) [20150105 , 20250827 )的数据...
  获取到 2480 条数据，保存到 /data/data_liy/quant/raw/stock_daily/000825.SZ.csv
正在获取307/5426 启迪环境(000826.SZ) [20150105 , 20250827 )的数据...
  获取到 2525 条数据，保存到 /data/data_liy/quant/raw/stock_daily/000826.SZ.csv
正在获取308/5426 东莞控股(000828.SZ) [20150105 , 20250827 )的数据...
  获取到 2544 条数据，保存到 /data/data_liy/quant/raw/stock_daily/000828.SZ.csv
正在获取309/5426 天音控股(000829.SZ) [20150105 , 20250827 )的数据...
  获取到 2349 条数据，保存到 /data/data_liy/quant/raw/stock_daily/000829.SZ.csv
正在获取310/5426 鲁西化工(000830.SZ) [20150105 , 20250827 )的数据...
  获取到 2578 条数据，保存到 /data/data_liy/quant/raw/stock_daily/000830.SZ.csv
正在获取311/5426 中国稀土(000831.SZ) [20150105 , 20250827 )的数据...
  获取到 2583 条数据，保存到 /data/data_liy/quant/raw/stock_daily/000831.SZ.csv
正在获取312/5426 粤桂股份(000833.SZ) [20150105 , 20250827 )的数据...
  获取到 2512 条数据，保存到 /data/data_liy/quant/raw/stock_daily/000833.SZ.csv
正在获取313/5426 秦川机床(000837.SZ) [20150105 , 20250827 )的数据...
  获取到 2582 条数据，保存到 /data/data_liy/quant/raw/stock_daily/000837.SZ.csv
正在获取314/5426 财信发展(000838.SZ) [20150105 , 20250827 )的数据...
  获取到 2479 条数据，保存到 /data/data_liy/quant/raw/stock_daily/000838.SZ.csv
正在获取315/5426 国安股份(000839.SZ) [20150105 , 20250827 )的数据...
  获取到 2463 条数据，保存到 /data/data_liy/quant/raw/stock_daily/000839.SZ.csv
正在获取316/5426 承德露露(000848.SZ) [20150105 , 20250827 )的数据...
  获取到 2588 条数据，保存到 /data/data_liy/quant/raw/stock_daily/000848.SZ.csv
正在获取317/5426 华茂股份(000850.SZ) [20150105 , 20250827 )的数据...
  获取到 2447 条数据，保存到 /data/data_liy/quant/raw/stock_daily/000850.SZ.csv
正在获取318/5426 *ST高鸿(000851.SZ) [20150105 , 20250827 )的数据...
  获取到 2483 条数据，保存到 /data/data_liy/quant/raw/stock_daily/000851.SZ.csv
正在获取319/5426 石化机械(000852.SZ) [20150105 , 20250827 )的数据...
  获取到 2583 条数据，保存到 /data/data_liy/quant/raw/stock_daily/000852.SZ.csv
正在获取320/5426 冀东装备(000856.SZ) [20150105 , 20250827 )的数据...
  获取到 2571 条数据，保存到 /data/data_liy/quant/raw/stock_daily/000856.SZ.csv
正在获取321/5426 五粮液(000858.SZ) [20150105 , 20250827 )的数据...
  获取到 2528 条数据，保存到 /data/data_liy/quant/raw/stock_daily/000858.SZ.csv
正在获取322/5426 国风新材(000859.SZ) [20150105 , 20250827 )的数据...
  获取到 2567 条数据，保存到 /data/data_liy/quant/raw/stock_daily/000859.SZ.csv
正在获取323/5426 顺鑫农业(000860.SZ) [20150105 , 20250827 )的数据...
  获取到 2555 条数据，保存到 /data/data_liy/quant/raw/stock_daily/000860.SZ.csv
正在获取324/5426 银星能源(000862.SZ) [20150105 , 20250827 )的数据...
  获取到 2367 条数据，保存到 /data/data_liy/quant/raw/stock_daily/000862.SZ.csv
正在获取325/5426 三湘印象(000863.SZ) [20150105 , 20250827 )的数据...
  获取到 2468 条数据，保存到 /data/data_liy/quant/raw/stock_daily/000863.SZ.csv
正在获取326/5426 安凯客车(000868.SZ) [20150105 , 20250827 )的数据...
  获取到 2574 条数据，保存到 /data/data_liy/quant/raw/stock_daily/000868.SZ.csv
正在获取327/5426 张裕A(000869.SZ) [20150105 , 20250827 )的数据...
  获取到 2588 条数据，保存到 /data/data_liy/quant/raw/stock_daily/000869.SZ.csv
正在获取328/5426 吉电股份(000875.SZ) [20150105 , 20250827 )的数据...
  获取到 2553 条数据，保存到 /data/data_liy/quant/raw/stock_daily/000875.SZ.csv
正在获取329/5426 新希望(000876.SZ) [20150105 , 20250827 )的数据...
  获取到 2453 条数据，保存到 /data/data_liy/quant/raw/stock_daily/000876.SZ.csv
正在获取330/5426 天山股份(000877.SZ) [20150105 , 20250827 )的数据...
  获取到 2556 条数据，保存到 /data/data_liy/quant/raw/stock_daily/000877.SZ.csv
正在获取331/5426 云南铜业(000878.SZ) [20150105 , 20250827 )的数据...
  获取到 2497 条数据，保存到 /data/data_liy/quant/raw/stock_daily/000878.SZ.csv
正在获取332/5426 潍柴重机(000880.SZ) [20150105 , 20250827 )的数据...
  获取到 2578 条数据，保存到 /data/data_liy/quant/raw/stock_daily/000880.SZ.csv
正在获取333/5426 中广核技(000881.SZ) [20150105 , 20250827 )的数据...
  获取到 2414 条数据，保存到 /data/data_liy/quant/raw/stock_daily/000881.SZ.csv
正在获取334/5426 华联股份(000882.SZ) [20150105 , 20250827 )的数据...
  获取到 2479 条数据，保存到 /data/data_liy/quant/raw/stock_daily/000882.SZ.csv
正在获取335/5426 湖北能源(000883.SZ) [20150105 , 20250827 )的数据...
  获取到 2505 条数据，保存到 /data/data_liy/quant/raw/stock_daily/000883.SZ.csv
正在获取336/5426 城发环境(000885.SZ) [20150105 , 20250827 )的数据...
  获取到 2514 条数据，保存到 /data/data_liy/quant/raw/stock_daily/000885.SZ.csv
正在获取337/5426 海南高速(000886.SZ) [20150105 , 20250827 )的数据...
  获取到 2588 条数据，保存到 /data/data_liy/quant/raw/stock_daily/000886.SZ.csv
正在获取338/5426 中鼎股份(000887.SZ) [20150105 , 20250827 )的数据...
  获取到 2376 条数据，保存到 /data/data_liy/quant/raw/stock_daily/000887.SZ.csv
正在获取339/5426 峨眉山A(000888.SZ) [20150105 , 20250827 )的数据...
  获取到 2588 条数据，保存到 /data/data_liy/quant/raw/stock_daily/000888.SZ.csv
正在获取340/5426 中嘉博创(000889.SZ) [20150105 , 20250827 )的数据...
  获取到 2318 条数据，保存到 /data/data_liy/quant/raw/stock_daily/000889.SZ.csv
正在获取341/5426 法尔胜(000890.SZ) [20150105 , 20250827 )的数据...
  获取到 2413 条数据，保存到 /data/data_liy/quant/raw/stock_daily/000890.SZ.csv
正在获取342/5426 欢瑞世纪(000892.SZ) [20150105 , 20250827 )的数据...
  获取到 2446 条数据，保存到 /data/data_liy/quant/raw/stock_daily/000892.SZ.csv
正在获取343/5426 亚钾国际(000893.SZ) [20150105 , 20250827 )的数据...
  获取到 2402 条数据，保存到 /data/data_liy/quant/raw/stock_daily/000893.SZ.csv
正在获取344/5426 双汇发展(000895.SZ) [20150105 , 20250827 )的数据...
  获取到 2573 条数据，保存到 /data/data_liy/quant/raw/stock_daily/000895.SZ.csv
正在获取345/5426 津滨发展(000897.SZ) [20150105 , 20250827 )的数据...
  获取到 2574 条数据，保存到 /data/data_liy/quant/raw/stock_daily/000897.SZ.csv
正在获取346/5426 鞍钢股份(000898.SZ) [20150105 , 20250827 )的数据...
  获取到 2587 条数据，保存到 /data/data_liy/quant/raw/stock_daily/000898.SZ.csv
正在获取347/5426 赣能股份(000899.SZ) [20150105 , 20250827 )的数据...
  获取到 2523 条数据，保存到 /data/data_liy/quant/raw/stock_daily/000899.SZ.csv
正在获取348/5426 现代投资(000900.SZ) [20150105 , 20250827 )的数据...
  获取到 2445 条数据，保存到 /data/data_liy/quant/raw/stock_daily/000900.SZ.csv
正在获取349/5426 航天科技(000901.SZ) [20150105 , 20250827 )的数据...
  获取到 2455 条数据，保存到 /data/data_liy/quant/raw/stock_daily/000901.SZ.csv
正在获取350/5426 新洋丰(000902.SZ) [20150105 , 20250827 )的数据...
  获取到 2561 条数据，保存到 /data/data_liy/quant/raw/stock_daily/000902.SZ.csv
正在获取351/5426 ST云动(000903.SZ) [20150105 , 20250827 )的数据...
  获取到 2465 条数据，保存到 /data/data_liy/quant/raw/stock_daily/000903.SZ.csv
正在获取352/5426 厦门港务(000905.SZ) [20150105 , 20250827 )的数据...
  获取到 2554 条数据，保存到 /data/data_liy/quant/raw/stock_daily/000905.SZ.csv
正在获取353/5426 浙商中拓(000906.SZ) [20150105 , 20250827 )的数据...
  获取到 2543 条数据，保存到 /data/data_liy/quant/raw/stock_daily/000906.SZ.csv
正在获取354/5426 ST景峰(000908.SZ) [20150105 , 20250827 )的数据...
  获取到 2576 条数据，保存到 /data/data_liy/quant/raw/stock_daily/000908.SZ.csv
正在获取355/5426 ST数源(000909.SZ) [20150105 , 20250827 )的数据...
  获取到 2561 条数据，保存到 /data/data_liy/quant/raw/stock_daily/000909.SZ.csv
正在获取356/5426 大亚圣象(000910.SZ) [20150105 , 20250827 )的数据...
  获取到 2572 条数据，保存到 /data/data_liy/quant/raw/stock_daily/000910.SZ.csv
正在获取357/5426 广农糖业(000911.SZ) [20150105 , 20250827 )的数据...
  获取到 2559 条数据，保存到 /data/data_liy/quant/raw/stock_daily/000911.SZ.csv
正在获取358/5426 泸天化(000912.SZ) [20150105 , 20250827 )的数据...
  获取到 2225 条数据，保存到 /data/data_liy/quant/raw/stock_daily/000912.SZ.csv
正在获取359/5426 钱江摩托(000913.SZ) [20150105 , 20250827 )的数据...
  获取到 2557 条数据，保存到 /data/data_liy/quant/raw/stock_daily/000913.SZ.csv
正在获取360/5426 华特达因(000915.SZ) [20150105 , 20250827 )的数据...
  获取到 2588 条数据，保存到 /data/data_liy/quant/raw/stock_daily/000915.SZ.csv
正在获取361/5426 电广传媒(000917.SZ) [20150105 , 20250827 )的数据...
  获取到 2430 条数据，保存到 /data/data_liy/quant/raw/stock_daily/000917.SZ.csv
正在获取362/5426 金陵药业(000919.SZ) [20150105 , 20250827 )的数据...
  获取到 2588 条数据，保存到 /data/data_liy/quant/raw/stock_daily/000919.SZ.csv
正在获取363/5426 沃顿科技(000920.SZ) [20150105 , 20250827 )的数据...
  获取到 2487 条数据，保存到 /data/data_liy/quant/raw/stock_daily/000920.SZ.csv
正在获取364/5426 海信家电(000921.SZ) [20150105 , 20250827 )的数据...
  获取到 2588 条数据，保存到 /data/data_liy/quant/raw/stock_daily/000921.SZ.csv
正在获取365/5426 佳电股份(000922.SZ) [20150105 , 20250827 )的数据...
  获取到 2576 条数据，保存到 /data/data_liy/quant/raw/stock_daily/000922.SZ.csv
正在获取366/5426 河钢资源(000923.SZ) [20150105 , 20250827 )的数据...
  获取到 2441 条数据，保存到 /data/data_liy/quant/raw/stock_daily/000923.SZ.csv
正在获取367/5426 众合科技(000925.SZ) [20150105 , 20250827 )的数据...
  获取到 2442 条数据，保存到 /data/data_liy/quant/raw/stock_daily/000925.SZ.csv
正在获取368/5426 福星股份(000926.SZ) [20150105 , 20250827 )的数据...
  获取到 2553 条数据，保存到 /data/data_liy/quant/raw/stock_daily/000926.SZ.csv
正在获取369/5426 中国铁物(000927.SZ) [20150105 , 20250827 )的数据...
  获取到 2505 条数据，保存到 /data/data_liy/quant/raw/stock_daily/000927.SZ.csv
正在获取370/5426 中钢国际(000928.SZ) [20150105 , 20250827 )的数据...
  获取到 2552 条数据，保存到 /data/data_liy/quant/raw/stock_daily/000928.SZ.csv
正在获取371/5426 *ST兰黄(000929.SZ) [20150105 , 20250827 )的数据...
  获取到 2450 条数据，保存到 /data/data_liy/quant/raw/stock_daily/000929.SZ.csv
正在获取372/5426 中粮科技(000930.SZ) [20150105 , 20250827 )的数据...
  获取到 2448 条数据，保存到 /data/data_liy/quant/raw/stock_daily/000930.SZ.csv
正在获取373/5426 中关村(000931.SZ) [20150105 , 20250827 )的数据...
  获取到 2567 条数据，保存到 /data/data_liy/quant/raw/stock_daily/000931.SZ.csv
正在获取374/5426 华菱钢铁(000932.SZ) [20150105 , 20250827 )的数据...
  获取到 2423 条数据，保存到 /data/data_liy/quant/raw/stock_daily/000932.SZ.csv
正在获取375/5426 神火股份(000933.SZ) [20150105 , 20250827 )的数据...
  获取到 2567 条数据，保存到 /data/data_liy/quant/raw/stock_daily/000933.SZ.csv
正在获取376/5426 四川双马(000935.SZ) [20150105 , 20250827 )的数据...
  获取到 2363 条数据，保存到 /data/data_liy/quant/raw/stock_daily/000935.SZ.csv
正在获取377/5426 华西股份(000936.SZ) [20150105 , 20250827 )的数据...
  获取到 2554 条数据，保存到 /data/data_liy/quant/raw/stock_daily/000936.SZ.csv
正在获取378/5426 冀中能源(000937.SZ) [20150105 , 20250827 )的数据...
  获取到 2588 条数据，保存到 /data/data_liy/quant/raw/stock_daily/000937.SZ.csv
正在获取379/5426 紫光股份(000938.SZ) [20150105 , 20250827 )的数据...
  获取到 2445 条数据，保存到 /data/data_liy/quant/raw/stock_daily/000938.SZ.csv
正在获取380/5426 南天信息(000948.SZ) [20150105 , 20250827 )的数据...
  获取到 2549 条数据，保存到 /data/data_liy/quant/raw/stock_daily/000948.SZ.csv
正在获取381/5426 新乡化纤(000949.SZ) [20150105 , 20250827 )的数据...
  获取到 2584 条数据，保存到 /data/data_liy/quant/raw/stock_daily/000949.SZ.csv
正在获取382/5426 重药控股(000950.SZ) [20150105 , 20250827 )的数据...
  获取到 2118 条数据，保存到 /data/data_liy/quant/raw/stock_daily/000950.SZ.csv
正在获取383/5426 中国重汽(000951.SZ) [20150105 , 20250827 )的数据...
  获取到 2588 条数据，保存到 /data/data_liy/quant/raw/stock_daily/000951.SZ.csv
正在获取384/5426 广济药业(000952.SZ) [20150105 , 20250827 )的数据...
  获取到 2571 条数据，保存到 /data/data_liy/quant/raw/stock_daily/000952.SZ.csv
正在获取385/5426 河化股份(000953.SZ) [20150105 , 20250827 )的数据...
HTTPConnectionPool(host='api.waditu.com', port=80): Max retries exceeded with url: /dataapi/adj_factor (Caused by NameResolutionError("<urllib3.connection.HTTPConnection object at 0x7f6a0457ddb0>: Failed to resolve 'api.waditu.com' ([Errno -2] Name or service not known)"))
  获取到 2341 条数据，保存到 /data/data_liy/quant/raw/stock_daily/000953.SZ.csv
正在获取386/5426 欣龙控股(000955.SZ) [20150105 , 20250827 )的数据...
  获取到 2479 条数据，保存到 /data/data_liy/quant/raw/stock_daily/000955.SZ.csv
正在获取387/5426 中通客车(000957.SZ) [20150105 , 20250827 )的数据...
  获取到 2573 条数据，保存到 /data/data_liy/quant/raw/stock_daily/000957.SZ.csv
正在获取388/5426 电投产融(000958.SZ) [20150105 , 20250827 )的数据...
  获取到 2525 条数据，保存到 /data/data_liy/quant/raw/stock_daily/000958.SZ.csv
正在获取389/5426 首钢股份(000959.SZ) [20150105 , 20250827 )的数据...
  获取到 2462 条数据，保存到 /data/data_liy/quant/raw/stock_daily/000959.SZ.csv
正在获取390/5426 锡业股份(000960.SZ) [20150105 , 20250827 )的数据...
  获取到 2561 条数据，保存到 /data/data_liy/quant/raw/stock_daily/000960.SZ.csv
正在获取391/5426 东方钽业(000962.SZ) [20150105 , 20250827 )的数据...
  获取到 2422 条数据，保存到 /data/data_liy/quant/raw/stock_daily/000962.SZ.csv
正在获取392/5426 华东医药(000963.SZ) [20150105 , 20250827 )的数据...
  获取到 2560 条数据，保存到 /data/data_liy/quant/raw/stock_daily/000963.SZ.csv
正在获取393/5426 天保基建(000965.SZ) [20150105 , 20250827 )的数据...
  获取到 2588 条数据，保存到 /data/data_liy/quant/raw/stock_daily/000965.SZ.csv
正在获取394/5426 长源电力(000966.SZ) [20150105 , 20250827 )的数据...
  获取到 2577 条数据，保存到 /data/data_liy/quant/raw/stock_daily/000966.SZ.csv
正在获取395/5426 盈峰环境(000967.SZ) [20150105 , 20250827 )的数据...
  获取到 2464 条数据，保存到 /data/data_liy/quant/raw/stock_daily/000967.SZ.csv
正在获取396/5426 蓝焰控股(000968.SZ) [20150105 , 20250827 )的数据...
  获取到 2386 条数据，保存到 /data/data_liy/quant/raw/stock_daily/000968.SZ.csv
正在获取397/5426 安泰科技(000969.SZ) [20150105 , 20250827 )的数据...
  获取到 2511 条数据，保存到 /data/data_liy/quant/raw/stock_daily/000969.SZ.csv
正在获取398/5426 中科三环(000970.SZ) [20150105 , 20250827 )的数据...
  获取到 2577 条数据，保存到 /data/data_liy/quant/raw/stock_daily/000970.SZ.csv
正在获取399/5426 *ST中基(000972.SZ) [20150105 , 20250827 )的数据...
  获取到 2344 条数据，保存到 /data/data_liy/quant/raw/stock_daily/000972.SZ.csv
正在获取400/5426 佛塑科技(000973.SZ) [20150105 , 20250827 )的数据...
  获取到 2526 条数据，保存到 /data/data_liy/quant/raw/stock_daily/000973.SZ.csv
正在获取401/5426 山金国际(000975.SZ) [20150105 , 20250827 )的数据...
  获取到 2414 条数据，保存到 /data/data_liy/quant/raw/stock_daily/000975.SZ.csv
正在获取402/5426 浪潮信息(000977.SZ) [20150105 , 20250827 )的数据...
  获取到 2548 条数据，保存到 /data/data_liy/quant/raw/stock_daily/000977.SZ.csv
正在获取403/5426 桂林旅游(000978.SZ) [20150105 , 20250827 )的数据...
  获取到 2523 条数据，保存到 /data/data_liy/quant/raw/stock_daily/000978.SZ.csv
正在获取404/5426 众泰汽车(000980.SZ) [20150105 , 20250827 )的数据...
HTTPConnectionPool(host='api.waditu.com', port=80): Max retries exceeded with url: /dataapi/adj_factor (Caused by NameResolutionError("<urllib3.connection.HTTPConnection object at 0x7f6a0457eb30>: Failed to resolve 'api.waditu.com' ([Errno -2] Name or service not known)"))
  获取到 2411 条数据，保存到 /data/data_liy/quant/raw/stock_daily/000980.SZ.csv
正在获取405/5426 山子高科(000981.SZ) [20150105 , 20250827 )的数据...
  获取到 2241 条数据，保存到 /data/data_liy/quant/raw/stock_daily/000981.SZ.csv
正在获取406/5426 山西焦煤(000983.SZ) [20150105 , 20250827 )的数据...
  获取到 2578 条数据，保存到 /data/data_liy/quant/raw/stock_daily/000983.SZ.csv
正在获取407/5426 大庆华科(000985.SZ) [20150105 , 20250827 )的数据...
  获取到 2588 条数据，保存到 /data/data_liy/quant/raw/stock_daily/000985.SZ.csv
正在获取408/5426 越秀资本(000987.SZ) [20150105 , 20250827 )的数据...
  获取到 2474 条数据，保存到 /data/data_liy/quant/raw/stock_daily/000987.SZ.csv
正在获取409/5426 华工科技(000988.SZ) [20150105 , 20250827 )的数据...
  获取到 2585 条数据，保存到 /data/data_liy/quant/raw/stock_daily/000988.SZ.csv
正在获取410/5426 九芝堂(000989.SZ) [20150105 , 20250827 )的数据...
  获取到 2499 条数据，保存到 /data/data_liy/quant/raw/stock_daily/000989.SZ.csv
正在获取411/5426 诚志股份(000990.SZ) [20150105 , 20250827 )的数据...
  获取到 2393 条数据，保存到 /data/data_liy/quant/raw/stock_daily/000990.SZ.csv
正在获取412/5426 闽东电力(000993.SZ) [20150105 , 20250827 )的数据...
  获取到 2573 条数据，保存到 /data/data_liy/quant/raw/stock_daily/000993.SZ.csv
正在获取413/5426 皇台酒业(000995.SZ) [20150105 , 20250827 )的数据...
  获取到 1868 条数据，保存到 /data/data_liy/quant/raw/stock_daily/000995.SZ.csv
正在获取414/5426 新大陆(000997.SZ) [20150105 , 20250827 )的数据...
  获取到 2524 条数据，保存到 /data/data_liy/quant/raw/stock_daily/000997.SZ.csv
正在获取415/5426 隆平高科(000998.SZ) [20150105 , 20250827 )的数据...
  获取到 2568 条数据，保存到 /data/data_liy/quant/raw/stock_daily/000998.SZ.csv
正在获取416/5426 华润三九(000999.SZ) [20150105 , 20250827 )的数据...
  获取到 2588 条数据，保存到 /data/data_liy/quant/raw/stock_daily/000999.SZ.csv
正在获取417/5426 东瑞股份(001201.SZ) [20150105 , 20250827 )的数据...
  获取到 1050 条数据，保存到 /data/data_liy/quant/raw/stock_daily/001201.SZ.csv
正在获取418/5426 炬申股份(001202.SZ) [20150105 , 20250827 )的数据...
  获取到 1049 条数据，保存到 /data/data_liy/quant/raw/stock_daily/001202.SZ.csv
正在获取419/5426 大中矿业(001203.SZ) [20150105 , 20250827 )的数据...
  获取到 1045 条数据，保存到 /data/data_liy/quant/raw/stock_daily/001203.SZ.csv
正在获取420/5426 盛航股份(001205.SZ) [20150105 , 20250827 )的数据...
  获取到 1042 条数据，保存到 /data/data_liy/quant/raw/stock_daily/001205.SZ.csv
正在获取421/5426 依依股份(001206.SZ) [20150105 , 20250827 )的数据...
  获取到 1039 条数据，保存到 /data/data_liy/quant/raw/stock_daily/001206.SZ.csv
正在获取422/5426 联科科技(001207.SZ) [20150105 , 20250827 )的数据...
  获取到 1014 条数据，保存到 /data/data_liy/quant/raw/stock_daily/001207.SZ.csv
正在获取423/5426 华菱线缆(001208.SZ) [20150105 , 20250827 )的数据...
  获取到 1013 条数据，保存到 /data/data_liy/quant/raw/stock_daily/001208.SZ.csv
正在获取424/5426 洪兴股份(001209.SZ) [20150105 , 20250827 )的数据...
  获取到 992 条数据，保存到 /data/data_liy/quant/raw/stock_daily/001209.SZ.csv
正在获取425/5426 金房能源(001210.SZ) [20150105 , 20250827 )的数据...
  获取到 988 条数据，保存到 /data/data_liy/quant/raw/stock_daily/001210.SZ.csv
正在获取426/5426 双枪科技(001211.SZ) [20150105 , 20250827 )的数据...
  获取到 983 条数据，保存到 /data/data_liy/quant/raw/stock_daily/001211.SZ.csv
正在获取427/5426 中旗新材(001212.SZ) [20150105 , 20250827 )的数据...
  获取到 969 条数据，保存到 /data/data_liy/quant/raw/stock_daily/001212.SZ.csv
正在获取428/5426 中铁特货(001213.SZ) [20150105 , 20250827 )的数据...
  获取到 959 条数据，保存到 /data/data_liy/quant/raw/stock_daily/001213.SZ.csv
正在获取429/5426 千味央厨(001215.SZ) [20150105 , 20250827 )的数据...
  获取到 961 条数据，保存到 /data/data_liy/quant/raw/stock_daily/001215.SZ.csv
正在获取430/5426 华瓷股份(001216.SZ) [20150105 , 20250827 )的数据...
  获取到 937 条数据，保存到 /data/data_liy/quant/raw/stock_daily/001216.SZ.csv
正在获取431/5426 华尔泰(001217.SZ) [20150105 , 20250827 )的数据...
  获取到 946 条数据，保存到 /data/data_liy/quant/raw/stock_daily/001217.SZ.csv
正在获取432/5426 丽臣实业(001218.SZ) [20150105 , 20250827 )的数据...
  获取到 939 条数据，保存到 /data/data_liy/quant/raw/stock_daily/001218.SZ.csv
正在获取433/5426 青岛食品(001219.SZ) [20150105 , 20250827 )的数据...
  获取到 935 条数据，保存到 /data/data_liy/quant/raw/stock_daily/001219.SZ.csv
正在获取434/5426 悍高集团(001221.SZ) [20150105 , 20250827 )的数据...
  获取到 19 条数据，保存到 /data/data_liy/quant/raw/stock_daily/001221.SZ.csv
正在获取435/5426 源飞宠物(001222.SZ) [20150105 , 20250827 )的数据...
  获取到 732 条数据，保存到 /data/data_liy/quant/raw/stock_daily/001222.SZ.csv
正在获取436/5426 欧克科技(001223.SZ) [20150105 , 20250827 )的数据...
  获取到 656 条数据，保存到 /data/data_liy/quant/raw/stock_daily/001223.SZ.csv
正在获取437/5426 和泰机电(001225.SZ) [20150105 , 20250827 )的数据...
  获取到 610 条数据，保存到 /data/data_liy/quant/raw/stock_daily/001225.SZ.csv
正在获取438/5426 拓山重工(001226.SZ) [20150105 , 20250827 )的数据...
  获取到 773 条数据，保存到 /data/data_liy/quant/raw/stock_daily/001226.SZ.csv
正在获取439/5426 兰州银行(001227.SZ) [20150105 , 20250827 )的数据...
  获取到 874 条数据，保存到 /data/data_liy/quant/raw/stock_daily/001227.SZ.csv
正在获取440/5426 永泰运(001228.SZ) [20150105 , 20250827 )的数据...
  获取到 807 条数据，保存到 /data/data_liy/quant/raw/stock_daily/001228.SZ.csv
正在获取441/5426 魅视科技(001229.SZ) [20150105 , 20250827 )的数据...
  获取到 740 条数据，保存到 /data/data_liy/quant/raw/stock_daily/001229.SZ.csv
正在获取442/5426 劲旅环境(001230.SZ) [20150105 , 20250827 )的数据...
  获取到 756 条数据，保存到 /data/data_liy/quant/raw/stock_daily/001230.SZ.csv
正在获取443/5426 农心科技(001231.SZ) [20150105 , 20250827 )的数据...
  获取到 731 条数据，保存到 /data/data_liy/quant/raw/stock_daily/001231.SZ.csv
正在获取444/5426 泰慕士(001234.SZ) [20150105 , 20250827 )的数据...
  获取到 878 条数据，保存到 /data/data_liy/quant/raw/stock_daily/001234.SZ.csv
正在获取445/5426 弘业期货(001236.SZ) [20150105 , 20250827 )的数据...
  获取到 741 条数据，保存到 /data/data_liy/quant/raw/stock_daily/001236.SZ.csv
正在获取446/5426 浙江正特(001238.SZ) [20150105 , 20250827 )的数据...
  获取到 711 条数据，保存到 /data/data_liy/quant/raw/stock_daily/001238.SZ.csv
正在获取447/5426 永达股份(001239.SZ) [20150105 , 20250827 )的数据...
  获取到 413 条数据，保存到 /data/data_liy/quant/raw/stock_daily/001239.SZ.csv
正在获取448/5426 博菲电气(001255.SZ) [20150105 , 20250827 )的数据...
  获取到 702 条数据，保存到 /data/data_liy/quant/raw/stock_daily/001255.SZ.csv
正在获取449/5426 炜冈科技(001256.SZ) [20150105 , 20250827 )的数据...
  获取到 661 条数据，保存到 /data/data_liy/quant/raw/stock_daily/001256.SZ.csv
正在获取450/5426 立新能源(001258.SZ) [20150105 , 20250827 )的数据...
  获取到 748 条数据，保存到 /data/data_liy/quant/raw/stock_daily/001258.SZ.csv
正在获取451/5426 利仁科技(001259.SZ) [20150105 , 20250827 )的数据...
  获取到 723 条数据，保存到 /data/data_liy/quant/raw/stock_daily/001259.SZ.csv
正在获取452/5426 坤泰股份(001260.SZ) [20150105 , 20250827 )的数据...
HTTPConnectionPool(host='api.waditu.com', port=80): Max retries exceeded with url: /dataapi/adj_factor (Caused by NameResolutionError("<urllib3.connection.HTTPConnection object at 0x7f6a0457eb30>: Failed to resolve 'api.waditu.com' ([Errno -2] Name or service not known)"))
  获取到 614 条数据，保存到 /data/data_liy/quant/raw/stock_daily/001260.SZ.csv
正在获取453/5426 宏英智能(001266.SZ) [20150105 , 20250827 )的数据...
  获取到 849 条数据，保存到 /data/data_liy/quant/raw/stock_daily/001266.SZ.csv
正在获取454/5426 汇绿生态(001267.SZ) [20150105 , 20250827 )的数据...
  获取到 912 条数据，保存到 /data/data_liy/quant/raw/stock_daily/001267.SZ.csv
正在获取455/5426 联合精密(001268.SZ) [20150105 , 20250827 )的数据...
  获取到 767 条数据，保存到 /data/data_liy/quant/raw/stock_daily/001268.SZ.csv
正在获取456/5426 欧晶科技(001269.SZ) [20150105 , 20250827 )的数据...
  获取到 702 条数据，保存到 /data/data_liy/quant/raw/stock_daily/001269.SZ.csv
正在获取457/5426 *ST铖昌(001270.SZ) [20150105 , 20250827 )的数据...
  获取到 784 条数据，保存到 /data/data_liy/quant/raw/stock_daily/001270.SZ.csv
正在获取458/5426 速达股份(001277.SZ) [20150105 , 20250827 )的数据...
  获取到 236 条数据，保存到 /data/data_liy/quant/raw/stock_daily/001277.SZ.csv
正在获取459/5426 一彬科技(001278.SZ) [20150105 , 20250827 )的数据...
  获取到 600 条数据，保存到 /data/data_liy/quant/raw/stock_daily/001278.SZ.csv
正在获取460/5426 强邦新材(001279.SZ) [20150105 , 20250827 )的数据...
  获取到 215 条数据，保存到 /data/data_liy/quant/raw/stock_daily/001279.SZ.csv
正在获取461/5426 三联锻造(001282.SZ) [20150105 , 20250827 )的数据...
  获取到 549 条数据，保存到 /data/data_liy/quant/raw/stock_daily/001282.SZ.csv
正在获取462/5426 豪鹏科技(001283.SZ) [20150105 , 20250827 )的数据...
  获取到 720 条数据，保存到 /data/data_liy/quant/raw/stock_daily/001283.SZ.csv
正在获取463/5426 陕西能源(001286.SZ) [20150105 , 20250827 )的数据...
  获取到 578 条数据，保存到 /data/data_liy/quant/raw/stock_daily/001286.SZ.csv
正在获取464/5426 中电港(001287.SZ) [20150105 , 20250827 )的数据...
  获取到 578 条数据，保存到 /data/data_liy/quant/raw/stock_daily/001287.SZ.csv
正在获取465/5426 运机集团(001288.SZ) [20150105 , 20250827 )的数据...
  获取到 928 条数据，保存到 /data/data_liy/quant/raw/stock_daily/001288.SZ.csv
正在获取466/5426 龙源电力(001289.SZ) [20150105 , 20250827 )的数据...
  获取到 869 条数据，保存到 /data/data_liy/quant/raw/stock_daily/001289.SZ.csv
正在获取467/5426 长江材料(001296.SZ) [20150105 , 20250827 )的数据...
  获取到 889 条数据，保存到 /data/data_liy/quant/raw/stock_daily/001296.SZ.csv
正在获取468/5426 好上好(001298.SZ) [20150105 , 20250827 )的数据...
  获取到 686 条数据，保存到 /data/data_liy/quant/raw/stock_daily/001298.SZ.csv
正在获取469/5426 美能能源(001299.SZ) [20150105 , 20250827 )的数据...
  获取到 686 条数据，保存到 /data/data_liy/quant/raw/stock_daily/001299.SZ.csv
正在获取470/5426 三柏硕(001300.SZ) [20150105 , 20250827 )的数据...
  获取到 694 条数据，保存到 /data/data_liy/quant/raw/stock_daily/001300.SZ.csv
正在获取471/5426 尚太科技(001301.SZ) [20150105 , 20250827 )的数据...
  获取到 644 条数据，保存到 /data/data_liy/quant/raw/stock_daily/001301.SZ.csv
正在获取472/5426 夏厦精密(001306.SZ) [20150105 , 20250827 )的数据...
  获取到 431 条数据，保存到 /data/data_liy/quant/raw/stock_daily/001306.SZ.csv
正在获取473/5426 康冠科技(001308.SZ) [20150105 , 20250827 )的数据...
  获取到 835 条数据，保存到 /data/data_liy/quant/raw/stock_daily/001308.SZ.csv
正在获取474/5426 德明利(001309.SZ) [20150105 , 20250827 )的数据...
  获取到 766 条数据，保存到 /data/data_liy/quant/raw/stock_daily/001309.SZ.csv
正在获取475/5426 多利科技(001311.SZ) [20150105 , 20250827 )的数据...
  获取到 607 条数据，保存到 /data/data_liy/quant/raw/stock_daily/001311.SZ.csv
正在获取476/5426 粤海饲料(001313.SZ) [20150105 , 20250827 )的数据...
  获取到 857 条数据，保存到 /data/data_liy/quant/raw/stock_daily/001313.SZ.csv
正在获取477/5426 亿道信息(001314.SZ) [20150105 , 20250827 )的数据...
  获取到 616 条数据，保存到 /data/data_liy/quant/raw/stock_daily/001314.SZ.csv
正在获取478/5426 润贝航科(001316.SZ) [20150105 , 20250827 )的数据...
  获取到 771 条数据，保存到 /data/data_liy/quant/raw/stock_daily/001316.SZ.csv
正在获取479/5426 三羊马(001317.SZ) [20150105 , 20250827 )的数据...
  获取到 902 条数据，保存到 /data/data_liy/quant/raw/stock_daily/001317.SZ.csv
正在获取480/5426 阳光乳业(001318.SZ) [20150105 , 20250827 )的数据...
  获取到 795 条数据，保存到 /data/data_liy/quant/raw/stock_daily/001318.SZ.csv
正在获取481/5426 铭科精技(001319.SZ) [20150105 , 20250827 )的数据...
  获取到 801 条数据，保存到 /data/data_liy/quant/raw/stock_daily/001319.SZ.csv
正在获取482/5426 箭牌家居(001322.SZ) [20150105 , 20250827 )的数据...
  获取到 689 条数据，保存到 /data/data_liy/quant/raw/stock_daily/001322.SZ.csv
正在获取483/5426 慕思股份(001323.SZ) [20150105 , 20250827 )的数据...
  获取到 772 条数据，保存到 /data/data_liy/quant/raw/stock_daily/001323.SZ.csv
正在获取484/5426 长青科技(001324.SZ) [20150105 , 20250827 )的数据...
  获取到 551 条数据，保存到 /data/data_liy/quant/raw/stock_daily/001324.SZ.csv
正在获取485/5426 联域股份(001326.SZ) [20150105 , 20250827 )的数据...
  获取到 436 条数据，保存到 /data/data_liy/quant/raw/stock_daily/001326.SZ.csv
正在获取486/5426 登康口腔(001328.SZ) [20150105 , 20250827 )的数据...
  获取到 578 条数据，保存到 /data/data_liy/quant/raw/stock_daily/001328.SZ.csv
正在获取487/5426 博纳影业(001330.SZ) [20150105 , 20250827 )的数据...
  获取到 732 条数据，保存到 /data/data_liy/quant/raw/stock_daily/001330.SZ.csv
正在获取488/5426 胜通能源(001331.SZ) [20150105 , 20250827 )的数据...
  获取到 717 条数据，保存到 /data/data_liy/quant/raw/stock_daily/001331.SZ.csv
正在获取489/5426 锡装股份(001332.SZ) [20150105 , 20250827 )的数据...
  获取到 710 条数据，保存到 /data/data_liy/quant/raw/stock_daily/001332.SZ.csv
正在获取490/5426 光华股份(001333.SZ) [20150105 , 20250827 )的数据...
  获取到 658 条数据，保存到 /data/data_liy/quant/raw/stock_daily/001333.SZ.csv
正在获取491/5426 信凯科技(001335.SZ) [20150105 , 20250827 )的数据...
  获取到 91 条数据，保存到 /data/data_liy/quant/raw/stock_daily/001335.SZ.csv
正在获取492/5426 楚环科技(001336.SZ) [20150105 , 20250827 )的数据...
  获取到 750 条数据，保存到 /data/data_liy/quant/raw/stock_daily/001336.SZ.csv
正在获取493/5426 四川黄金(001337.SZ) [20150105 , 20250827 )的数据...
  获取到 603 条数据，保存到 /data/data_liy/quant/raw/stock_daily/001337.SZ.csv
正在获取494/5426 永顺泰(001338.SZ) [20150105 , 20250827 )的数据...
  获取到 674 条数据，保存到 /data/data_liy/quant/raw/stock_daily/001338.SZ.csv
正在获取495/5426 智微智能(001339.SZ) [20150105 , 20250827 )的数据...
  获取到 735 条数据，保存到 /data/data_liy/quant/raw/stock_daily/001339.SZ.csv
正在获取496/5426 富岭股份(001356.SZ) [20150105 , 20250827 )的数据...
  获取到 142 条数据，保存到 /data/data_liy/quant/raw/stock_daily/001356.SZ.csv
正在获取497/5426 兴欣新材(001358.SZ) [20150105 , 20250827 )的数据...
  获取到 406 条数据，保存到 /data/data_liy/quant/raw/stock_daily/001358.SZ.csv
正在获取498/5426 平安电工(001359.SZ) [20150105 , 20250827 )的数据...
  获取到 343 条数据，保存到 /data/data_liy/quant/raw/stock_daily/001359.SZ.csv
正在获取499/5426 南矿集团(001360.SZ) [20150105 , 20250827 )的数据...
  获取到 578 条数据，保存到 /data/data_liy/quant/raw/stock_daily/001360.SZ.csv
正在获取500/5426 播恩集团(001366.SZ) [20150105 , 20250827 )的数据...
  获取到 601 条数据，保存到 /data/data_liy/quant/raw/stock_daily/001366.SZ.csv
正在获取501/5426 海森药业(001367.SZ) [20150105 , 20250827 )的数据...
  获取到 578 条数据，保存到 /data/data_liy/quant/raw/stock_daily/001367.SZ.csv
正在获取502/5426 通达创智(001368.SZ) [20150105 , 20250827 )的数据...
  获取到 597 条数据，保存到 /data/data_liy/quant/raw/stock_daily/001368.SZ.csv
正在获取503/5426 翔腾新材(001373.SZ) [20150105 , 20250827 )的数据...
  获取到 543 条数据，保存到 /data/data_liy/quant/raw/stock_daily/001373.SZ.csv
正在获取504/5426 百通能源(001376.SZ) [20150105 , 20250827 )的数据...
  获取到 440 条数据，保存到 /data/data_liy/quant/raw/stock_daily/001376.SZ.csv
正在获取505/5426 德冠新材(001378.SZ) [20150105 , 20250827 )的数据...
  获取到 444 条数据，保存到 /data/data_liy/quant/raw/stock_daily/001378.SZ.csv
正在获取506/5426 腾达科技(001379.SZ) [20150105 , 20250827 )的数据...
  获取到 386 条数据，保存到 /data/data_liy/quant/raw/stock_daily/001379.SZ.csv
正在获取507/5426 华纬科技(001380.SZ) [20150105 , 20250827 )的数据...
  获取到 555 条数据，保存到 /data/data_liy/quant/raw/stock_daily/001380.SZ.csv
正在获取508/5426 新亚电缆(001382.SZ) [20150105 , 20250827 )的数据...
  获取到 107 条数据，保存到 /data/data_liy/quant/raw/stock_daily/001382.SZ.csv
正在获取509/5426 雪祺电气(001387.SZ) [20150105 , 20250827 )的数据...
  获取到 392 条数据，保存到 /data/data_liy/quant/raw/stock_daily/001387.SZ.csv
正在获取510/5426 信通电子(001388.SZ) [20150105 , 20250827 )的数据...
  获取到 40 条数据，保存到 /data/data_liy/quant/raw/stock_daily/001388.SZ.csv
正在获取511/5426 广合科技(001389.SZ) [20150105 , 20250827 )的数据...
  获取到 340 条数据，保存到 /data/data_liy/quant/raw/stock_daily/001389.SZ.csv
正在获取512/5426 古麒绒材(001390.SZ) [20150105 , 20250827 )的数据...
  获取到 62 条数据，保存到 /data/data_liy/quant/raw/stock_daily/001390.SZ.csv
正在获取513/5426 国货航(001391.SZ) [20150105 , 20250827 )的数据...
  获取到 159 条数据，保存到 /data/data_liy/quant/raw/stock_daily/001391.SZ.csv
正在获取514/5426 亚联机械(001395.SZ) [20150105 , 20250827 )的数据...
  获取到 140 条数据，保存到 /data/data_liy/quant/raw/stock_daily/001395.SZ.csv
正在获取515/5426 江顺科技(001400.SZ) [20150105 , 20250827 )的数据...
  获取到 84 条数据，保存到 /data/data_liy/quant/raw/stock_daily/001400.SZ.csv
正在获取516/5426 宗申动力(001696.SZ) [20150105 , 20250827 )的数据...
  获取到 2472 条数据，保存到 /data/data_liy/quant/raw/stock_daily/001696.SZ.csv
正在获取517/5426 招商港口(001872.SZ) [20150105 , 20250827 )的数据...
  获取到 2307 条数据，保存到 /data/data_liy/quant/raw/stock_daily/001872.SZ.csv
正在获取518/5426 豫能控股(001896.SZ) [20150105 , 20250827 )的数据...
  获取到 2472 条数据，保存到 /data/data_liy/quant/raw/stock_daily/001896.SZ.csv
正在获取519/5426 招商积余(001914.SZ) [20150105 , 20250827 )的数据...
  获取到 2508 条数据，保存到 /data/data_liy/quant/raw/stock_daily/001914.SZ.csv
正在获取520/5426 招商公路(001965.SZ) [20150105 , 20250827 )的数据...
  获取到 1861 条数据，保存到 /data/data_liy/quant/raw/stock_daily/001965.SZ.csv
正在获取521/5426 招商蛇口(001979.SZ) [20150105 , 20250827 )的数据...
  获取到 2330 条数据，保存到 /data/data_liy/quant/raw/stock_daily/001979.SZ.csv
正在获取522/5426 新和成(002001.SZ) [20150105 , 20250827 )的数据...
  获取到 2574 条数据，保存到 /data/data_liy/quant/raw/stock_daily/002001.SZ.csv
正在获取523/5426 伟星股份(002003.SZ) [20150105 , 20250827 )的数据...
  获取到 2499 条数据，保存到 /data/data_liy/quant/raw/stock_daily/002003.SZ.csv
正在获取524/5426 华邦健康(002004.SZ) [20150105 , 20250827 )的数据...
  获取到 2521 条数据，保存到 /data/data_liy/quant/raw/stock_daily/002004.SZ.csv
正在获取525/5426 ST德豪(002005.SZ) [20150105 , 20250827 )的数据...
  获取到 2391 条数据，保存到 /data/data_liy/quant/raw/stock_daily/002005.SZ.csv
正在获取526/5426 精工科技(002006.SZ) [20150105 , 20250827 )的数据...
  获取到 2330 条数据，保存到 /data/data_liy/quant/raw/stock_daily/002006.SZ.csv
正在获取527/5426 华兰生物(002007.SZ) [20150105 , 20250827 )的数据...
  获取到 2585 条数据，保存到 /data/data_liy/quant/raw/stock_daily/002007.SZ.csv
正在获取528/5426 大族激光(002008.SZ) [20150105 , 20250827 )的数据...
  获取到 2582 条数据，保存到 /data/data_liy/quant/raw/stock_daily/002008.SZ.csv
正在获取529/5426 天奇股份(002009.SZ) [20150105 , 20250827 )的数据...
  获取到 2559 条数据，保存到 /data/data_liy/quant/raw/stock_daily/002009.SZ.csv
正在获取530/5426 传化智联(002010.SZ) [20150105 , 20250827 )的数据...
  获取到 2451 条数据，保存到 /data/data_liy/quant/raw/stock_daily/002010.SZ.csv
正在获取531/5426 盾安环境(002011.SZ) [20150105 , 20250827 )的数据...
  获取到 2408 条数据，保存到 /data/data_liy/quant/raw/stock_daily/002011.SZ.csv
正在获取532/5426 凯恩股份(002012.SZ) [20150105 , 20250827 )的数据...
  获取到 2251 条数据，保存到 /data/data_liy/quant/raw/stock_daily/002012.SZ.csv
正在获取533/5426 永新股份(002014.SZ) [20150105 , 20250827 )的数据...
  获取到 2485 条数据，保存到 /data/data_liy/quant/raw/stock_daily/002014.SZ.csv
正在获取534/5426 协鑫能科(002015.SZ) [20150105 , 20250827 )的数据...
  获取到 2218 条数据，保存到 /data/data_liy/quant/raw/stock_daily/002015.SZ.csv
正在获取535/5426 世荣兆业(002016.SZ) [20150105 , 20250827 )的数据...
  获取到 2569 条数据，保存到 /data/data_liy/quant/raw/stock_daily/002016.SZ.csv
正在获取536/5426 东信和平(002017.SZ) [20150105 , 20250827 )的数据...
  获取到 2574 条数据，保存到 /data/data_liy/quant/raw/stock_daily/002017.SZ.csv
正在获取537/5426 亿帆医药(002019.SZ) [20150105 , 20250827 )的数据...
  获取到 2561 条数据，保存到 /data/data_liy/quant/raw/stock_daily/002019.SZ.csv
正在获取538/5426 京新药业(002020.SZ) [20150105 , 20250827 )的数据...
  获取到 2487 条数据，保存到 /data/data_liy/quant/raw/stock_daily/002020.SZ.csv
正在获取539/5426 中捷资源(002021.SZ) [20150105 , 20250827 )的数据...
  获取到 2415 条数据，保存到 /data/data_liy/quant/raw/stock_daily/002021.SZ.csv
正在获取540/5426 科华生物(002022.SZ) [20150105 , 20250827 )的数据...
  获取到 2573 条数据，保存到 /data/data_liy/quant/raw/stock_daily/002022.SZ.csv
正在获取541/5426 海特高新(002023.SZ) [20150105 , 20250827 )的数据...
  获取到 2580 条数据，保存到 /data/data_liy/quant/raw/stock_daily/002023.SZ.csv
正在获取542/5426 ST易购(002024.SZ) [20150105 , 20250827 )的数据...
  获取到 2561 条数据，保存到 /data/data_liy/quant/raw/stock_daily/002024.SZ.csv
正在获取543/5426 航天电器(002025.SZ) [20150105 , 20250827 )的数据...
  获取到 2395 条数据，保存到 /data/data_liy/quant/raw/stock_daily/002025.SZ.csv
正在获取544/5426 山东威达(002026.SZ) [20150105 , 20250827 )的数据...
  获取到 2486 条数据，保存到 /data/data_liy/quant/raw/stock_daily/002026.SZ.csv
正在获取545/5426 分众传媒(002027.SZ) [20150105 , 20250827 )的数据...
  获取到 2497 条数据，保存到 /data/data_liy/quant/raw/stock_daily/002027.SZ.csv
正在获取546/5426 思源电气(002028.SZ) [20150105 , 20250827 )的数据...
  获取到 2588 条数据，保存到 /data/data_liy/quant/raw/stock_daily/002028.SZ.csv
正在获取547/5426 七匹狼(002029.SZ) [20150105 , 20250827 )的数据...
  获取到 2575 条数据，保存到 /data/data_liy/quant/raw/stock_daily/002029.SZ.csv
正在获取548/5426 达安基因(002030.SZ) [20150105 , 20250827 )的数据...
  获取到 2533 条数据，保存到 /data/data_liy/quant/raw/stock_daily/002030.SZ.csv
正在获取549/5426 巨轮智能(002031.SZ) [20150105 , 20250827 )的数据...
  获取到 2535 条数据，保存到 /data/data_liy/quant/raw/stock_daily/002031.SZ.csv
正在获取550/5426 苏泊尔(002032.SZ) [20150105 , 20250827 )的数据...
  获取到 2587 条数据，保存到 /data/data_liy/quant/raw/stock_daily/002032.SZ.csv
正在获取551/5426 丽江股份(002033.SZ) [20150105 , 20250827 )的数据...
  获取到 2530 条数据，保存到 /data/data_liy/quant/raw/stock_daily/002033.SZ.csv
正在获取552/5426 旺能环境(002034.SZ) [20150105 , 20250827 )的数据...
  获取到 2454 条数据，保存到 /data/data_liy/quant/raw/stock_daily/002034.SZ.csv
正在获取553/5426 华帝股份(002035.SZ) [20150105 , 20250827 )的数据...
  获取到 2569 条数据，保存到 /data/data_liy/quant/raw/stock_daily/002035.SZ.csv
正在获取554/5426 联创电子(002036.SZ) [20150105 , 20250827 )的数据...
  获取到 2486 条数据，保存到 /data/data_liy/quant/raw/stock_daily/002036.SZ.csv
正在获取555/5426 保利联合(002037.SZ) [20150105 , 20250827 )的数据...
  获取到 2448 条数据，保存到 /data/data_liy/quant/raw/stock_daily/002037.SZ.csv
正在获取556/5426 双鹭药业(002038.SZ) [20150105 , 20250827 )的数据...
  获取到 2585 条数据，保存到 /data/data_liy/quant/raw/stock_daily/002038.SZ.csv
正在获取557/5426 黔源电力(002039.SZ) [20150105 , 20250827 )的数据...
  获取到 2588 条数据，保存到 /data/data_liy/quant/raw/stock_daily/002039.SZ.csv
正在获取558/5426 南京港(002040.SZ) [20150105 , 20250827 )的数据...
  获取到 2450 条数据，保存到 /data/data_liy/quant/raw/stock_daily/002040.SZ.csv
正在获取559/5426 登海种业(002041.SZ) [20150105 , 20250827 )的数据...
  获取到 2588 条数据，保存到 /data/data_liy/quant/raw/stock_daily/002041.SZ.csv
正在获取560/5426 华孚时尚(002042.SZ) [20150105 , 20250827 )的数据...
  获取到 2583 条数据，保存到 /data/data_liy/quant/raw/stock_daily/002042.SZ.csv
正在获取561/5426 兔宝宝(002043.SZ) [20150105 , 20250827 )的数据...
  获取到 2490 条数据，保存到 /data/data_liy/quant/raw/stock_daily/002043.SZ.csv
正在获取562/5426 美年健康(002044.SZ) [20150105 , 20250827 )的数据...
  获取到 2347 条数据，保存到 /data/data_liy/quant/raw/stock_daily/002044.SZ.csv
正在获取563/5426 国光电器(002045.SZ) [20150105 , 20250827 )的数据...
HTTPConnectionPool(host='api.waditu.com', port=80): Max retries exceeded with url: /dataapi/daily (Caused by NameResolutionError("<urllib3.connection.HTTPConnection object at 0x7f6a04594cd0>: Failed to resolve 'api.waditu.com' ([Errno -2] Name or service not known)"))
  获取到 2539 条数据，保存到 /data/data_liy/quant/raw/stock_daily/002045.SZ.csv
正在获取564/5426 国机精工(002046.SZ) [20150105 , 20250827 )的数据...
  获取到 2509 条数据，保存到 /data/data_liy/quant/raw/stock_daily/002046.SZ.csv
正在获取565/5426 *ST宝鹰(002047.SZ) [20150105 , 20250827 )的数据...
  获取到 2437 条数据，保存到 /data/data_liy/quant/raw/stock_daily/002047.SZ.csv
正在获取566/5426 宁波华翔(002048.SZ) [20150105 , 20250827 )的数据...
  获取到 2479 条数据，保存到 /data/data_liy/quant/raw/stock_daily/002048.SZ.csv
正在获取567/5426 紫光国微(002049.SZ) [20150105 , 20250827 )的数据...
  获取到 2377 条数据，保存到 /data/data_liy/quant/raw/stock_daily/002049.SZ.csv
正在获取568/5426 三花智控(002050.SZ) [20150105 , 20250827 )的数据...
  获取到 2522 条数据，保存到 /data/data_liy/quant/raw/stock_daily/002050.SZ.csv
正在获取569/5426 中工国际(002051.SZ) [20150105 , 20250827 )的数据...
  获取到 2469 条数据，保存到 /data/data_liy/quant/raw/stock_daily/002051.SZ.csv
正在获取570/5426 同洲电子(002052.SZ) [20150105 , 20250827 )的数据...
  获取到 2323 条数据，保存到 /data/data_liy/quant/raw/stock_daily/002052.SZ.csv
正在获取571/5426 云南能投(002053.SZ) [20150105 , 20250827 )的数据...
  获取到 2335 条数据，保存到 /data/data_liy/quant/raw/stock_daily/002053.SZ.csv
正在获取572/5426 德美化工(002054.SZ) [20150105 , 20250827 )的数据...
  获取到 2584 条数据，保存到 /data/data_liy/quant/raw/stock_daily/002054.SZ.csv
正在获取573/5426 得润电子(002055.SZ) [20150105 , 20250827 )的数据...
  获取到 2507 条数据，保存到 /data/data_liy/quant/raw/stock_daily/002055.SZ.csv
正在获取574/5426 横店东磁(002056.SZ) [20150105 , 20250827 )的数据...
  获取到 2581 条数据，保存到 /data/data_liy/quant/raw/stock_daily/002056.SZ.csv
正在获取575/5426 中钢天源(002057.SZ) [20150105 , 20250827 )的数据...
  获取到 2349 条数据，保存到 /data/data_liy/quant/raw/stock_daily/002057.SZ.csv
正在获取576/5426 *ST威尔(002058.SZ) [20150105 , 20250827 )的数据...
  获取到 2556 条数据，保存到 /data/data_liy/quant/raw/stock_daily/002058.SZ.csv
正在获取577/5426 云南旅游(002059.SZ) [20150105 , 20250827 )的数据...
  获取到 2341 条数据，保存到 /data/data_liy/quant/raw/stock_daily/002059.SZ.csv
正在获取578/5426 广东建工(002060.SZ) [20150105 , 20250827 )的数据...
  获取到 2574 条数据，保存到 /data/data_liy/quant/raw/stock_daily/002060.SZ.csv
正在获取579/5426 浙江交科(002061.SZ) [20150105 , 20250827 )的数据...
  获取到 2359 条数据，保存到 /data/data_liy/quant/raw/stock_daily/002061.SZ.csv
正在获取580/5426 宏润建设(002062.SZ) [20150105 , 20250827 )的数据...
  获取到 2566 条数据，保存到 /data/data_liy/quant/raw/stock_daily/002062.SZ.csv
正在获取581/5426 远光软件(002063.SZ) [20150105 , 20250827 )的数据...
  获取到 2574 条数据，保存到 /data/data_liy/quant/raw/stock_daily/002063.SZ.csv
正在获取582/5426 华峰化学(002064.SZ) [20150105 , 20250827 )的数据...
  获取到 2573 条数据，保存到 /data/data_liy/quant/raw/stock_daily/002064.SZ.csv
正在获取583/5426 东华软件(002065.SZ) [20150105 , 20250827 )的数据...
  获取到 2439 条数据，保存到 /data/data_liy/quant/raw/stock_daily/002065.SZ.csv
正在获取584/5426 瑞泰科技(002066.SZ) [20150105 , 20250827 )的数据...
  获取到 2577 条数据，保存到 /data/data_liy/quant/raw/stock_daily/002066.SZ.csv
正在获取585/5426 景兴纸业(002067.SZ) [20150105 , 20250827 )的数据...
  获取到 2583 条数据，保存到 /data/data_liy/quant/raw/stock_daily/002067.SZ.csv
正在获取586/5426 黑猫股份(002068.SZ) [20150105 , 20250827 )的数据...
  获取到 2578 条数据，保存到 /data/data_liy/quant/raw/stock_daily/002068.SZ.csv
正在获取587/5426 獐子岛(002069.SZ) [20150105 , 20250827 )的数据...
  获取到 2473 条数据，保存到 /data/data_liy/quant/raw/stock_daily/002069.SZ.csv
正在获取588/5426 凯瑞德(002072.SZ) [20150105 , 20250827 )的数据...
  获取到 2201 条数据，保存到 /data/data_liy/quant/raw/stock_daily/002072.SZ.csv
正在获取589/5426 软控股份(002073.SZ) [20150105 , 20250827 )的数据...
  获取到 2573 条数据，保存到 /data/data_liy/quant/raw/stock_daily/002073.SZ.csv
正在获取590/5426 国轩高科(002074.SZ) [20150105 , 20250827 )的数据...
  获取到 2549 条数据，保存到 /data/data_liy/quant/raw/stock_daily/002074.SZ.csv
正在获取591/5426 沙钢股份(002075.SZ) [20150105 , 20250827 )的数据...
  获取到 1902 条数据，保存到 /data/data_liy/quant/raw/stock_daily/002075.SZ.csv
正在获取592/5426 *ST星光(002076.SZ) [20150105 , 20250827 )的数据...
  获取到 2335 条数据，保存到 /data/data_liy/quant/raw/stock_daily/002076.SZ.csv
正在获取593/5426 大港股份(002077.SZ) [20150105 , 20250827 )的数据...
  获取到 2506 条数据，保存到 /data/data_liy/quant/raw/stock_daily/002077.SZ.csv
正在获取594/5426 太阳纸业(002078.SZ) [20150105 , 20250827 )的数据...
  获取到 2568 条数据，保存到 /data/data_liy/quant/raw/stock_daily/002078.SZ.csv
正在获取595/5426 苏州固锝(002079.SZ) [20150105 , 20250827 )的数据...
  获取到 2534 条数据，保存到 /data/data_liy/quant/raw/stock_daily/002079.SZ.csv
正在获取596/5426 中材科技(002080.SZ) [20150105 , 20250827 )的数据...
  获取到 2464 条数据，保存到 /data/data_liy/quant/raw/stock_daily/002080.SZ.csv
正在获取597/5426 金螳螂(002081.SZ) [20150105 , 20250827 )的数据...
  获取到 2560 条数据，保存到 /data/data_liy/quant/raw/stock_daily/002081.SZ.csv
正在获取598/5426 万邦德(002082.SZ) [20150105 , 20250827 )的数据...
  获取到 2210 条数据，保存到 /data/data_liy/quant/raw/stock_daily/002082.SZ.csv
正在获取599/5426 孚日股份(002083.SZ) [20150105 , 20250827 )的数据...
  获取到 2588 条数据，保存到 /data/data_liy/quant/raw/stock_daily/002083.SZ.csv
正在获取600/5426 海鸥住工(002084.SZ) [20150105 , 20250827 )的数据...
  获取到 2566 条数据，保存到 /data/data_liy/quant/raw/stock_daily/002084.SZ.csv
正在获取601/5426 万丰奥威(002085.SZ) [20150105 , 20250827 )的数据...
  获取到 2509 条数据，保存到 /data/data_liy/quant/raw/stock_daily/002085.SZ.csv
正在获取602/5426 东方海洋(002086.SZ) [20150105 , 20250827 )的数据...
  获取到 2482 条数据，保存到 /data/data_liy/quant/raw/stock_daily/002086.SZ.csv
正在获取603/5426 鲁阳节能(002088.SZ) [20150105 , 20250827 )的数据...
  获取到 2575 条数据，保存到 /data/data_liy/quant/raw/stock_daily/002088.SZ.csv
正在获取604/5426 金智科技(002090.SZ) [20150105 , 20250827 )的数据...
  获取到 2516 条数据，保存到 /data/data_liy/quant/raw/stock_daily/002090.SZ.csv
正在获取605/5426 江苏国泰(002091.SZ) [20150105 , 20250827 )的数据...
  获取到 2441 条数据，保存到 /data/data_liy/quant/raw/stock_daily/002091.SZ.csv
正在获取606/5426 中泰化学(002092.SZ) [20150105 , 20250827 )的数据...
  获取到 2487 条数据，保存到 /data/data_liy/quant/raw/stock_daily/002092.SZ.csv
正在获取607/5426 国脉科技(002093.SZ) [20150105 , 20250827 )的数据...
  获取到 2560 条数据，保存到 /data/data_liy/quant/raw/stock_daily/002093.SZ.csv
正在获取608/5426 青岛金王(002094.SZ) [20150105 , 20250827 )的数据...
  获取到 2431 条数据，保存到 /data/data_liy/quant/raw/stock_daily/002094.SZ.csv
正在获取609/5426 生意宝(002095.SZ) [20150105 , 20250827 )的数据...
  获取到 2588 条数据，保存到 /data/data_liy/quant/raw/stock_daily/002095.SZ.csv
正在获取610/5426 易普力(002096.SZ) [20150105 , 20250827 )的数据...
  获取到 2577 条数据，保存到 /data/data_liy/quant/raw/stock_daily/002096.SZ.csv
正在获取611/5426 山河智能(002097.SZ) [20150105 , 20250827 )的数据...
  获取到 2490 条数据，保存到 /data/data_liy/quant/raw/stock_daily/002097.SZ.csv
正在获取612/5426 浔兴股份(002098.SZ) [20150105 , 20250827 )的数据...
  获取到 2275 条数据，保存到 /data/data_liy/quant/raw/stock_daily/002098.SZ.csv
正在获取613/5426 海翔药业(002099.SZ) [20150105 , 20250827 )的数据...
  获取到 2542 条数据，保存到 /data/data_liy/quant/raw/stock_daily/002099.SZ.csv
正在获取614/5426 天康生物(002100.SZ) [20150105 , 20250827 )的数据...
  获取到 2573 条数据，保存到 /data/data_liy/quant/raw/stock_daily/002100.SZ.csv
正在获取615/5426 广东鸿图(002101.SZ) [20150105 , 20250827 )的数据...
  获取到 2479 条数据，保存到 /data/data_liy/quant/raw/stock_daily/002101.SZ.csv
正在获取616/5426 能特科技(002102.SZ) [20150105 , 20250827 )的数据...
  获取到 2350 条数据，保存到 /data/data_liy/quant/raw/stock_daily/002102.SZ.csv
正在获取617/5426 广博股份(002103.SZ) [20150105 , 20250827 )的数据...
  获取到 2343 条数据，保存到 /data/data_liy/quant/raw/stock_daily/002103.SZ.csv
正在获取618/5426 恒宝股份(002104.SZ) [20150105 , 20250827 )的数据...
  获取到 2553 条数据，保存到 /data/data_liy/quant/raw/stock_daily/002104.SZ.csv
正在获取619/5426 信隆健康(002105.SZ) [20150105 , 20250827 )的数据...
  获取到 2588 条数据，保存到 /data/data_liy/quant/raw/stock_daily/002105.SZ.csv
正在获取620/5426 莱宝高科(002106.SZ) [20150105 , 20250827 )的数据...
  获取到 2436 条数据，保存到 /data/data_liy/quant/raw/stock_daily/002106.SZ.csv
正在获取621/5426 沃华医药(002107.SZ) [20150105 , 20250827 )的数据...
  获取到 2570 条数据，保存到 /data/data_liy/quant/raw/stock_daily/002107.SZ.csv
正在获取622/5426 沧州明珠(002108.SZ) [20150105 , 20250827 )的数据...
  获取到 2587 条数据，保存到 /data/data_liy/quant/raw/stock_daily/002108.SZ.csv
正在获取623/5426 兴化股份(002109.SZ) [20150105 , 20250827 )的数据...
  获取到 2409 条数据，保存到 /data/data_liy/quant/raw/stock_daily/002109.SZ.csv
正在获取624/5426 三钢闽光(002110.SZ) [20150105 , 20250827 )的数据...
  获取到 2310 条数据，保存到 /data/data_liy/quant/raw/stock_daily/002110.SZ.csv
正在获取625/5426 威海广泰(002111.SZ) [20150105 , 20250827 )的数据...
  获取到 2536 条数据，保存到 /data/data_liy/quant/raw/stock_daily/002111.SZ.csv
正在获取626/5426 三变科技(002112.SZ) [20150105 , 20250827 )的数据...
  获取到 2312 条数据，保存到 /data/data_liy/quant/raw/stock_daily/002112.SZ.csv
正在获取627/5426 罗平锌电(002114.SZ) [20150105 , 20250827 )的数据...
  获取到 2518 条数据，保存到 /data/data_liy/quant/raw/stock_daily/002114.SZ.csv
正在获取628/5426 三维通信(002115.SZ) [20150105 , 20250827 )的数据...
  获取到 2420 条数据，保存到 /data/data_liy/quant/raw/stock_daily/002115.SZ.csv
正在获取629/5426 中国海诚(002116.SZ) [20150105 , 20250827 )的数据...
  获取到 2524 条数据，保存到 /data/data_liy/quant/raw/stock_daily/002116.SZ.csv
正在获取630/5426 东港股份(002117.SZ) [20150105 , 20250827 )的数据...
  获取到 2578 条数据，保存到 /data/data_liy/quant/raw/stock_daily/002117.SZ.csv
正在获取631/5426 康强电子(002119.SZ) [20150105 , 20250827 )的数据...
  获取到 2502 条数据，保存到 /data/data_liy/quant/raw/stock_daily/002119.SZ.csv
正在获取632/5426 韵达股份(002120.SZ) [20150105 , 20250827 )的数据...
  获取到 2539 条数据，保存到 /data/data_liy/quant/raw/stock_daily/002120.SZ.csv
正在获取633/5426 科陆电子(002121.SZ) [20150105 , 20250827 )的数据...
  获取到 2420 条数据，保存到 /data/data_liy/quant/raw/stock_daily/002121.SZ.csv
正在获取634/5426 汇洲智能(002122.SZ) [20150105 , 20250827 )的数据...
  获取到 2400 条数据，保存到 /data/data_liy/quant/raw/stock_daily/002122.SZ.csv
正在获取635/5426 梦网科技(002123.SZ) [20150105 , 20250827 )的数据...
  获取到 2462 条数据，保存到 /data/data_liy/quant/raw/stock_daily/002123.SZ.csv
正在获取636/5426 天邦食品(002124.SZ) [20150105 , 20250827 )的数据...
  获取到 2560 条数据，保存到 /data/data_liy/quant/raw/stock_daily/002124.SZ.csv
正在获取637/5426 湘潭电化(002125.SZ) [20150105 , 20250827 )的数据...
  获取到 2553 条数据，保存到 /data/data_liy/quant/raw/stock_daily/002125.SZ.csv
正在获取638/5426 银轮股份(002126.SZ) [20150105 , 20250827 )的数据...
  获取到 2556 条数据，保存到 /data/data_liy/quant/raw/stock_daily/002126.SZ.csv
正在获取639/5426 南极电商(002127.SZ) [20150105 , 20250827 )的数据...
  获取到 2376 条数据，保存到 /data/data_liy/quant/raw/stock_daily/002127.SZ.csv
正在获取640/5426 电投能源(002128.SZ) [20150105 , 20250827 )的数据...
  获取到 2462 条数据，保存到 /data/data_liy/quant/raw/stock_daily/002128.SZ.csv
正在获取641/5426 TCL中环(002129.SZ) [20150105 , 20250827 )的数据...
  获取到 2152 条数据，保存到 /data/data_liy/quant/raw/stock_daily/002129.SZ.csv
正在获取642/5426 沃尔核材(002130.SZ) [20150105 , 20250827 )的数据...
HTTPConnectionPool(host='api.waditu.com', port=80): Max retries exceeded with url: /dataapi/daily (Caused by NameResolutionError("<urllib3.connection.HTTPConnection object at 0x7f6a04594be0>: Failed to resolve 'api.waditu.com' ([Errno -2] Name or service not known)"))
  获取到 2538 条数据，保存到 /data/data_liy/quant/raw/stock_daily/002130.SZ.csv
正在获取643/5426 利欧股份(002131.SZ) [20150105 , 20250827 )的数据...
  获取到 2442 条数据，保存到 /data/data_liy/quant/raw/stock_daily/002131.SZ.csv
正在获取644/5426 恒星科技(002132.SZ) [20150105 , 20250827 )的数据...
  获取到 2491 条数据，保存到 /data/data_liy/quant/raw/stock_daily/002132.SZ.csv
正在获取645/5426 广宇集团(002133.SZ) [20150105 , 20250827 )的数据...
  获取到 2585 条数据，保存到 /data/data_liy/quant/raw/stock_daily/002133.SZ.csv
正在获取646/5426 天津普林(002134.SZ) [20150105 , 20250827 )的数据...
  获取到 2449 条数据，保存到 /data/data_liy/quant/raw/stock_daily/002134.SZ.csv
正在获取647/5426 东南网架(002135.SZ) [20150105 , 20250827 )的数据...
  获取到 2574 条数据，保存到 /data/data_liy/quant/raw/stock_daily/002135.SZ.csv
正在获取648/5426 安纳达(002136.SZ) [20150105 , 20250827 )的数据...
  获取到 2578 条数据，保存到 /data/data_liy/quant/raw/stock_daily/002136.SZ.csv
正在获取649/5426 实益达(002137.SZ) [20150105 , 20250827 )的数据...
  获取到 2418 条数据，保存到 /data/data_liy/quant/raw/stock_daily/002137.SZ.csv
正在获取650/5426 顺络电子(002138.SZ) [20150105 , 20250827 )的数据...
  获取到 2585 条数据，保存到 /data/data_liy/quant/raw/stock_daily/002138.SZ.csv
正在获取651/5426 拓邦股份(002139.SZ) [20150105 , 20250827 )的数据...
  获取到 2562 条数据，保存到 /data/data_liy/quant/raw/stock_daily/002139.SZ.csv
正在获取652/5426 东华科技(002140.SZ) [20150105 , 20250827 )的数据...
  获取到 2573 条数据，保存到 /data/data_liy/quant/raw/stock_daily/002140.SZ.csv
正在获取653/5426 贤丰控股(002141.SZ) [20150105 , 20250827 )的数据...
  获取到 2462 条数据，保存到 /data/data_liy/quant/raw/stock_daily/002141.SZ.csv
正在获取654/5426 宁波银行(002142.SZ) [20150105 , 20250827 )的数据...
  获取到 2581 条数据，保存到 /data/data_liy/quant/raw/stock_daily/002142.SZ.csv
正在获取655/5426 宏达高科(002144.SZ) [20150105 , 20250827 )的数据...
  获取到 2588 条数据，保存到 /data/data_liy/quant/raw/stock_daily/002144.SZ.csv
正在获取656/5426 中核钛白(002145.SZ) [20150105 , 20250827 )的数据...
  获取到 2533 条数据，保存到 /data/data_liy/quant/raw/stock_daily/002145.SZ.csv
正在获取657/5426 荣盛发展(002146.SZ) [20150105 , 20250827 )的数据...
  获取到 2555 条数据，保存到 /data/data_liy/quant/raw/stock_daily/002146.SZ.csv
正在获取658/5426 北纬科技(002148.SZ) [20150105 , 20250827 )的数据...
  获取到 2584 条数据，保存到 /data/data_liy/quant/raw/stock_daily/002148.SZ.csv
正在获取659/5426 西部材料(002149.SZ) [20150105 , 20250827 )的数据...
  获取到 2565 条数据，保存到 /data/data_liy/quant/raw/stock_daily/002149.SZ.csv
正在获取660/5426 通润装备(002150.SZ) [20150105 , 20250827 )的数据...
  获取到 2513 条数据，保存到 /data/data_liy/quant/raw/stock_daily/002150.SZ.csv
正在获取661/5426 北斗星通(002151.SZ) [20150105 , 20250827 )的数据...
  获取到 2487 条数据，保存到 /data/data_liy/quant/raw/stock_daily/002151.SZ.csv
正在获取662/5426 广电运通(002152.SZ) [20150105 , 20250827 )的数据...
  获取到 2537 条数据，保存到 /data/data_liy/quant/raw/stock_daily/002152.SZ.csv
正在获取663/5426 石基信息(002153.SZ) [20150105 , 20250827 )的数据...
  获取到 2575 条数据，保存到 /data/data_liy/quant/raw/stock_daily/002153.SZ.csv
正在获取664/5426 报喜鸟(002154.SZ) [20150105 , 20250827 )的数据...
  获取到 2586 条数据，保存到 /data/data_liy/quant/raw/stock_daily/002154.SZ.csv
正在获取665/5426 湖南黄金(002155.SZ) [20150105 , 20250827 )的数据...
  获取到 2586 条数据，保存到 /data/data_liy/quant/raw/stock_daily/002155.SZ.csv
正在获取666/5426 通富微电(002156.SZ) [20150105 , 20250827 )的数据...
  获取到 2494 条数据，保存到 /data/data_liy/quant/raw/stock_daily/002156.SZ.csv
正在获取667/5426 正邦科技(002157.SZ) [20150105 , 20250827 )的数据...
  获取到 2514 条数据，保存到 /data/data_liy/quant/raw/stock_daily/002157.SZ.csv
正在获取668/5426 汉钟精机(002158.SZ) [20150105 , 20250827 )的数据...
  获取到 2580 条数据，保存到 /data/data_liy/quant/raw/stock_daily/002158.SZ.csv
正在获取669/5426 三特索道(002159.SZ) [20150105 , 20250827 )的数据...
  获取到 2435 条数据，保存到 /data/data_liy/quant/raw/stock_daily/002159.SZ.csv
正在获取670/5426 常铝股份(002160.SZ) [20150105 , 20250827 )的数据...
  获取到 2431 条数据，保存到 /data/data_liy/quant/raw/stock_daily/002160.SZ.csv
正在获取671/5426 远望谷(002161.SZ) [20150105 , 20250827 )的数据...
  获取到 2441 条数据，保存到 /data/data_liy/quant/raw/stock_daily/002161.SZ.csv
正在获取672/5426 悦心健康(002162.SZ) [20150105 , 20250827 )的数据...
  获取到 2451 条数据，保存到 /data/data_liy/quant/raw/stock_daily/002162.SZ.csv
正在获取673/5426 海南发展(002163.SZ) [20150105 , 20250827 )的数据...
  获取到 2468 条数据，保存到 /data/data_liy/quant/raw/stock_daily/002163.SZ.csv
正在获取674/5426 宁波东力(002164.SZ) [20150105 , 20250827 )的数据...
  获取到 2432 条数据，保存到 /data/data_liy/quant/raw/stock_daily/002164.SZ.csv
正在获取675/5426 红宝丽(002165.SZ) [20150105 , 20250827 )的数据...
  获取到 2503 条数据，保存到 /data/data_liy/quant/raw/stock_daily/002165.SZ.csv
正在获取676/5426 莱茵生物(002166.SZ) [20150105 , 20250827 )的数据...
  获取到 2500 条数据，保存到 /data/data_liy/quant/raw/stock_daily/002166.SZ.csv
正在获取677/5426 东方锆业(002167.SZ) [20150105 , 20250827 )的数据...
  获取到 2579 条数据，保存到 /data/data_liy/quant/raw/stock_daily/002167.SZ.csv
正在获取678/5426 *ST惠程(002168.SZ) [20150105 , 20250827 )的数据...
  获取到 2203 条数据，保存到 /data/data_liy/quant/raw/stock_daily/002168.SZ.csv
正在获取679/5426 智光电气(002169.SZ) [20150105 , 20250827 )的数据...
  获取到 2521 条数据，保存到 /data/data_liy/quant/raw/stock_daily/002169.SZ.csv
正在获取680/5426 芭田股份(002170.SZ) [20150105 , 20250827 )的数据...
  获取到 2535 条数据，保存到 /data/data_liy/quant/raw/stock_daily/002170.SZ.csv
正在获取681/5426 楚江新材(002171.SZ) [20150105 , 20250827 )的数据...
  获取到 2432 条数据，保存到 /data/data_liy/quant/raw/stock_daily/002171.SZ.csv
正在获取682/5426 澳洋健康(002172.SZ) [20150105 , 20250827 )的数据...
  获取到 2538 条数据，保存到 /data/data_liy/quant/raw/stock_daily/002172.SZ.csv
正在获取683/5426 创新医疗(002173.SZ) [20150105 , 20250827 )的数据...
  获取到 2451 条数据，保存到 /data/data_liy/quant/raw/stock_daily/002173.SZ.csv
正在获取684/5426 游族网络(002174.SZ) [20150105 , 20250827 )的数据...
  获取到 2391 条数据，保存到 /data/data_liy/quant/raw/stock_daily/002174.SZ.csv
正在获取685/5426 东方智造(002175.SZ) [20150105 , 20250827 )的数据...
  获取到 2329 条数据，保存到 /data/data_liy/quant/raw/stock_daily/002175.SZ.csv
正在获取686/5426 江特电机(002176.SZ) [20150105 , 20250827 )的数据...
  获取到 2457 条数据，保存到 /data/data_liy/quant/raw/stock_daily/002176.SZ.csv
正在获取687/5426 御银股份(002177.SZ) [20150105 , 20250827 )的数据...
  获取到 2558 条数据，保存到 /data/data_liy/quant/raw/stock_daily/002177.SZ.csv
正在获取688/5426 延华智能(002178.SZ) [20150105 , 20250827 )的数据...
  获取到 2543 条数据，保存到 /data/data_liy/quant/raw/stock_daily/002178.SZ.csv
正在获取689/5426 中航光电(002179.SZ) [20150105 , 20250827 )的数据...
  获取到 2588 条数据，保存到 /data/data_liy/quant/raw/stock_daily/002179.SZ.csv
正在获取690/5426 纳思达(002180.SZ) [20150105 , 20250827 )的数据...
  获取到 2377 条数据，保存到 /data/data_liy/quant/raw/stock_daily/002180.SZ.csv
正在获取691/5426 粤传媒(002181.SZ) [20150105 , 20250827 )的数据...
  获取到 2577 条数据，保存到 /data/data_liy/quant/raw/stock_daily/002181.SZ.csv
正在获取692/5426 宝武镁业(002182.SZ) [20150105 , 20250827 )的数据...
  获取到 2582 条数据，保存到 /data/data_liy/quant/raw/stock_daily/002182.SZ.csv
正在获取693/5426 怡亚通(002183.SZ) [20150105 , 20250827 )的数据...
  获取到 2460 条数据，保存到 /data/data_liy/quant/raw/stock_daily/002183.SZ.csv
正在获取694/5426 海得控制(002184.SZ) [20150105 , 20250827 )的数据...
  获取到 2559 条数据，保存到 /data/data_liy/quant/raw/stock_daily/002184.SZ.csv
正在获取695/5426 华天科技(002185.SZ) [20150105 , 20250827 )的数据...
  获取到 2574 条数据，保存到 /data/data_liy/quant/raw/stock_daily/002185.SZ.csv
正在获取696/5426 全聚德(002186.SZ) [20150105 , 20250827 )的数据...
  获取到 2583 条数据，保存到 /data/data_liy/quant/raw/stock_daily/002186.SZ.csv
正在获取697/5426 广百股份(002187.SZ) [20150105 , 20250827 )的数据...
  获取到 2582 条数据，保存到 /data/data_liy/quant/raw/stock_daily/002187.SZ.csv
正在获取698/5426 中天服务(002188.SZ) [20150105 , 20250827 )的数据...
  获取到 2452 条数据，保存到 /data/data_liy/quant/raw/stock_daily/002188.SZ.csv
正在获取699/5426 中光学(002189.SZ) [20150105 , 20250827 )的数据...
  获取到 2464 条数据，保存到 /data/data_liy/quant/raw/stock_daily/002189.SZ.csv
正在获取700/5426 成飞集成(002190.SZ) [20150105 , 20250827 )的数据...
  获取到 2530 条数据，保存到 /data/data_liy/quant/raw/stock_daily/002190.SZ.csv
正在获取701/5426 劲嘉股份(002191.SZ) [20150105 , 20250827 )的数据...
  获取到 2461 条数据，保存到 /data/data_liy/quant/raw/stock_daily/002191.SZ.csv
正在获取702/5426 融捷股份(002192.SZ) [20150105 , 20250827 )的数据...
  获取到 2574 条数据，保存到 /data/data_liy/quant/raw/stock_daily/002192.SZ.csv
正在获取703/5426 如意集团(002193.SZ) [20150105 , 20250827 )的数据...
  获取到 2496 条数据，保存到 /data/data_liy/quant/raw/stock_daily/002193.SZ.csv
正在获取704/5426 武汉凡谷(002194.SZ) [20150105 , 20250827 )的数据...
  获取到 2541 条数据，保存到 /data/data_liy/quant/raw/stock_daily/002194.SZ.csv
正在获取705/5426 岩山科技(002195.SZ) [20150105 , 20250827 )的数据...
  获取到 2573 条数据，保存到 /data/data_liy/quant/raw/stock_daily/002195.SZ.csv
正在获取706/5426 方正电机(002196.SZ) [20150105 , 20250827 )的数据...
  获取到 2506 条数据，保存到 /data/data_liy/quant/raw/stock_daily/002196.SZ.csv
正在获取707/5426 ST证通(002197.SZ) [20150105 , 20250827 )的数据...
  获取到 2552 条数据，保存到 /data/data_liy/quant/raw/stock_daily/002197.SZ.csv
正在获取708/5426 嘉应制药(002198.SZ) [20150105 , 20250827 )的数据...
  获取到 2500 条数据，保存到 /data/data_liy/quant/raw/stock_daily/002198.SZ.csv
正在获取709/5426 *ST东晶(002199.SZ) [20150105 , 20250827 )的数据...
  获取到 2362 条数据，保存到 /data/data_liy/quant/raw/stock_daily/002199.SZ.csv
正在获取710/5426 *ST交投(002200.SZ) [20150105 , 20250827 )的数据...
  获取到 2551 条数据，保存到 /data/data_liy/quant/raw/stock_daily/002200.SZ.csv
正在获取711/5426 九鼎新材(002201.SZ) [20150105 , 20250827 )的数据...
  获取到 2447 条数据，保存到 /data/data_liy/quant/raw/stock_daily/002201.SZ.csv
正在获取712/5426 金风科技(002202.SZ) [20150105 , 20250827 )的数据...
  获取到 2582 条数据，保存到 /data/data_liy/quant/raw/stock_daily/002202.SZ.csv
正在获取713/5426 海亮股份(002203.SZ) [20150105 , 20250827 )的数据...
  获取到 2425 条数据，保存到 /data/data_liy/quant/raw/stock_daily/002203.SZ.csv
正在获取714/5426 大连重工(002204.SZ) [20150105 , 20250827 )的数据...
  获取到 2588 条数据，保存到 /data/data_liy/quant/raw/stock_daily/002204.SZ.csv
正在获取715/5426 国统股份(002205.SZ) [20150105 , 20250827 )的数据...
  获取到 2571 条数据，保存到 /data/data_liy/quant/raw/stock_daily/002205.SZ.csv
正在获取716/5426 海利得(002206.SZ) [20150105 , 20250827 )的数据...
  获取到 2567 条数据，保存到 /data/data_liy/quant/raw/stock_daily/002206.SZ.csv
正在获取717/5426 准油股份(002207.SZ) [20150105 , 20250827 )的数据...
  获取到 2305 条数据，保存到 /data/data_liy/quant/raw/stock_daily/002207.SZ.csv
正在获取718/5426 合肥城建(002208.SZ) [20150105 , 20250827 )的数据...
  获取到 2558 条数据，保存到 /data/data_liy/quant/raw/stock_daily/002208.SZ.csv
正在获取719/5426 达意隆(002209.SZ) [20150105 , 20250827 )的数据...
  获取到 2422 条数据，保存到 /data/data_liy/quant/raw/stock_daily/002209.SZ.csv
正在获取720/5426 飞马国际(002210.SZ) [20150105 , 20250827 )的数据...
  获取到 2352 条数据，保存到 /data/data_liy/quant/raw/stock_daily/002210.SZ.csv
正在获取721/5426 ST宏达(002211.SZ) [20150105 , 20250827 )的数据...
  获取到 2331 条数据，保存到 /data/data_liy/quant/raw/stock_daily/002211.SZ.csv
正在获取722/5426 天融信(002212.SZ) [20150105 , 20250827 )的数据...
  获取到 2344 条数据，保存到 /data/data_liy/quant/raw/stock_daily/002212.SZ.csv
正在获取723/5426 大为股份(002213.SZ) [20150105 , 20250827 )的数据...
  获取到 2523 条数据，保存到 /data/data_liy/quant/raw/stock_daily/002213.SZ.csv
正在获取724/5426 *ST大立(002214.SZ) [20150105 , 20250827 )的数据...
  获取到 2523 条数据，保存到 /data/data_liy/quant/raw/stock_daily/002214.SZ.csv
正在获取725/5426 诺普信(002215.SZ) [20150105 , 20250827 )的数据...
  获取到 2574 条数据，保存到 /data/data_liy/quant/raw/stock_daily/002215.SZ.csv
正在获取726/5426 三全食品(002216.SZ) [20150105 , 20250827 )的数据...
  获取到 2575 条数据，保存到 /data/data_liy/quant/raw/stock_daily/002216.SZ.csv
正在获取727/5426 合力泰(002217.SZ) [20150105 , 20250827 )的数据...
  获取到 2470 条数据，保存到 /data/data_liy/quant/raw/stock_daily/002217.SZ.csv
正在获取728/5426 拓日新能(002218.SZ) [20150105 , 20250827 )的数据...
  获取到 2584 条数据，保存到 /data/data_liy/quant/raw/stock_daily/002218.SZ.csv
正在获取729/5426 新里程(002219.SZ) [20150105 , 20250827 )的数据...
  获取到 2160 条数据，保存到 /data/data_liy/quant/raw/stock_daily/002219.SZ.csv
正在获取730/5426 东华能源(002221.SZ) [20150105 , 20250827 )的数据...
  获取到 2554 条数据，保存到 /data/data_liy/quant/raw/stock_daily/002221.SZ.csv
正在获取731/5426 福晶科技(002222.SZ) [20150105 , 20250827 )的数据...
  获取到 2588 条数据，保存到 /data/data_liy/quant/raw/stock_daily/002222.SZ.csv
正在获取732/5426 鱼跃医疗(002223.SZ) [20150105 , 20250827 )的数据...
  获取到 2571 条数据，保存到 /data/data_liy/quant/raw/stock_daily/002223.SZ.csv
正在获取733/5426 三力士(002224.SZ) [20150105 , 20250827 )的数据...
  获取到 2489 条数据，保存到 /data/data_liy/quant/raw/stock_daily/002224.SZ.csv
正在获取734/5426 濮耐股份(002225.SZ) [20150105 , 20250827 )的数据...
  获取到 2558 条数据，保存到 /data/data_liy/quant/raw/stock_daily/002225.SZ.csv
正在获取735/5426 江南化工(002226.SZ) [20150105 , 20250827 )的数据...
  获取到 2278 条数据，保存到 /data/data_liy/quant/raw/stock_daily/002226.SZ.csv
正在获取736/5426 奥特迅(002227.SZ) [20150105 , 20250827 )的数据...
  获取到 2563 条数据，保存到 /data/data_liy/quant/raw/stock_daily/002227.SZ.csv
正在获取737/5426 合兴包装(002228.SZ) [20150105 , 20250827 )的数据...
  获取到 2454 条数据，保存到 /data/data_liy/quant/raw/stock_daily/002228.SZ.csv
正在获取738/5426 鸿博股份(002229.SZ) [20150105 , 20250827 )的数据...
  获取到 2575 条数据，保存到 /data/data_liy/quant/raw/stock_daily/002229.SZ.csv
正在获取739/5426 科大讯飞(002230.SZ) [20150105 , 20250827 )的数据...
  获取到 2527 条数据，保存到 /data/data_liy/quant/raw/stock_daily/002230.SZ.csv
正在获取740/5426 *ST奥维(002231.SZ) [20150105 , 20250827 )的数据...
  获取到 2461 条数据，保存到 /data/data_liy/quant/raw/stock_daily/002231.SZ.csv
正在获取741/5426 启明信息(002232.SZ) [20150105 , 20250827 )的数据...
  获取到 2588 条数据，保存到 /data/data_liy/quant/raw/stock_daily/002232.SZ.csv
正在获取742/5426 塔牌集团(002233.SZ) [20150105 , 20250827 )的数据...
  获取到 2547 条数据，保存到 /data/data_liy/quant/raw/stock_daily/002233.SZ.csv
正在获取743/5426 民和股份(002234.SZ) [20150105 , 20250827 )的数据...
  获取到 2583 条数据，保存到 /data/data_liy/quant/raw/stock_daily/002234.SZ.csv
正在获取744/5426 安妮股份(002235.SZ) [20150105 , 20250827 )的数据...
  获取到 2422 条数据，保存到 /data/data_liy/quant/raw/stock_daily/002235.SZ.csv
正在获取745/5426 大华股份(002236.SZ) [20150105 , 20250827 )的数据...
  获取到 2583 条数据，保存到 /data/data_liy/quant/raw/stock_daily/002236.SZ.csv
正在获取746/5426 恒邦股份(002237.SZ) [20150105 , 20250827 )的数据...
  获取到 2572 条数据，保存到 /data/data_liy/quant/raw/stock_daily/002237.SZ.csv
正在获取747/5426 天威视讯(002238.SZ) [20150105 , 20250827 )的数据...
  获取到 2487 条数据，保存到 /data/data_liy/quant/raw/stock_daily/002238.SZ.csv
正在获取748/5426 奥特佳(002239.SZ) [20150105 , 20250827 )的数据...
  获取到 2243 条数据，保存到 /data/data_liy/quant/raw/stock_daily/002239.SZ.csv
正在获取749/5426 盛新锂能(002240.SZ) [20150105 , 20250827 )的数据...
  获取到 2465 条数据，保存到 /data/data_liy/quant/raw/stock_daily/002240.SZ.csv
正在获取750/5426 歌尔股份(002241.SZ) [20150105 , 20250827 )的数据...
  获取到 2576 条数据，保存到 /data/data_liy/quant/raw/stock_daily/002241.SZ.csv
正在获取751/5426 九阳股份(002242.SZ) [20150105 , 20250827 )的数据...
  获取到 2562 条数据，保存到 /data/data_liy/quant/raw/stock_daily/002242.SZ.csv
正在获取752/5426 力合科创(002243.SZ) [20150105 , 20250827 )的数据...
  获取到 2577 条数据，保存到 /data/data_liy/quant/raw/stock_daily/002243.SZ.csv
正在获取753/5426 滨江集团(002244.SZ) [20150105 , 20250827 )的数据...
  获取到 2578 条数据，保存到 /data/data_liy/quant/raw/stock_daily/002244.SZ.csv
正在获取754/5426 蔚蓝锂芯(002245.SZ) [20150105 , 20250827 )的数据...
  获取到 2557 条数据，保存到 /data/data_liy/quant/raw/stock_daily/002245.SZ.csv
正在获取755/5426 北化股份(002246.SZ) [20150105 , 20250827 )的数据...
  获取到 2412 条数据，保存到 /data/data_liy/quant/raw/stock_daily/002246.SZ.csv
正在获取756/5426 聚力文化(002247.SZ) [20150105 , 20250827 )的数据...
  获取到 2477 条数据，保存到 /data/data_liy/quant/raw/stock_daily/002247.SZ.csv
正在获取757/5426 华东数控(002248.SZ) [20150105 , 20250827 )的数据...
  获取到 2354 条数据，保存到 /data/data_liy/quant/raw/stock_daily/002248.SZ.csv
正在获取758/5426 大洋电机(002249.SZ) [20150105 , 20250827 )的数据...
  获取到 2488 条数据，保存到 /data/data_liy/quant/raw/stock_daily/002249.SZ.csv
正在获取759/5426 联化科技(002250.SZ) [20150105 , 20250827 )的数据...
  获取到 2584 条数据，保存到 /data/data_liy/quant/raw/stock_daily/002250.SZ.csv
正在获取760/5426 步步高(002251.SZ) [20150105 , 20250827 )的数据...
  获取到 2543 条数据，保存到 /data/data_liy/quant/raw/stock_daily/002251.SZ.csv
正在获取761/5426 上海莱士(002252.SZ) [20150105 , 20250827 )的数据...
  获取到 2273 条数据，保存到 /data/data_liy/quant/raw/stock_daily/002252.SZ.csv
正在获取762/5426 *ST智胜(002253.SZ) [20150105 , 20250827 )的数据...
  获取到 2570 条数据，保存到 /data/data_liy/quant/raw/stock_daily/002253.SZ.csv
正在获取763/5426 泰和新材(002254.SZ) [20150105 , 20250827 )的数据...
  获取到 2542 条数据，保存到 /data/data_liy/quant/raw/stock_daily/002254.SZ.csv
正在获取764/5426 海陆重工(002255.SZ) [20150105 , 20250827 )的数据...
  获取到 2394 条数据，保存到 /data/data_liy/quant/raw/stock_daily/002255.SZ.csv
正在获取765/5426 兆新股份(002256.SZ) [20150105 , 20250827 )的数据...
  获取到 2320 条数据，保存到 /data/data_liy/quant/raw/stock_daily/002256.SZ.csv
正在获取766/5426 利尔化学(002258.SZ) [20150105 , 20250827 )的数据...
  获取到 2582 条数据，保存到 /data/data_liy/quant/raw/stock_daily/002258.SZ.csv
正在获取767/5426 升达林业(002259.SZ) [20150105 , 20250827 )的数据...
  获取到 2362 条数据，保存到 /data/data_liy/quant/raw/stock_daily/002259.SZ.csv
正在获取768/5426 拓维信息(002261.SZ) [20150105 , 20250827 )的数据...
  获取到 2499 条数据，保存到 /data/data_liy/quant/raw/stock_daily/002261.SZ.csv
正在获取769/5426 恩华药业(002262.SZ) [20150105 , 20250827 )的数据...
  获取到 2588 条数据，保存到 /data/data_liy/quant/raw/stock_daily/002262.SZ.csv
正在获取770/5426 大东南(002263.SZ) [20150105 , 20250827 )的数据...
  获取到 2199 条数据，保存到 /data/data_liy/quant/raw/stock_daily/002263.SZ.csv
正在获取771/5426 新华都(002264.SZ) [20150105 , 20250827 )的数据...
  获取到 2391 条数据，保存到 /data/data_liy/quant/raw/stock_daily/002264.SZ.csv
正在获取772/5426 建设工业(002265.SZ) [20150105 , 20250827 )的数据...
  获取到 2483 条数据，保存到 /data/data_liy/quant/raw/stock_daily/002265.SZ.csv
正在获取773/5426 浙富控股(002266.SZ) [20150105 , 20250827 )的数据...
  获取到 2485 条数据，保存到 /data/data_liy/quant/raw/stock_daily/002266.SZ.csv
正在获取774/5426 陕天然气(002267.SZ) [20150105 , 20250827 )的数据...
  获取到 2585 条数据，保存到 /data/data_liy/quant/raw/stock_daily/002267.SZ.csv
正在获取775/5426 电科网安(002268.SZ) [20150105 , 20250827 )的数据...
  获取到 2527 条数据，保存到 /data/data_liy/quant/raw/stock_daily/002268.SZ.csv
正在获取776/5426 美邦服饰(002269.SZ) [20150105 , 20250827 )的数据...
  获取到 2543 条数据，保存到 /data/data_liy/quant/raw/stock_daily/002269.SZ.csv
正在获取777/5426 华明装备(002270.SZ) [20150105 , 20250827 )的数据...
  获取到 2450 条数据，保存到 /data/data_liy/quant/raw/stock_daily/002270.SZ.csv
正在获取778/5426 东方雨虹(002271.SZ) [20150105 , 20250827 )的数据...
  获取到 2588 条数据，保存到 /data/data_liy/quant/raw/stock_daily/002271.SZ.csv
正在获取779/5426 川润股份(002272.SZ) [20150105 , 20250827 )的数据...
  获取到 2419 条数据，保存到 /data/data_liy/quant/raw/stock_daily/002272.SZ.csv
正在获取780/5426 水晶光电(002273.SZ) [20150105 , 20250827 )的数据...
  获取到 2588 条数据，保存到 /data/data_liy/quant/raw/stock_daily/002273.SZ.csv
正在获取781/5426 华昌化工(002274.SZ) [20150105 , 20250827 )的数据...
  获取到 2567 条数据，保存到 /data/data_liy/quant/raw/stock_daily/002274.SZ.csv
正在获取782/5426 桂林三金(002275.SZ) [20150105 , 20250827 )的数据...
  获取到 2586 条数据，保存到 /data/data_liy/quant/raw/stock_daily/002275.SZ.csv
正在获取783/5426 万马股份(002276.SZ) [20150105 , 20250827 )的数据...
  获取到 2550 条数据，保存到 /data/data_liy/quant/raw/stock_daily/002276.SZ.csv
正在获取784/5426 友阿股份(002277.SZ) [20150105 , 20250827 )的数据...
  获取到 2568 条数据，保存到 /data/data_liy/quant/raw/stock_daily/002277.SZ.csv
正在获取785/5426 神开股份(002278.SZ) [20150105 , 20250827 )的数据...
  获取到 2381 条数据，保存到 /data/data_liy/quant/raw/stock_daily/002278.SZ.csv
正在获取786/5426 久其软件(002279.SZ) [20150105 , 20250827 )的数据...
  获取到 2535 条数据，保存到 /data/data_liy/quant/raw/stock_daily/002279.SZ.csv
正在获取787/5426 光迅科技(002281.SZ) [20150105 , 20250827 )的数据...
  获取到 2585 条数据，保存到 /data/data_liy/quant/raw/stock_daily/002281.SZ.csv
正在获取788/5426 博深股份(002282.SZ) [20150105 , 20250827 )的数据...
  获取到 2432 条数据，保存到 /data/data_liy/quant/raw/stock_daily/002282.SZ.csv
正在获取789/5426 天润工业(002283.SZ) [20150105 , 20250827 )的数据...
  获取到 2450 条数据，保存到 /data/data_liy/quant/raw/stock_daily/002283.SZ.csv
正在获取790/5426 亚太股份(002284.SZ) [20150105 , 20250827 )的数据...
  获取到 2573 条数据，保存到 /data/data_liy/quant/raw/stock_daily/002284.SZ.csv
正在获取791/5426 世联行(002285.SZ) [20150105 , 20250827 )的数据...
  获取到 2565 条数据，保存到 /data/data_liy/quant/raw/stock_daily/002285.SZ.csv
正在获取792/5426 保龄宝(002286.SZ) [20150105 , 20250827 )的数据...
  获取到 2437 条数据，保存到 /data/data_liy/quant/raw/stock_daily/002286.SZ.csv
正在获取793/5426 奇正藏药(002287.SZ) [20150105 , 20250827 )的数据...
  获取到 2583 条数据，保存到 /data/data_liy/quant/raw/stock_daily/002287.SZ.csv
正在获取794/5426 *ST宇顺(002289.SZ) [20150105 , 20250827 )的数据...
  获取到 2212 条数据，保存到 /data/data_liy/quant/raw/stock_daily/002289.SZ.csv
正在获取795/5426 禾盛新材(002290.SZ) [20150105 , 20250827 )的数据...
  获取到 2531 条数据，保存到 /data/data_liy/quant/raw/stock_daily/002290.SZ.csv
正在获取796/5426 遥望科技(002291.SZ) [20150105 , 20250827 )的数据...
  获取到 2465 条数据，保存到 /data/data_liy/quant/raw/stock_daily/002291.SZ.csv
正在获取797/5426 奥飞娱乐(002292.SZ) [20150105 , 20250827 )的数据...
  获取到 2510 条数据，保存到 /data/data_liy/quant/raw/stock_daily/002292.SZ.csv
正在获取798/5426 罗莱生活(002293.SZ) [20150105 , 20250827 )的数据...
  获取到 2568 条数据，保存到 /data/data_liy/quant/raw/stock_daily/002293.SZ.csv
正在获取799/5426 信立泰(002294.SZ) [20150105 , 20250827 )的数据...
  获取到 2588 条数据，保存到 /data/data_liy/quant/raw/stock_daily/002294.SZ.csv
正在获取800/5426 精艺股份(002295.SZ) [20150105 , 20250827 )的数据...
  获取到 2535 条数据，保存到 /data/data_liy/quant/raw/stock_daily/002295.SZ.csv
正在获取801/5426 辉煌科技(002296.SZ) [20150105 , 20250827 )的数据...
  获取到 2545 条数据，保存到 /data/data_liy/quant/raw/stock_daily/002296.SZ.csv
正在获取802/5426 博云新材(002297.SZ) [20150105 , 20250827 )的数据...
  获取到 2364 条数据，保存到 /data/data_liy/quant/raw/stock_daily/002297.SZ.csv
正在获取803/5426 中电鑫龙(002298.SZ) [20150105 , 20250827 )的数据...
  获取到 2510 条数据，保存到 /data/data_liy/quant/raw/stock_daily/002298.SZ.csv
正在获取804/5426 圣农发展(002299.SZ) [20150105 , 20250827 )的数据...
  获取到 2529 条数据，保存到 /data/data_liy/quant/raw/stock_daily/002299.SZ.csv
正在获取805/5426 太阳电缆(002300.SZ) [20150105 , 20250827 )的数据...
  获取到 2586 条数据，保存到 /data/data_liy/quant/raw/stock_daily/002300.SZ.csv
正在获取806/5426 齐心集团(002301.SZ) [20150105 , 20250827 )的数据...
  获取到 2335 条数据，保存到 /data/data_liy/quant/raw/stock_daily/002301.SZ.csv
正在获取807/5426 西部建设(002302.SZ) [20150105 , 20250827 )的数据...
  获取到 2556 条数据，保存到 /data/data_liy/quant/raw/stock_daily/002302.SZ.csv
正在获取808/5426 美盈森(002303.SZ) [20150105 , 20250827 )的数据...
  获取到 2502 条数据，保存到 /data/data_liy/quant/raw/stock_daily/002303.SZ.csv
正在获取809/5426 洋河股份(002304.SZ) [20150105 , 20250827 )的数据...
  获取到 2588 条数据，保存到 /data/data_liy/quant/raw/stock_daily/002304.SZ.csv
正在获取810/5426 *ST南置(002305.SZ) [20150105 , 20250827 )的数据...
HTTPConnectionPool(host='api.waditu.com', port=80): Max retries exceeded with url: /dataapi/daily (Caused by NameResolutionError("<urllib3.connection.HTTPConnection object at 0x7f6a04597a60>: Failed to resolve 'api.waditu.com' ([Errno -2] Name or service not known)"))
  获取到 2559 条数据，保存到 /data/data_liy/quant/raw/stock_daily/002305.SZ.csv
正在获取811/5426 *ST云网(002306.SZ) [20150105 , 20250827 )的数据...
  获取到 2309 条数据，保存到 /data/data_liy/quant/raw/stock_daily/002306.SZ.csv
正在获取812/5426 北新路桥(002307.SZ) [20150105 , 20250827 )的数据...
  获取到 2577 条数据，保存到 /data/data_liy/quant/raw/stock_daily/002307.SZ.csv
正在获取813/5426 中利集团(002309.SZ) [20150105 , 20250827 )的数据...
  获取到 2362 条数据，保存到 /data/data_liy/quant/raw/stock_daily/002309.SZ.csv
正在获取814/5426 东方园林(002310.SZ) [20150105 , 20250827 )的数据...
  获取到 2376 条数据，保存到 /data/data_liy/quant/raw/stock_daily/002310.SZ.csv
正在获取815/5426 海大集团(002311.SZ) [20150105 , 20250827 )的数据...
  获取到 2588 条数据，保存到 /data/data_liy/quant/raw/stock_daily/002311.SZ.csv
正在获取816/5426 川发龙蟒(002312.SZ) [20150105 , 20250827 )的数据...
  获取到 2257 条数据，保存到 /data/data_liy/quant/raw/stock_daily/002312.SZ.csv
正在获取817/5426 日海智能(002313.SZ) [20150105 , 20250827 )的数据...
  获取到 2455 条数据，保存到 /data/data_liy/quant/raw/stock_daily/002313.SZ.csv
正在获取818/5426 南山控股(002314.SZ) [20150105 , 20250827 )的数据...
  获取到 2463 条数据，保存到 /data/data_liy/quant/raw/stock_daily/002314.SZ.csv
正在获取819/5426 焦点科技(002315.SZ) [20150105 , 20250827 )的数据...
  获取到 2588 条数据，保存到 /data/data_liy/quant/raw/stock_daily/002315.SZ.csv
正在获取820/5426 ST亚联(002316.SZ) [20150105 , 20250827 )的数据...
  获取到 2188 条数据，保存到 /data/data_liy/quant/raw/stock_daily/002316.SZ.csv
正在获取821/5426 众生药业(002317.SZ) [20150105 , 20250827 )的数据...
  获取到 2527 条数据，保存到 /data/data_liy/quant/raw/stock_daily/002317.SZ.csv
正在获取822/5426 久立特材(002318.SZ) [20150105 , 20250827 )的数据...
  获取到 2564 条数据，保存到 /data/data_liy/quant/raw/stock_daily/002318.SZ.csv
正在获取823/5426 乐通股份(002319.SZ) [20150105 , 20250827 )的数据...
  获取到 2390 条数据，保存到 /data/data_liy/quant/raw/stock_daily/002319.SZ.csv
正在获取824/5426 海峡股份(002320.SZ) [20150105 , 20250827 )的数据...
  获取到 2437 条数据，保存到 /data/data_liy/quant/raw/stock_daily/002320.SZ.csv
正在获取825/5426 华英农业(002321.SZ) [20150105 , 20250827 )的数据...
  获取到 2534 条数据，保存到 /data/data_liy/quant/raw/stock_daily/002321.SZ.csv
正在获取826/5426 理工能科(002322.SZ) [20150105 , 20250827 )的数据...
  获取到 2569 条数据，保存到 /data/data_liy/quant/raw/stock_daily/002322.SZ.csv
正在获取827/5426 雅博股份(002323.SZ) [20150105 , 20250827 )的数据...
  获取到 2201 条数据，保存到 /data/data_liy/quant/raw/stock_daily/002323.SZ.csv
正在获取828/5426 普利特(002324.SZ) [20150105 , 20250827 )的数据...
HTTPConnectionPool(host='api.waditu.com', port=80): Max retries exceeded with url: /dataapi/daily (Caused by NameResolutionError("<urllib3.connection.HTTPConnection object at 0x7f6a04597ac0>: Failed to resolve 'api.waditu.com' ([Errno -2] Name or service not known)"))
  获取到 2565 条数据，保存到 /data/data_liy/quant/raw/stock_daily/002324.SZ.csv
正在获取829/5426 永太科技(002326.SZ) [20150105 , 20250827 )的数据...
  获取到 2484 条数据，保存到 /data/data_liy/quant/raw/stock_daily/002326.SZ.csv
正在获取830/5426 富安娜(002327.SZ) [20150105 , 20250827 )的数据...
  获取到 2584 条数据，保存到 /data/data_liy/quant/raw/stock_daily/002327.SZ.csv
正在获取831/5426 新朋股份(002328.SZ) [20150105 , 20250827 )的数据...
  获取到 2584 条数据，保存到 /data/data_liy/quant/raw/stock_daily/002328.SZ.csv
正在获取832/5426 皇氏集团(002329.SZ) [20150105 , 20250827 )的数据...
  获取到 2518 条数据，保存到 /data/data_liy/quant/raw/stock_daily/002329.SZ.csv
正在获取833/5426 得利斯(002330.SZ) [20150105 , 20250827 )的数据...
  获取到 2540 条数据，保存到 /data/data_liy/quant/raw/stock_daily/002330.SZ.csv
正在获取834/5426 皖通科技(002331.SZ) [20150105 , 20250827 )的数据...
  获取到 2366 条数据，保存到 /data/data_liy/quant/raw/stock_daily/002331.SZ.csv
正在获取835/5426 仙琚制药(002332.SZ) [20150105 , 20250827 )的数据...
  获取到 2587 条数据，保存到 /data/data_liy/quant/raw/stock_daily/002332.SZ.csv
正在获取836/5426 罗普斯金(002333.SZ) [20150105 , 20250827 )的数据...
  获取到 2569 条数据，保存到 /data/data_liy/quant/raw/stock_daily/002333.SZ.csv
正在获取837/5426 英威腾(002334.SZ) [20150105 , 20250827 )的数据...
  获取到 2567 条数据，保存到 /data/data_liy/quant/raw/stock_daily/002334.SZ.csv
正在获取838/5426 科华数据(002335.SZ) [20150105 , 20250827 )的数据...
  获取到 2500 条数据，保存到 /data/data_liy/quant/raw/stock_daily/002335.SZ.csv
正在获取839/5426 赛象科技(002337.SZ) [20150105 , 20250827 )的数据...
  获取到 2588 条数据，保存到 /data/data_liy/quant/raw/stock_daily/002337.SZ.csv
正在获取840/5426 奥普光电(002338.SZ) [20150105 , 20250827 )的数据...
  获取到 2537 条数据，保存到 /data/data_liy/quant/raw/stock_daily/002338.SZ.csv
正在获取841/5426 积成电子(002339.SZ) [20150105 , 20250827 )的数据...
  获取到 2539 条数据，保存到 /data/data_liy/quant/raw/stock_daily/002339.SZ.csv
正在获取842/5426 格林美(002340.SZ) [20150105 , 20250827 )的数据...
  获取到 2562 条数据，保存到 /data/data_liy/quant/raw/stock_daily/002340.SZ.csv
正在获取843/5426 巨力索具(002342.SZ) [20150105 , 20250827 )的数据...
  获取到 2566 条数据，保存到 /data/data_liy/quant/raw/stock_daily/002342.SZ.csv
正在获取844/5426 慈文传媒(002343.SZ) [20150105 , 20250827 )的数据...
  获取到 2491 条数据，保存到 /data/data_liy/quant/raw/stock_daily/002343.SZ.csv
正在获取845/5426 海宁皮城(002344.SZ) [20150105 , 20250827 )的数据...
  获取到 2497 条数据，保存到 /data/data_liy/quant/raw/stock_daily/002344.SZ.csv
正在获取846/5426 潮宏基(002345.SZ) [20150105 , 20250827 )的数据...
  获取到 2392 条数据，保存到 /data/data_liy/quant/raw/stock_daily/002345.SZ.csv
正在获取847/5426 柘中股份(002346.SZ) [20150105 , 20250827 )的数据...
  获取到 2469 条数据，保存到 /data/data_liy/quant/raw/stock_daily/002346.SZ.csv
正在获取848/5426 泰尔股份(002347.SZ) [20150105 , 20250827 )的数据...
  获取到 2436 条数据，保存到 /data/data_liy/quant/raw/stock_daily/002347.SZ.csv
正在获取849/5426 高乐股份(002348.SZ) [20150105 , 20250827 )的数据...
  获取到 2451 条数据，保存到 /data/data_liy/quant/raw/stock_daily/002348.SZ.csv
正在获取850/5426 精华制药(002349.SZ) [20150105 , 20250827 )的数据...
  获取到 2387 条数据，保存到 /data/data_liy/quant/raw/stock_daily/002349.SZ.csv
正在获取851/5426 北京科锐(002350.SZ) [20150105 , 20250827 )的数据...
  获取到 2551 条数据，保存到 /data/data_liy/quant/raw/stock_daily/002350.SZ.csv
正在获取852/5426 漫步者(002351.SZ) [20150105 , 20250827 )的数据...
  获取到 2579 条数据，保存到 /data/data_liy/quant/raw/stock_daily/002351.SZ.csv
正在获取853/5426 顺丰控股(002352.SZ) [20150105 , 20250827 )的数据...
  获取到 2540 条数据，保存到 /data/data_liy/quant/raw/stock_daily/002352.SZ.csv
正在获取854/5426 杰瑞股份(002353.SZ) [20150105 , 20250827 )的数据...
  获取到 2484 条数据，保存到 /data/data_liy/quant/raw/stock_daily/002353.SZ.csv
正在获取855/5426 天娱数科(002354.SZ) [20150105 , 20250827 )的数据...
  获取到 2386 条数据，保存到 /data/data_liy/quant/raw/stock_daily/002354.SZ.csv
正在获取856/5426 兴民智通(002355.SZ) [20150105 , 20250827 )的数据...
  获取到 2468 条数据，保存到 /data/data_liy/quant/raw/stock_daily/002355.SZ.csv
正在获取857/5426 赫美集团(002356.SZ) [20150105 , 20250827 )的数据...
  获取到 2430 条数据，保存到 /data/data_liy/quant/raw/stock_daily/002356.SZ.csv
正在获取858/5426 富临运业(002357.SZ) [20150105 , 20250827 )的数据...
  获取到 2403 条数据，保存到 /data/data_liy/quant/raw/stock_daily/002357.SZ.csv
正在获取859/5426 森源电气(002358.SZ) [20150105 , 20250827 )的数据...
  获取到 2411 条数据，保存到 /data/data_liy/quant/raw/stock_daily/002358.SZ.csv
正在获取860/5426 同德化工(002360.SZ) [20150105 , 20250827 )的数据...
  获取到 2543 条数据，保存到 /data/data_liy/quant/raw/stock_daily/002360.SZ.csv
正在获取861/5426 神剑股份(002361.SZ) [20150105 , 20250827 )的数据...
  获取到 2494 条数据，保存到 /data/data_liy/quant/raw/stock_daily/002361.SZ.csv
正在获取862/5426 汉王科技(002362.SZ) [20150105 , 20250827 )的数据...
  获取到 2588 条数据，保存到 /data/data_liy/quant/raw/stock_daily/002362.SZ.csv
正在获取863/5426 隆基机械(002363.SZ) [20150105 , 20250827 )的数据...
  获取到 2574 条数据，保存到 /data/data_liy/quant/raw/stock_daily/002363.SZ.csv
正在获取864/5426 中恒电气(002364.SZ) [20150105 , 20250827 )的数据...
  获取到 2563 条数据，保存到 /data/data_liy/quant/raw/stock_daily/002364.SZ.csv
正在获取865/5426 永安药业(002365.SZ) [20150105 , 20250827 )的数据...
  获取到 2588 条数据，保存到 /data/data_liy/quant/raw/stock_daily/002365.SZ.csv
正在获取866/5426 融发核电(002366.SZ) [20150105 , 20250827 )的数据...
  获取到 2449 条数据，保存到 /data/data_liy/quant/raw/stock_daily/002366.SZ.csv
正在获取867/5426 康力电梯(002367.SZ) [20150105 , 20250827 )的数据...
  获取到 2524 条数据，保存到 /data/data_liy/quant/raw/stock_daily/002367.SZ.csv
正在获取868/5426 太极股份(002368.SZ) [20150105 , 20250827 )的数据...
  获取到 2413 条数据，保存到 /data/data_liy/quant/raw/stock_daily/002368.SZ.csv
正在获取869/5426 卓翼科技(002369.SZ) [20150105 , 20250827 )的数据...
  获取到 2353 条数据，保存到 /data/data_liy/quant/raw/stock_daily/002369.SZ.csv
正在获取870/5426 亚太药业(002370.SZ) [20150105 , 20250827 )的数据...
  获取到 2462 条数据，保存到 /data/data_liy/quant/raw/stock_daily/002370.SZ.csv
正在获取871/5426 北方华创(002371.SZ) [20150105 , 20250827 )的数据...
  获取到 2517 条数据，保存到 /data/data_liy/quant/raw/stock_daily/002371.SZ.csv
正在获取872/5426 伟星新材(002372.SZ) [20150105 , 20250827 )的数据...
  获取到 2588 条数据，保存到 /data/data_liy/quant/raw/stock_daily/002372.SZ.csv
正在获取873/5426 千方科技(002373.SZ) [20150105 , 20250827 )的数据...
  获取到 2419 条数据，保存到 /data/data_liy/quant/raw/stock_daily/002373.SZ.csv
正在获取874/5426 中锐股份(002374.SZ) [20150105 , 20250827 )的数据...
  获取到 2560 条数据，保存到 /data/data_liy/quant/raw/stock_daily/002374.SZ.csv
正在获取875/5426 亚厦股份(002375.SZ) [20150105 , 20250827 )的数据...
  获取到 2566 条数据，保存到 /data/data_liy/quant/raw/stock_daily/002375.SZ.csv
正在获取876/5426 新北洋(002376.SZ) [20150105 , 20250827 )的数据...
  获取到 2535 条数据，保存到 /data/data_liy/quant/raw/stock_daily/002376.SZ.csv
正在获取877/5426 国创高新(002377.SZ) [20150105 , 20250827 )的数据...
  获取到 2420 条数据，保存到 /data/data_liy/quant/raw/stock_daily/002377.SZ.csv
正在获取878/5426 章源钨业(002378.SZ) [20150105 , 20250827 )的数据...
  获取到 2568 条数据，保存到 /data/data_liy/quant/raw/stock_daily/002378.SZ.csv
正在获取879/5426 宏创控股(002379.SZ) [20150105 , 20250827 )的数据...
  获取到 2238 条数据，保存到 /data/data_liy/quant/raw/stock_daily/002379.SZ.csv
正在获取880/5426 科远智慧(002380.SZ) [20150105 , 20250827 )的数据...
  获取到 2575 条数据，保存到 /data/data_liy/quant/raw/stock_daily/002380.SZ.csv
正在获取881/5426 双箭股份(002381.SZ) [20150105 , 20250827 )的数据...
  获取到 2573 条数据，保存到 /data/data_liy/quant/raw/stock_daily/002381.SZ.csv
正在获取882/5426 蓝帆医疗(002382.SZ) [20150105 , 20250827 )的数据...
  获取到 2466 条数据，保存到 /data/data_liy/quant/raw/stock_daily/002382.SZ.csv
正在获取883/5426 合众思壮(002383.SZ) [20150105 , 20250827 )的数据...
  获取到 2420 条数据，保存到 /data/data_liy/quant/raw/stock_daily/002383.SZ.csv
正在获取884/5426 东山精密(002384.SZ) [20150105 , 20250827 )的数据...
  获取到 2387 条数据，保存到 /data/data_liy/quant/raw/stock_daily/002384.SZ.csv
正在获取885/5426 大北农(002385.SZ) [20150105 , 20250827 )的数据...
  获取到 2563 条数据，保存到 /data/data_liy/quant/raw/stock_daily/002385.SZ.csv
正在获取886/5426 天原股份(002386.SZ) [20150105 , 20250827 )的数据...
  获取到 2556 条数据，保存到 /data/data_liy/quant/raw/stock_daily/002386.SZ.csv
正在获取887/5426 维信诺(002387.SZ) [20150105 , 20250827 )的数据...
  获取到 2449 条数据，保存到 /data/data_liy/quant/raw/stock_daily/002387.SZ.csv
正在获取888/5426 ST新亚(002388.SZ) [20150105 , 20250827 )的数据...
  获取到 2502 条数据，保存到 /data/data_liy/quant/raw/stock_daily/002388.SZ.csv
正在获取889/5426 航天彩虹(002389.SZ) [20150105 , 20250827 )的数据...
  获取到 2383 条数据，保存到 /data/data_liy/quant/raw/stock_daily/002389.SZ.csv
正在获取890/5426 信邦制药(002390.SZ) [20150105 , 20250827 )的数据...
  获取到 2518 条数据，保存到 /data/data_liy/quant/raw/stock_daily/002390.SZ.csv
正在获取891/5426 长青股份(002391.SZ) [20150105 , 20250827 )的数据...
  获取到 2588 条数据，保存到 /data/data_liy/quant/raw/stock_daily/002391.SZ.csv
正在获取892/5426 北京利尔(002392.SZ) [20150105 , 20250827 )的数据...
  获取到 2525 条数据，保存到 /data/data_liy/quant/raw/stock_daily/002392.SZ.csv
正在获取893/5426 力生制药(002393.SZ) [20150105 , 20250827 )的数据...
  获取到 2588 条数据，保存到 /data/data_liy/quant/raw/stock_daily/002393.SZ.csv
正在获取894/5426 联发股份(002394.SZ) [20150105 , 20250827 )的数据...
  获取到 2588 条数据，保存到 /data/data_liy/quant/raw/stock_daily/002394.SZ.csv
正在获取895/5426 双象股份(002395.SZ) [20150105 , 20250827 )的数据...
  获取到 2551 条数据，保存到 /data/data_liy/quant/raw/stock_daily/002395.SZ.csv
正在获取896/5426 星网锐捷(002396.SZ) [20150105 , 20250827 )的数据...
  获取到 2450 条数据，保存到 /data/data_liy/quant/raw/stock_daily/002396.SZ.csv
正在获取897/5426 梦洁股份(002397.SZ) [20150105 , 20250827 )的数据...
  获取到 2582 条数据，保存到 /data/data_liy/quant/raw/stock_daily/002397.SZ.csv
正在获取898/5426 垒知集团(002398.SZ) [20150105 , 20250827 )的数据...
  获取到 2467 条数据，保存到 /data/data_liy/quant/raw/stock_daily/002398.SZ.csv
正在获取899/5426 海普瑞(002399.SZ) [20150105 , 20250827 )的数据...
  获取到 2421 条数据，保存到 /data/data_liy/quant/raw/stock_daily/002399.SZ.csv
正在获取900/5426 省广集团(002400.SZ) [20150105 , 20250827 )的数据...
  获取到 2419 条数据，保存到 /data/data_liy/quant/raw/stock_daily/002400.SZ.csv
正在获取901/5426 中远海科(002401.SZ) [20150105 , 20250827 )的数据...
  获取到 2505 条数据，保存到 /data/data_liy/quant/raw/stock_daily/002401.SZ.csv
正在获取902/5426 和而泰(002402.SZ) [20150105 , 20250827 )的数据...
  获取到 2570 条数据，保存到 /data/data_liy/quant/raw/stock_daily/002402.SZ.csv
正在获取903/5426 爱仕达(002403.SZ) [20150105 , 20250827 )的数据...
  获取到 2555 条数据，保存到 /data/data_liy/quant/raw/stock_daily/002403.SZ.csv
正在获取904/5426 嘉欣丝绸(002404.SZ) [20150105 , 20250827 )的数据...
  获取到 2547 条数据，保存到 /data/data_liy/quant/raw/stock_daily/002404.SZ.csv
正在获取905/5426 四维图新(002405.SZ) [20150105 , 20250827 )的数据...
  获取到 2511 条数据，保存到 /data/data_liy/quant/raw/stock_daily/002405.SZ.csv
正在获取906/5426 远东传动(002406.SZ) [20150105 , 20250827 )的数据...
  获取到 2583 条数据，保存到 /data/data_liy/quant/raw/stock_daily/002406.SZ.csv
正在获取907/5426 多氟多(002407.SZ) [20150105 , 20250827 )的数据...
  获取到 2558 条数据，保存到 /data/data_liy/quant/raw/stock_daily/002407.SZ.csv
正在获取908/5426 齐翔腾达(002408.SZ) [20150105 , 20250827 )的数据...
  获取到 2411 条数据，保存到 /data/data_liy/quant/raw/stock_daily/002408.SZ.csv
正在获取909/5426 雅克科技(002409.SZ) [20150105 , 20250827 )的数据...
  获取到 2290 条数据，保存到 /data/data_liy/quant/raw/stock_daily/002409.SZ.csv
正在获取910/5426 广联达(002410.SZ) [20150105 , 20250827 )的数据...
  获取到 2551 条数据，保存到 /data/data_liy/quant/raw/stock_daily/002410.SZ.csv
正在获取911/5426 汉森制药(002412.SZ) [20150105 , 20250827 )的数据...
  获取到 2482 条数据，保存到 /data/data_liy/quant/raw/stock_daily/002412.SZ.csv
正在获取912/5426 雷科防务(002413.SZ) [20150105 , 20250827 )的数据...
  获取到 2415 条数据，保存到 /data/data_liy/quant/raw/stock_daily/002413.SZ.csv
正在获取913/5426 高德红外(002414.SZ) [20150105 , 20250827 )的数据...
  获取到 2503 条数据，保存到 /data/data_liy/quant/raw/stock_daily/002414.SZ.csv
正在获取914/5426 海康威视(002415.SZ) [20150105 , 20250827 )的数据...
  获取到 2543 条数据，保存到 /data/data_liy/quant/raw/stock_daily/002415.SZ.csv
正在获取915/5426 爱施德(002416.SZ) [20150105 , 20250827 )的数据...
  获取到 2526 条数据，保存到 /data/data_liy/quant/raw/stock_daily/002416.SZ.csv
正在获取916/5426 康盛股份(002418.SZ) [20150105 , 20250827 )的数据...
  获取到 2397 条数据，保存到 /data/data_liy/quant/raw/stock_daily/002418.SZ.csv
正在获取917/5426 天虹股份(002419.SZ) [20150105 , 20250827 )的数据...
  获取到 2588 条数据，保存到 /data/data_liy/quant/raw/stock_daily/002419.SZ.csv
正在获取918/5426 毅昌科技(002420.SZ) [20150105 , 20250827 )的数据...
  获取到 2584 条数据，保存到 /data/data_liy/quant/raw/stock_daily/002420.SZ.csv
正在获取919/5426 达实智能(002421.SZ) [20150105 , 20250827 )的数据...
  获取到 2496 条数据，保存到 /data/data_liy/quant/raw/stock_daily/002421.SZ.csv
正在获取920/5426 科伦药业(002422.SZ) [20150105 , 20250827 )的数据...
  获取到 2584 条数据，保存到 /data/data_liy/quant/raw/stock_daily/002422.SZ.csv
正在获取921/5426 中粮资本(002423.SZ) [20150105 , 20250827 )的数据...
  获取到 2437 条数据，保存到 /data/data_liy/quant/raw/stock_daily/002423.SZ.csv
正在获取922/5426 贵州百灵(002424.SZ) [20150105 , 20250827 )的数据...
  获取到 2586 条数据，保存到 /data/data_liy/quant/raw/stock_daily/002424.SZ.csv
正在获取923/5426 ST凯文(002425.SZ) [20150105 , 20250827 )的数据...
  获取到 2454 条数据，保存到 /data/data_liy/quant/raw/stock_daily/002425.SZ.csv
正在获取924/5426 胜利精密(002426.SZ) [20150105 , 20250827 )的数据...
  获取到 2327 条数据，保存到 /data/data_liy/quant/raw/stock_daily/002426.SZ.csv
正在获取925/5426 尤夫股份(002427.SZ) [20150105 , 20250827 )的数据...
HTTPConnectionPool(host='api.waditu.com', port=80): Max retries exceeded with url: /dataapi/adj_factor (Caused by NameResolutionError("<urllib3.connection.HTTPConnection object at 0x7f6a045e4d60>: Failed to resolve 'api.waditu.com' ([Errno -2] Name or service not known)"))
  获取到 2393 条数据，保存到 /data/data_liy/quant/raw/stock_daily/002427.SZ.csv
正在获取926/5426 云南锗业(002428.SZ) [20150105 , 20250827 )的数据...
  获取到 2580 条数据，保存到 /data/data_liy/quant/raw/stock_daily/002428.SZ.csv
正在获取927/5426 兆驰股份(002429.SZ) [20150105 , 20250827 )的数据...
  获取到 2505 条数据，保存到 /data/data_liy/quant/raw/stock_daily/002429.SZ.csv
正在获取928/5426 杭氧股份(002430.SZ) [20150105 , 20250827 )的数据...
  获取到 2574 条数据，保存到 /data/data_liy/quant/raw/stock_daily/002430.SZ.csv
正在获取929/5426 棕榈股份(002431.SZ) [20150105 , 20250827 )的数据...
HTTPConnectionPool(host='api.waditu.com', port=80): Max retries exceeded with url: /dataapi/daily (Caused by NameResolutionError("<urllib3.connection.HTTPConnection object at 0x7f6a045e4520>: Failed to resolve 'api.waditu.com' ([Errno -2] Name or service not known)"))
  获取到 2440 条数据，保存到 /data/data_liy/quant/raw/stock_daily/002431.SZ.csv
正在获取930/5426 九安医疗(002432.SZ) [20150105 , 20250827 )的数据...
  获取到 2567 条数据，保存到 /data/data_liy/quant/raw/stock_daily/002432.SZ.csv
正在获取931/5426 万里扬(002434.SZ) [20150105 , 20250827 )的数据...
  获取到 2453 条数据，保存到 /data/data_liy/quant/raw/stock_daily/002434.SZ.csv
正在获取932/5426 兴森科技(002436.SZ) [20150105 , 20250827 )的数据...
  获取到 2450 条数据，保存到 /data/data_liy/quant/raw/stock_daily/002436.SZ.csv
正在获取933/5426 誉衡药业(002437.SZ) [20150105 , 20250827 )的数据...
  获取到 2431 条数据，保存到 /data/data_liy/quant/raw/stock_daily/002437.SZ.csv
正在获取934/5426 江苏神通(002438.SZ) [20150105 , 20250827 )的数据...
HTTPConnectionPool(host='api.waditu.com', port=80): Max retries exceeded with url: /dataapi/daily (Caused by NameResolutionError("<urllib3.connection.HTTPConnection object at 0x7f6a045e4100>: Failed to resolve 'api.waditu.com' ([Errno -2] Name or service not known)"))
  获取到 2477 条数据，保存到 /data/data_liy/quant/raw/stock_daily/002438.SZ.csv
正在获取935/5426 启明星辰(002439.SZ) [20150105 , 20250827 )的数据...
  获取到 2464 条数据，保存到 /data/data_liy/quant/raw/stock_daily/002439.SZ.csv
正在获取936/5426 闰土股份(002440.SZ) [20150105 , 20250827 )的数据...
  获取到 2531 条数据，保存到 /data/data_liy/quant/raw/stock_daily/002440.SZ.csv
正在获取937/5426 众业达(002441.SZ) [20150105 , 20250827 )的数据...
  获取到 2543 条数据，保存到 /data/data_liy/quant/raw/stock_daily/002441.SZ.csv
正在获取938/5426 龙星科技(002442.SZ) [20150105 , 20250827 )的数据...
  获取到 2320 条数据，保存到 /data/data_liy/quant/raw/stock_daily/002442.SZ.csv
正在获取939/5426 金洲管道(002443.SZ) [20150105 , 20250827 )的数据...
  获取到 2424 条数据，保存到 /data/data_liy/quant/raw/stock_daily/002443.SZ.csv
正在获取940/5426 巨星科技(002444.SZ) [20150105 , 20250827 )的数据...
  获取到 2583 条数据，保存到 /data/data_liy/quant/raw/stock_daily/002444.SZ.csv
正在获取941/5426 中南文化(002445.SZ) [20150105 , 20250827 )的数据...
  获取到 2336 条数据，保存到 /data/data_liy/quant/raw/stock_daily/002445.SZ.csv
正在获取942/5426 盛路通信(002446.SZ) [20150105 , 20250827 )的数据...
  获取到 2517 条数据，保存到 /data/data_liy/quant/raw/stock_daily/002446.SZ.csv
正在获取943/5426 中原内配(002448.SZ) [20150105 , 20250827 )的数据...
  获取到 2584 条数据，保存到 /data/data_liy/quant/raw/stock_daily/002448.SZ.csv
正在获取944/5426 国星光电(002449.SZ) [20150105 , 20250827 )的数据...
  获取到 2584 条数据，保存到 /data/data_liy/quant/raw/stock_daily/002449.SZ.csv
正在获取945/5426 摩恩电气(002451.SZ) [20150105 , 20250827 )的数据...
  获取到 2499 条数据，保存到 /data/data_liy/quant/raw/stock_daily/002451.SZ.csv
正在获取946/5426 长高电新(002452.SZ) [20150105 , 20250827 )的数据...
  获取到 2453 条数据，保存到 /data/data_liy/quant/raw/stock_daily/002452.SZ.csv
正在获取947/5426 华软科技(002453.SZ) [20150105 , 20250827 )的数据...
  获取到 2383 条数据，保存到 /data/data_liy/quant/raw/stock_daily/002453.SZ.csv
正在获取948/5426 松芝股份(002454.SZ) [20150105 , 20250827 )的数据...
  获取到 2568 条数据，保存到 /data/data_liy/quant/raw/stock_daily/002454.SZ.csv
正在获取949/5426 百川股份(002455.SZ) [20150105 , 20250827 )的数据...
  获取到 2548 条数据，保存到 /data/data_liy/quant/raw/stock_daily/002455.SZ.csv
正在获取950/5426 欧菲光(002456.SZ) [20150105 , 20250827 )的数据...
HTTPConnectionPool(host='api.waditu.com', port=80): Max retries exceeded with url: /dataapi/adj_factor (Caused by NameResolutionError("<urllib3.connection.HTTPConnection object at 0x7f6a045e5240>: Failed to resolve 'api.waditu.com' ([Errno -2] Name or service not known)"))
HTTPConnectionPool(host='api.waditu.com', port=80): Max retries exceeded with url: /dataapi/adj_factor (Caused by NameResolutionError("<urllib3.connection.HTTPConnection object at 0x7f6a045e4460>: Failed to resolve 'api.waditu.com' ([Errno -2] Name or service not known)"))
  获取到 2555 条数据，保存到 /data/data_liy/quant/raw/stock_daily/002456.SZ.csv
正在获取951/5426 青龙管业(002457.SZ) [20150105 , 20250827 )的数据...
  获取到 2588 条数据，保存到 /data/data_liy/quant/raw/stock_daily/002457.SZ.csv
正在获取952/5426 益生股份(002458.SZ) [20150105 , 20250827 )的数据...
  获取到 2512 条数据，保存到 /data/data_liy/quant/raw/stock_daily/002458.SZ.csv
正在获取953/5426 晶澳科技(002459.SZ) [20150105 , 20250827 )的数据...
  获取到 2515 条数据，保存到 /data/data_liy/quant/raw/stock_daily/002459.SZ.csv
正在获取954/5426 赣锋锂业(002460.SZ) [20150105 , 20250827 )的数据...
  获取到 2571 条数据，保存到 /data/data_liy/quant/raw/stock_daily/002460.SZ.csv
正在获取955/5426 珠江啤酒(002461.SZ) [20150105 , 20250827 )的数据...
  获取到 2552 条数据，保存到 /data/data_liy/quant/raw/stock_daily/002461.SZ.csv
正在获取956/5426 嘉事堂(002462.SZ) [20150105 , 20250827 )的数据...
  获取到 2505 条数据，保存到 /data/data_liy/quant/raw/stock_daily/002462.SZ.csv
正在获取957/5426 沪电股份(002463.SZ) [20150105 , 20250827 )的数据...
  获取到 2588 条数据，保存到 /data/data_liy/quant/raw/stock_daily/002463.SZ.csv
正在获取958/5426 海格通信(002465.SZ) [20150105 , 20250827 )的数据...
  获取到 2460 条数据，保存到 /data/data_liy/quant/raw/stock_daily/002465.SZ.csv
正在获取959/5426 天齐锂业(002466.SZ) [20150105 , 20250827 )的数据...
  获取到 2545 条数据，保存到 /data/data_liy/quant/raw/stock_daily/002466.SZ.csv
正在获取960/5426 二六三(002467.SZ) [20150105 , 20250827 )的数据...
  获取到 2564 条数据，保存到 /data/data_liy/quant/raw/stock_daily/002467.SZ.csv
正在获取961/5426 申通快递(002468.SZ) [20150105 , 20250827 )的数据...
  获取到 2495 条数据，保存到 /data/data_liy/quant/raw/stock_daily/002468.SZ.csv
正在获取962/5426 三维化学(002469.SZ) [20150105 , 20250827 )的数据...
  获取到 2499 条数据，保存到 /data/data_liy/quant/raw/stock_daily/002469.SZ.csv
正在获取963/5426 金正大(002470.SZ) [20150105 , 20250827 )的数据...
  获取到 2485 条数据，保存到 /data/data_liy/quant/raw/stock_daily/002470.SZ.csv
正在获取964/5426 中超控股(002471.SZ) [20150105 , 20250827 )的数据...
  获取到 2493 条数据，保存到 /data/data_liy/quant/raw/stock_daily/002471.SZ.csv
正在获取965/5426 双环传动(002472.SZ) [20150105 , 20250827 )的数据...
  获取到 2579 条数据，保存到 /data/data_liy/quant/raw/stock_daily/002472.SZ.csv
正在获取966/5426 榕基软件(002474.SZ) [20150105 , 20250827 )的数据...
  获取到 2528 条数据，保存到 /data/data_liy/quant/raw/stock_daily/002474.SZ.csv
正在获取967/5426 立讯精密(002475.SZ) [20150105 , 20250827 )的数据...
  获取到 2571 条数据，保存到 /data/data_liy/quant/raw/stock_daily/002475.SZ.csv
正在获取968/5426 宝莫股份(002476.SZ) [20150105 , 20250827 )的数据...
  获取到 2471 条数据，保存到 /data/data_liy/quant/raw/stock_daily/002476.SZ.csv
正在获取969/5426 常宝股份(002478.SZ) [20150105 , 20250827 )的数据...
  获取到 2506 条数据，保存到 /data/data_liy/quant/raw/stock_daily/002478.SZ.csv
正在获取970/5426 富春环保(002479.SZ) [20150105 , 20250827 )的数据...
  获取到 2565 条数据，保存到 /data/data_liy/quant/raw/stock_daily/002479.SZ.csv
正在获取971/5426 新筑股份(002480.SZ) [20150105 , 20250827 )的数据...
  获取到 2546 条数据，保存到 /data/data_liy/quant/raw/stock_daily/002480.SZ.csv
正在获取972/5426 双塔食品(002481.SZ) [20150105 , 20250827 )的数据...
  获取到 2463 条数据，保存到 /data/data_liy/quant/raw/stock_daily/002481.SZ.csv
正在获取973/5426 广田集团(002482.SZ) [20150105 , 20250827 )的数据...
  获取到 2559 条数据，保存到 /data/data_liy/quant/raw/stock_daily/002482.SZ.csv
正在获取974/5426 润邦股份(002483.SZ) [20150105 , 20250827 )的数据...
  获取到 2462 条数据，保存到 /data/data_liy/quant/raw/stock_daily/002483.SZ.csv
正在获取975/5426 江海股份(002484.SZ) [20150105 , 20250827 )的数据...
  获取到 2588 条数据，保存到 /data/data_liy/quant/raw/stock_daily/002484.SZ.csv
正在获取976/5426 ST雪发(002485.SZ) [20150105 , 20250827 )的数据...
  获取到 2270 条数据，保存到 /data/data_liy/quant/raw/stock_daily/002485.SZ.csv
正在获取977/5426 嘉麟杰(002486.SZ) [20150105 , 20250827 )的数据...
  获取到 2410 条数据，保存到 /data/data_liy/quant/raw/stock_daily/002486.SZ.csv
正在获取978/5426 大金重工(002487.SZ) [20150105 , 20250827 )的数据...
  获取到 2568 条数据，保存到 /data/data_liy/quant/raw/stock_daily/002487.SZ.csv
正在获取979/5426 金固股份(002488.SZ) [20150105 , 20250827 )的数据...
  获取到 2561 条数据，保存到 /data/data_liy/quant/raw/stock_daily/002488.SZ.csv
正在获取980/5426 浙江永强(002489.SZ) [20150105 , 20250827 )的数据...
  获取到 2555 条数据，保存到 /data/data_liy/quant/raw/stock_daily/002489.SZ.csv
正在获取981/5426 山东墨龙(002490.SZ) [20150105 , 20250827 )的数据...
HTTPConnectionPool(host='api.waditu.com', port=80): Max retries exceeded with url: /dataapi/daily (Caused by NameResolutionError("<urllib3.connection.HTTPConnection object at 0x7f6a045e4160>: Failed to resolve 'api.waditu.com' ([Errno -2] Name or service not known)"))
  获取到 2584 条数据，保存到 /data/data_liy/quant/raw/stock_daily/002490.SZ.csv
正在获取982/5426 通鼎互联(002491.SZ) [20150105 , 20250827 )的数据...
  获取到 2394 条数据，保存到 /data/data_liy/quant/raw/stock_daily/002491.SZ.csv
正在获取983/5426 恒基达鑫(002492.SZ) [20150105 , 20250827 )的数据...
  获取到 2310 条数据，保存到 /data/data_liy/quant/raw/stock_daily/002492.SZ.csv
正在获取984/5426 荣盛石化(002493.SZ) [20150105 , 20250827 )的数据...
  获取到 2584 条数据，保存到 /data/data_liy/quant/raw/stock_daily/002493.SZ.csv
正在获取985/5426 华斯股份(002494.SZ) [20150105 , 20250827 )的数据...
  获取到 2549 条数据，保存到 /data/data_liy/quant/raw/stock_daily/002494.SZ.csv
正在获取986/5426 佳隆股份(002495.SZ) [20150105 , 20250827 )的数据...
  获取到 2580 条数据，保存到 /data/data_liy/quant/raw/stock_daily/002495.SZ.csv
正在获取987/5426 *ST辉丰(002496.SZ) [20150105 , 20250827 )的数据...
  获取到 2568 条数据，保存到 /data/data_liy/quant/raw/stock_daily/002496.SZ.csv
正在获取988/5426 雅化集团(002497.SZ) [20150105 , 20250827 )的数据...
  获取到 2588 条数据，保存到 /data/data_liy/quant/raw/stock_daily/002497.SZ.csv
正在获取989/5426 汉缆股份(002498.SZ) [20150105 , 20250827 )的数据...
  获取到 2554 条数据，保存到 /data/data_liy/quant/raw/stock_daily/002498.SZ.csv
正在获取990/5426 山西证券(002500.SZ) [20150105 , 20250827 )的数据...
  获取到 2577 条数据，保存到 /data/data_liy/quant/raw/stock_daily/002500.SZ.csv
正在获取991/5426 利源股份(002501.SZ) [20150105 , 20250827 )的数据...
  获取到 2571 条数据，保存到 /data/data_liy/quant/raw/stock_daily/002501.SZ.csv
正在获取992/5426 协鑫集成(002506.SZ) [20150105 , 20250827 )的数据...
  获取到 2420 条数据，保存到 /data/data_liy/quant/raw/stock_daily/002506.SZ.csv
正在获取993/5426 涪陵榨菜(002507.SZ) [20150105 , 20250827 )的数据...
  获取到 2404 条数据，保存到 /data/data_liy/quant/raw/stock_daily/002507.SZ.csv
正在获取994/5426 老板电器(002508.SZ) [20150105 , 20250827 )的数据...
  获取到 2584 条数据，保存到 /data/data_liy/quant/raw/stock_daily/002508.SZ.csv
正在获取995/5426 天汽模(002510.SZ) [20150105 , 20250827 )的数据...
  获取到 2505 条数据，保存到 /data/data_liy/quant/raw/stock_daily/002510.SZ.csv
正在获取996/5426 中顺洁柔(002511.SZ) [20150105 , 20250827 )的数据...
  获取到 2558 条数据，保存到 /data/data_liy/quant/raw/stock_daily/002511.SZ.csv
正在获取997/5426 达华智能(002512.SZ) [20150105 , 20250827 )的数据...
  获取到 2223 条数据，保存到 /data/data_liy/quant/raw/stock_daily/002512.SZ.csv
正在获取998/5426 蓝丰生化(002513.SZ) [20150105 , 20250827 )的数据...
  获取到 2382 条数据，保存到 /data/data_liy/quant/raw/stock_daily/002513.SZ.csv
正在获取999/5426 宝馨科技(002514.SZ) [20150105 , 20250827 )的数据...
  获取到 2453 条数据，保存到 /data/data_liy/quant/raw/stock_daily/002514.SZ.csv
正在获取1000/5426 金字火腿(002515.SZ) [20150105 , 20250827 )的数据...
  获取到 2348 条数据，保存到 /data/data_liy/quant/raw/stock_daily/002515.SZ.csv
正在获取1001/5426 旷达科技(002516.SZ) [20150105 , 20250827 )的数据...
  获取到 2572 条数据，保存到 /data/data_liy/quant/raw/stock_daily/002516.SZ.csv
正在获取1002/5426 恺英网络(002517.SZ) [20150105 , 20250827 )的数据...
  获取到 2476 条数据，保存到 /data/data_liy/quant/raw/stock_daily/002517.SZ.csv
正在获取1003/5426 科士达(002518.SZ) [20150105 , 20250827 )的数据...
  获取到 2563 条数据，保存到 /data/data_liy/quant/raw/stock_daily/002518.SZ.csv
正在获取1004/5426 银河电子(002519.SZ) [20150105 , 20250827 )的数据...
  获取到 2536 条数据，保存到 /data/data_liy/quant/raw/stock_daily/002519.SZ.csv
正在获取1005/5426 日发精机(002520.SZ) [20150105 , 20250827 )的数据...
  获取到 2431 条数据，保存到 /data/data_liy/quant/raw/stock_daily/002520.SZ.csv
正在获取1006/5426 齐峰新材(002521.SZ) [20150105 , 20250827 )的数据...
  获取到 2583 条数据，保存到 /data/data_liy/quant/raw/stock_daily/002521.SZ.csv
正在获取1007/5426 浙江众成(002522.SZ) [20150105 , 20250827 )的数据...
  获取到 2562 条数据，保存到 /data/data_liy/quant/raw/stock_daily/002522.SZ.csv
正在获取1008/5426 天桥起重(002523.SZ) [20150105 , 20250827 )的数据...
  获取到 2524 条数据，保存到 /data/data_liy/quant/raw/stock_daily/002523.SZ.csv
正在获取1009/5426 光正眼科(002524.SZ) [20150105 , 20250827 )的数据...
  获取到 2433 条数据，保存到 /data/data_liy/quant/raw/stock_daily/002524.SZ.csv
正在获取1010/5426 山东矿机(002526.SZ) [20150105 , 20250827 )的数据...
  获取到 2387 条数据，保存到 /data/data_liy/quant/raw/stock_daily/002526.SZ.csv
正在获取1011/5426 新时达(002527.SZ) [20150105 , 20250827 )的数据...
  获取到 2509 条数据，保存到 /data/data_liy/quant/raw/stock_daily/002527.SZ.csv
正在获取1012/5426 ST英飞拓(002528.SZ) [20150105 , 20250827 )的数据...
  获取到 2528 条数据，保存到 /data/data_liy/quant/raw/stock_daily/002528.SZ.csv
正在获取1013/5426 *ST海源(002529.SZ) [20150105 , 20250827 )的数据...
  获取到 2524 条数据，保存到 /data/data_liy/quant/raw/stock_daily/002529.SZ.csv
正在获取1014/5426 金财互联(002530.SZ) [20150105 , 20250827 )的数据...
  获取到 2421 条数据，保存到 /data/data_liy/quant/raw/stock_daily/002530.SZ.csv
正在获取1015/5426 天顺风能(002531.SZ) [20150105 , 20250827 )的数据...
  获取到 2559 条数据，保存到 /data/data_liy/quant/raw/stock_daily/002531.SZ.csv
正在获取1016/5426 天山铝业(002532.SZ) [20150105 , 20250827 )的数据...
  获取到 2479 条数据，保存到 /data/data_liy/quant/raw/stock_daily/002532.SZ.csv
正在获取1017/5426 金杯电工(002533.SZ) [20150105 , 20250827 )的数据...
  获取到 2567 条数据，保存到 /data/data_liy/quant/raw/stock_daily/002533.SZ.csv
正在获取1018/5426 西子洁能(002534.SZ) [20150105 , 20250827 )的数据...
  获取到 2588 条数据，保存到 /data/data_liy/quant/raw/stock_daily/002534.SZ.csv
正在获取1019/5426 林州重机(002535.SZ) [20150105 , 20250827 )的数据...
  获取到 2484 条数据，保存到 /data/data_liy/quant/raw/stock_daily/002535.SZ.csv
正在获取1020/5426 飞龙股份(002536.SZ) [20150105 , 20250827 )的数据...
  获取到 2582 条数据，保存到 /data/data_liy/quant/raw/stock_daily/002536.SZ.csv
正在获取1021/5426 海联金汇(002537.SZ) [20150105 , 20250827 )的数据...
  获取到 2454 条数据，保存到 /data/data_liy/quant/raw/stock_daily/002537.SZ.csv
正在获取1022/5426 司尔特(002538.SZ) [20150105 , 20250827 )的数据...
  获取到 2541 条数据，保存到 /data/data_liy/quant/raw/stock_daily/002538.SZ.csv
正在获取1023/5426 云图控股(002539.SZ) [20150105 , 20250827 )的数据...
  获取到 2583 条数据，保存到 /data/data_liy/quant/raw/stock_daily/002539.SZ.csv
正在获取1024/5426 亚太科技(002540.SZ) [20150105 , 20250827 )的数据...
  获取到 2578 条数据，保存到 /data/data_liy/quant/raw/stock_daily/002540.SZ.csv
正在获取1025/5426 鸿路钢构(002541.SZ) [20150105 , 20250827 )的数据...
  获取到 2583 条数据，保存到 /data/data_liy/quant/raw/stock_daily/002541.SZ.csv
正在获取1026/5426 中化岩土(002542.SZ) [20150105 , 20250827 )的数据...
  获取到 2467 条数据，保存到 /data/data_liy/quant/raw/stock_daily/002542.SZ.csv
正在获取1027/5426 万和电气(002543.SZ) [20150105 , 20250827 )的数据...
  获取到 2555 条数据，保存到 /data/data_liy/quant/raw/stock_daily/002543.SZ.csv
正在获取1028/5426 普天科技(002544.SZ) [20150105 , 20250827 )的数据...
  获取到 2434 条数据，保存到 /data/data_liy/quant/raw/stock_daily/002544.SZ.csv
正在获取1029/5426 东方铁塔(002545.SZ) [20150105 , 20250827 )的数据...
  获取到 2358 条数据，保存到 /data/data_liy/quant/raw/stock_daily/002545.SZ.csv
正在获取1030/5426 新联电子(002546.SZ) [20150105 , 20250827 )的数据...
  获取到 2568 条数据，保存到 /data/data_liy/quant/raw/stock_daily/002546.SZ.csv
正在获取1031/5426 春兴精工(002547.SZ) [20150105 , 20250827 )的数据...
  获取到 2392 条数据，保存到 /data/data_liy/quant/raw/stock_daily/002547.SZ.csv
正在获取1032/5426 金新农(002548.SZ) [20150105 , 20250827 )的数据...
  获取到 2501 条数据，保存到 /data/data_liy/quant/raw/stock_daily/002548.SZ.csv
正在获取1033/5426 凯美特气(002549.SZ) [20150105 , 20250827 )的数据...
  获取到 2482 条数据，保存到 /data/data_liy/quant/raw/stock_daily/002549.SZ.csv
正在获取1034/5426 千红制药(002550.SZ) [20150105 , 20250827 )的数据...
  获取到 2585 条数据，保存到 /data/data_liy/quant/raw/stock_daily/002550.SZ.csv
正在获取1035/5426 尚荣医疗(002551.SZ) [20150105 , 20250827 )的数据...
  获取到 2566 条数据，保存到 /data/data_liy/quant/raw/stock_daily/002551.SZ.csv
正在获取1036/5426 宝鼎科技(002552.SZ) [20150105 , 20250827 )的数据...
  获取到 2507 条数据，保存到 /data/data_liy/quant/raw/stock_daily/002552.SZ.csv
正在获取1037/5426 南方精工(002553.SZ) [20150105 , 20250827 )的数据...
  获取到 2464 条数据，保存到 /data/data_liy/quant/raw/stock_daily/002553.SZ.csv
正在获取1038/5426 惠博普(002554.SZ) [20150105 , 20250827 )的数据...
  获取到 2544 条数据，保存到 /data/data_liy/quant/raw/stock_daily/002554.SZ.csv
正在获取1039/5426 三七互娱(002555.SZ) [20150105 , 20250827 )的数据...
  获取到 2390 条数据，保存到 /data/data_liy/quant/raw/stock_daily/002555.SZ.csv
正在获取1040/5426 辉隆股份(002556.SZ) [20150105 , 20250827 )的数据...
  获取到 2569 条数据，保存到 /data/data_liy/quant/raw/stock_daily/002556.SZ.csv
正在获取1041/5426 洽洽食品(002557.SZ) [20150105 , 20250827 )的数据...
  获取到 2548 条数据，保存到 /data/data_liy/quant/raw/stock_daily/002557.SZ.csv
正在获取1042/5426 巨人网络(002558.SZ) [20150105 , 20250827 )的数据...
  获取到 2266 条数据，保存到 /data/data_liy/quant/raw/stock_daily/002558.SZ.csv
正在获取1043/5426 亚威股份(002559.SZ) [20150105 , 20250827 )的数据...
  获取到 2577 条数据，保存到 /data/data_liy/quant/raw/stock_daily/002559.SZ.csv
正在获取1044/5426 通达股份(002560.SZ) [20150105 , 20250827 )的数据...
  获取到 2523 条数据，保存到 /data/data_liy/quant/raw/stock_daily/002560.SZ.csv
正在获取1045/5426 徐家汇(002561.SZ) [20150105 , 20250827 )的数据...
  获取到 2588 条数据，保存到 /data/data_liy/quant/raw/stock_daily/002561.SZ.csv
正在获取1046/5426 兄弟科技(002562.SZ) [20150105 , 20250827 )的数据...
  获取到 2566 条数据，保存到 /data/data_liy/quant/raw/stock_daily/002562.SZ.csv
正在获取1047/5426 森马服饰(002563.SZ) [20150105 , 20250827 )的数据...
  获取到 2587 条数据，保存到 /data/data_liy/quant/raw/stock_daily/002563.SZ.csv
正在获取1048/5426 天沃科技(002564.SZ) [20150105 , 20250827 )的数据...
  获取到 2477 条数据，保存到 /data/data_liy/quant/raw/stock_daily/002564.SZ.csv
正在获取1049/5426 顺灏股份(002565.SZ) [20150105 , 20250827 )的数据...
  获取到 2545 条数据，保存到 /data/data_liy/quant/raw/stock_daily/002565.SZ.csv
正在获取1050/5426 益盛药业(002566.SZ) [20150105 , 20250827 )的数据...
  获取到 2582 条数据，保存到 /data/data_liy/quant/raw/stock_daily/002566.SZ.csv
正在获取1051/5426 唐人神(002567.SZ) [20150105 , 20250827 )的数据...
  获取到 2385 条数据，保存到 /data/data_liy/quant/raw/stock_daily/002567.SZ.csv
正在获取1052/5426 百润股份(002568.SZ) [20150105 , 20250827 )的数据...
  获取到 2556 条数据，保存到 /data/data_liy/quant/raw/stock_daily/002568.SZ.csv
正在获取1053/5426 *ST步森(002569.SZ) [20150105 , 20250827 )的数据...
  获取到 2135 条数据，保存到 /data/data_liy/quant/raw/stock_daily/002569.SZ.csv
正在获取1054/5426 贝因美(002570.SZ) [20150105 , 20250827 )的数据...
  获取到 2538 条数据，保存到 /data/data_liy/quant/raw/stock_daily/002570.SZ.csv
正在获取1055/5426 德力股份(002571.SZ) [20150105 , 20250827 )的数据...
  获取到 2279 条数据，保存到 /data/data_liy/quant/raw/stock_daily/002571.SZ.csv
正在获取1056/5426 索菲亚(002572.SZ) [20150105 , 20250827 )的数据...
  获取到 2563 条数据，保存到 /data/data_liy/quant/raw/stock_daily/002572.SZ.csv
正在获取1057/5426 清新环境(002573.SZ) [20150105 , 20250827 )的数据...
  获取到 2406 条数据，保存到 /data/data_liy/quant/raw/stock_daily/002573.SZ.csv
正在获取1058/5426 明牌珠宝(002574.SZ) [20150105 , 20250827 )的数据...
  获取到 2406 条数据，保存到 /data/data_liy/quant/raw/stock_daily/002574.SZ.csv
正在获取1059/5426 群兴玩具(002575.SZ) [20150105 , 20250827 )的数据...
  获取到 2239 条数据，保存到 /data/data_liy/quant/raw/stock_daily/002575.SZ.csv
正在获取1060/5426 通达动力(002576.SZ) [20150105 , 20250827 )的数据...
  获取到 2222 条数据，保存到 /data/data_liy/quant/raw/stock_daily/002576.SZ.csv
正在获取1061/5426 雷柏科技(002577.SZ) [20150105 , 20250827 )的数据...
  获取到 2479 条数据，保存到 /data/data_liy/quant/raw/stock_daily/002577.SZ.csv
正在获取1062/5426 闽发铝业(002578.SZ) [20150105 , 20250827 )的数据...
  获取到 2419 条数据，保存到 /data/data_liy/quant/raw/stock_daily/002578.SZ.csv
正在获取1063/5426 中京电子(002579.SZ) [20150105 , 20250827 )的数据...
  获取到 2449 条数据，保存到 /data/data_liy/quant/raw/stock_daily/002579.SZ.csv
正在获取1064/5426 圣阳股份(002580.SZ) [20150105 , 20250827 )的数据...
  获取到 2434 条数据，保存到 /data/data_liy/quant/raw/stock_daily/002580.SZ.csv
正在获取1065/5426 ST未名(002581.SZ) [20150105 , 20250827 )的数据...
  获取到 2567 条数据，保存到 /data/data_liy/quant/raw/stock_daily/002581.SZ.csv
正在获取1066/5426 好想你(002582.SZ) [20150105 , 20250827 )的数据...
  获取到 2455 条数据，保存到 /data/data_liy/quant/raw/stock_daily/002582.SZ.csv
正在获取1067/5426 海能达(002583.SZ) [20150105 , 20250827 )的数据...
  获取到 2548 条数据，保存到 /data/data_liy/quant/raw/stock_daily/002583.SZ.csv
正在获取1068/5426 西陇科学(002584.SZ) [20150105 , 20250827 )的数据...
  获取到 2384 条数据，保存到 /data/data_liy/quant/raw/stock_daily/002584.SZ.csv
正在获取1069/5426 双星新材(002585.SZ) [20150105 , 20250827 )的数据...
  获取到 2583 条数据，保存到 /data/data_liy/quant/raw/stock_daily/002585.SZ.csv
正在获取1070/5426 *ST围海(002586.SZ) [20150105 , 20250827 )的数据...
  获取到 2386 条数据，保存到 /data/data_liy/quant/raw/stock_daily/002586.SZ.csv
正在获取1071/5426 奥拓电子(002587.SZ) [20150105 , 20250827 )的数据...
  获取到 2470 条数据，保存到 /data/data_liy/quant/raw/stock_daily/002587.SZ.csv
正在获取1072/5426 史丹利(002588.SZ) [20150105 , 20250827 )的数据...
  获取到 2584 条数据，保存到 /data/data_liy/quant/raw/stock_daily/002588.SZ.csv
正在获取1073/5426 瑞康医药(002589.SZ) [20150105 , 20250827 )的数据...
  获取到 2492 条数据，保存到 /data/data_liy/quant/raw/stock_daily/002589.SZ.csv
正在获取1074/5426 万安科技(002590.SZ) [20150105 , 20250827 )的数据...
  获取到 2560 条数据，保存到 /data/data_liy/quant/raw/stock_daily/002590.SZ.csv
正在获取1075/5426 恒大高新(002591.SZ) [20150105 , 20250827 )的数据...
  获取到 2431 条数据，保存到 /data/data_liy/quant/raw/stock_daily/002591.SZ.csv
正在获取1076/5426 ST八菱(002592.SZ) [20150105 , 20250827 )的数据...
  获取到 2440 条数据，保存到 /data/data_liy/quant/raw/stock_daily/002592.SZ.csv
正在获取1077/5426 日上集团(002593.SZ) [20150105 , 20250827 )的数据...
  获取到 2578 条数据，保存到 /data/data_liy/quant/raw/stock_daily/002593.SZ.csv
正在获取1078/5426 比亚迪(002594.SZ) [20150105 , 20250827 )的数据...
  获取到 2578 条数据，保存到 /data/data_liy/quant/raw/stock_daily/002594.SZ.csv
正在获取1079/5426 豪迈科技(002595.SZ) [20150105 , 20250827 )的数据...
HTTPConnectionPool(host='api.waditu.com', port=80): Max retries exceeded with url: /dataapi/daily (Caused by NameResolutionError("<urllib3.connection.HTTPConnection object at 0x7f6a045e6230>: Failed to resolve 'api.waditu.com' ([Errno -2] Name or service not known)"))
  获取到 2588 条数据，保存到 /data/data_liy/quant/raw/stock_daily/002595.SZ.csv
正在获取1080/5426 海南瑞泽(002596.SZ) [20150105 , 20250827 )的数据...
  获取到 2387 条数据，保存到 /data/data_liy/quant/raw/stock_daily/002596.SZ.csv
正在获取1081/5426 金禾实业(002597.SZ) [20150105 , 20250827 )的数据...
  获取到 2581 条数据，保存到 /data/data_liy/quant/raw/stock_daily/002597.SZ.csv
正在获取1082/5426 山东章鼓(002598.SZ) [20150105 , 20250827 )的数据...
  获取到 2512 条数据，保存到 /data/data_liy/quant/raw/stock_daily/002598.SZ.csv
正在获取1083/5426 盛通股份(002599.SZ) [20150105 , 20250827 )的数据...
  获取到 2495 条数据，保存到 /data/data_liy/quant/raw/stock_daily/002599.SZ.csv
正在获取1084/5426 领益智造(002600.SZ) [20150105 , 20250827 )的数据...
  获取到 2424 条数据，保存到 /data/data_liy/quant/raw/stock_daily/002600.SZ.csv
正在获取1085/5426 龙佰集团(002601.SZ) [20150105 , 20250827 )的数据...
  获取到 2498 条数据，保存到 /data/data_liy/quant/raw/stock_daily/002601.SZ.csv
正在获取1086/5426 ST华通(002602.SZ) [20150105 , 20250827 )的数据...
  获取到 2217 条数据，保存到 /data/data_liy/quant/raw/stock_daily/002602.SZ.csv
正在获取1087/5426 以岭药业(002603.SZ) [20150105 , 20250827 )的数据...
  获取到 2574 条数据，保存到 /data/data_liy/quant/raw/stock_daily/002603.SZ.csv
正在获取1088/5426 姚记科技(002605.SZ) [20150105 , 20250827 )的数据...
  获取到 2435 条数据，保存到 /data/data_liy/quant/raw/stock_daily/002605.SZ.csv
正在获取1089/5426 大连电瓷(002606.SZ) [20150105 , 20250827 )的数据...
  获取到 2374 条数据，保存到 /data/data_liy/quant/raw/stock_daily/002606.SZ.csv
正在获取1090/5426 中公教育(002607.SZ) [20150105 , 20250827 )的数据...
  获取到 2415 条数据，保存到 /data/data_liy/quant/raw/stock_daily/002607.SZ.csv
正在获取1091/5426 江苏国信(002608.SZ) [20150105 , 20250827 )的数据...
  获取到 2252 条数据，保存到 /data/data_liy/quant/raw/stock_daily/002608.SZ.csv
正在获取1092/5426 捷顺科技(002609.SZ) [20150105 , 20250827 )的数据...
  获取到 2563 条数据，保存到 /data/data_liy/quant/raw/stock_daily/002609.SZ.csv
正在获取1093/5426 东方精工(002611.SZ) [20150105 , 20250827 )的数据...
  获取到 2449 条数据，保存到 /data/data_liy/quant/raw/stock_daily/002611.SZ.csv
正在获取1094/5426 朗姿股份(002612.SZ) [20150105 , 20250827 )的数据...
  获取到 2435 条数据，保存到 /data/data_liy/quant/raw/stock_daily/002612.SZ.csv
正在获取1095/5426 北玻股份(002613.SZ) [20150105 , 20250827 )的数据...
  获取到 2581 条数据，保存到 /data/data_liy/quant/raw/stock_daily/002613.SZ.csv
正在获取1096/5426 奥佳华(002614.SZ) [20150105 , 20250827 )的数据...
  获取到 2554 条数据，保存到 /data/data_liy/quant/raw/stock_daily/002614.SZ.csv
正在获取1097/5426 哈尔斯(002615.SZ) [20150105 , 20250827 )的数据...
  获取到 2578 条数据，保存到 /data/data_liy/quant/raw/stock_daily/002615.SZ.csv
正在获取1098/5426 长青集团(002616.SZ) [20150105 , 20250827 )的数据...
  获取到 2540 条数据，保存到 /data/data_liy/quant/raw/stock_daily/002616.SZ.csv
正在获取1099/5426 露笑科技(002617.SZ) [20150105 , 20250827 )的数据...
  获取到 2260 条数据，保存到 /data/data_liy/quant/raw/stock_daily/002617.SZ.csv
正在获取1100/5426 ST瑞和(002620.SZ) [20150105 , 20250827 )的数据...
  获取到 2537 条数据，保存到 /data/data_liy/quant/raw/stock_daily/002620.SZ.csv
正在获取1101/5426 皓宸医疗(002622.SZ) [20150105 , 20250827 )的数据...
  获取到 2247 条数据，保存到 /data/data_liy/quant/raw/stock_daily/002622.SZ.csv
正在获取1102/5426 亚玛顿(002623.SZ) [20150105 , 20250827 )的数据...
  获取到 2569 条数据，保存到 /data/data_liy/quant/raw/stock_daily/002623.SZ.csv
正在获取1103/5426 完美世界(002624.SZ) [20150105 , 20250827 )的数据...
  获取到 2311 条数据，保存到 /data/data_liy/quant/raw/stock_daily/002624.SZ.csv
正在获取1104/5426 光启技术(002625.SZ) [20150105 , 20250827 )的数据...
  获取到 2350 条数据，保存到 /data/data_liy/quant/raw/stock_daily/002625.SZ.csv
正在获取1105/5426 金达威(002626.SZ) [20150105 , 20250827 )的数据...
  获取到 2521 条数据，保存到 /data/data_liy/quant/raw/stock_daily/002626.SZ.csv
正在获取1106/5426 三峡旅游(002627.SZ) [20150105 , 20250827 )的数据...
  获取到 2557 条数据，保存到 /data/data_liy/quant/raw/stock_daily/002627.SZ.csv
正在获取1107/5426 成都路桥(002628.SZ) [20150105 , 20250827 )的数据...
  获取到 2563 条数据，保存到 /data/data_liy/quant/raw/stock_daily/002628.SZ.csv
正在获取1108/5426 仁智股份(002629.SZ) [20150105 , 20250827 )的数据...
  获取到 2386 条数据，保存到 /data/data_liy/quant/raw/stock_daily/002629.SZ.csv
正在获取1109/5426 ST华西(002630.SZ) [20150105 , 20250827 )的数据...
  获取到 2359 条数据，保存到 /data/data_liy/quant/raw/stock_daily/002630.SZ.csv
正在获取1110/5426 德尔未来(002631.SZ) [20150105 , 20250827 )的数据...
  获取到 2429 条数据，保存到 /data/data_liy/quant/raw/stock_daily/002631.SZ.csv
正在获取1111/5426 道明光学(002632.SZ) [20150105 , 20250827 )的数据...
  获取到 2464 条数据，保存到 /data/data_liy/quant/raw/stock_daily/002632.SZ.csv
正在获取1112/5426 申科股份(002633.SZ) [20150105 , 20250827 )的数据...
  获取到 2389 条数据，保存到 /data/data_liy/quant/raw/stock_daily/002633.SZ.csv
正在获取1113/5426 棒杰股份(002634.SZ) [20150105 , 20250827 )的数据...
  获取到 2573 条数据，保存到 /data/data_liy/quant/raw/stock_daily/002634.SZ.csv
正在获取1114/5426 安洁科技(002635.SZ) [20150105 , 20250827 )的数据...
  获取到 2515 条数据，保存到 /data/data_liy/quant/raw/stock_daily/002635.SZ.csv
正在获取1115/5426 金安国纪(002636.SZ) [20150105 , 20250827 )的数据...
  获取到 2467 条数据，保存到 /data/data_liy/quant/raw/stock_daily/002636.SZ.csv
正在获取1116/5426 赞宇科技(002637.SZ) [20150105 , 20250827 )的数据...
  获取到 2525 条数据，保存到 /data/data_liy/quant/raw/stock_daily/002637.SZ.csv
正在获取1117/5426 勤上股份(002638.SZ) [20150105 , 20250827 )的数据...
  获取到 2253 条数据，保存到 /data/data_liy/quant/raw/stock_daily/002638.SZ.csv
正在获取1118/5426 雪人集团(002639.SZ) [20150105 , 20250827 )的数据...
  获取到 2477 条数据，保存到 /data/data_liy/quant/raw/stock_daily/002639.SZ.csv
正在获取1119/5426 跨境通(002640.SZ) [20150105 , 20250827 )的数据...
  获取到 2498 条数据，保存到 /data/data_liy/quant/raw/stock_daily/002640.SZ.csv
正在获取1120/5426 公元股份(002641.SZ) [20150105 , 20250827 )的数据...
  获取到 2588 条数据，保存到 /data/data_liy/quant/raw/stock_daily/002641.SZ.csv
正在获取1121/5426 荣联科技(002642.SZ) [20150105 , 20250827 )的数据...
HTTPConnectionPool(host='api.waditu.com', port=80): Max retries exceeded with url: /dataapi/adj_factor (Caused by NameResolutionError("<urllib3.connection.HTTPConnection object at 0x7f6a045e7820>: Failed to resolve 'api.waditu.com' ([Errno -2] Name or service not known)"))
  获取到 2452 条数据，保存到 /data/data_liy/quant/raw/stock_daily/002642.SZ.csv
正在获取1122/5426 万润股份(002643.SZ) [20150105 , 20250827 )的数据...
  获取到 2474 条数据，保存到 /data/data_liy/quant/raw/stock_daily/002643.SZ.csv
正在获取1123/5426 佛慈制药(002644.SZ) [20150105 , 20250827 )的数据...
  获取到 2576 条数据，保存到 /data/data_liy/quant/raw/stock_daily/002644.SZ.csv
正在获取1124/5426 华宏科技(002645.SZ) [20150105 , 20250827 )的数据...
  获取到 2463 条数据，保存到 /data/data_liy/quant/raw/stock_daily/002645.SZ.csv
正在获取1125/5426 天佑德酒(002646.SZ) [20150105 , 20250827 )的数据...
  获取到 2588 条数据，保存到 /data/data_liy/quant/raw/stock_daily/002646.SZ.csv
正在获取1126/5426 *ST仁东(002647.SZ) [20150105 , 20250827 )的数据...
  获取到 2181 条数据，保存到 /data/data_liy/quant/raw/stock_daily/002647.SZ.csv
正在获取1127/5426 卫星化学(002648.SZ) [20150105 , 20250827 )的数据...
  获取到 2568 条数据，保存到 /data/data_liy/quant/raw/stock_daily/002648.SZ.csv
正在获取1128/5426 博彦科技(002649.SZ) [20150105 , 20250827 )的数据...
  获取到 2533 条数据，保存到 /data/data_liy/quant/raw/stock_daily/002649.SZ.csv
正在获取1129/5426 ST加加(002650.SZ) [20150105 , 20250827 )的数据...
  获取到 2258 条数据，保存到 /data/data_liy/quant/raw/stock_daily/002650.SZ.csv
正在获取1130/5426 利君股份(002651.SZ) [20150105 , 20250827 )的数据...
  获取到 2546 条数据，保存到 /data/data_liy/quant/raw/stock_daily/002651.SZ.csv
正在获取1131/5426 扬子新材(002652.SZ) [20150105 , 20250827 )的数据...
  获取到 2320 条数据，保存到 /data/data_liy/quant/raw/stock_daily/002652.SZ.csv
正在获取1132/5426 海思科(002653.SZ) [20150105 , 20250827 )的数据...
  获取到 2583 条数据，保存到 /data/data_liy/quant/raw/stock_daily/002653.SZ.csv
正在获取1133/5426 万润科技(002654.SZ) [20150105 , 20250827 )的数据...
  获取到 2302 条数据，保存到 /data/data_liy/quant/raw/stock_daily/002654.SZ.csv
正在获取1134/5426 共达电声(002655.SZ) [20150105 , 20250827 )的数据...
  获取到 2371 条数据，保存到 /data/data_liy/quant/raw/stock_daily/002655.SZ.csv
正在获取1135/5426 *ST摩登(002656.SZ) [20150105 , 20250827 )的数据...
  获取到 2223 条数据，保存到 /data/data_liy/quant/raw/stock_daily/002656.SZ.csv
正在获取1136/5426 中科金财(002657.SZ) [20150105 , 20250827 )的数据...
  获取到 2573 条数据，保存到 /data/data_liy/quant/raw/stock_daily/002657.SZ.csv
正在获取1137/5426 雪迪龙(002658.SZ) [20150105 , 20250827 )的数据...
  获取到 2579 条数据，保存到 /data/data_liy/quant/raw/stock_daily/002658.SZ.csv
正在获取1138/5426 凯文教育(002659.SZ) [20150105 , 20250827 )的数据...
  获取到 2419 条数据，保存到 /data/data_liy/quant/raw/stock_daily/002659.SZ.csv
正在获取1139/5426 茂硕电源(002660.SZ) [20150105 , 20250827 )的数据...
  获取到 2507 条数据，保存到 /data/data_liy/quant/raw/stock_daily/002660.SZ.csv
正在获取1140/5426 克明食品(002661.SZ) [20150105 , 20250827 )的数据...
  获取到 2522 条数据，保存到 /data/data_liy/quant/raw/stock_daily/002661.SZ.csv
正在获取1141/5426 峰璟股份(002662.SZ) [20150105 , 20250827 )的数据...
  获取到 2469 条数据，保存到 /data/data_liy/quant/raw/stock_daily/002662.SZ.csv
正在获取1142/5426 普邦股份(002663.SZ) [20150105 , 20250827 )的数据...
  获取到 2382 条数据，保存到 /data/data_liy/quant/raw/stock_daily/002663.SZ.csv
正在获取1143/5426 信质集团(002664.SZ) [20150105 , 20250827 )的数据...
  获取到 2407 条数据，保存到 /data/data_liy/quant/raw/stock_daily/002664.SZ.csv
正在获取1144/5426 德联集团(002666.SZ) [20150105 , 20250827 )的数据...
  获取到 2585 条数据，保存到 /data/data_liy/quant/raw/stock_daily/002666.SZ.csv
正在获取1145/5426 威领股份(002667.SZ) [20150105 , 20250827 )的数据...
  获取到 2419 条数据，保存到 /data/data_liy/quant/raw/stock_daily/002667.SZ.csv
正在获取1146/5426 TCL智家(002668.SZ) [20150105 , 20250827 )的数据...
  获取到 2366 条数据，保存到 /data/data_liy/quant/raw/stock_daily/002668.SZ.csv
正在获取1147/5426 康达新材(002669.SZ) [20150105 , 20250827 )的数据...
  获取到 2376 条数据，保存到 /data/data_liy/quant/raw/stock_daily/002669.SZ.csv
正在获取1148/5426 国盛金控(002670.SZ) [20150105 , 20250827 )的数据...
  获取到 2349 条数据，保存到 /data/data_liy/quant/raw/stock_daily/002670.SZ.csv
正在获取1149/5426 龙泉股份(002671.SZ) [20150105 , 20250827 )的数据...
  获取到 2490 条数据，保存到 /data/data_liy/quant/raw/stock_daily/002671.SZ.csv
正在获取1150/5426 东江环保(002672.SZ) [20150105 , 20250827 )的数据...
  获取到 2512 条数据，保存到 /data/data_liy/quant/raw/stock_daily/002672.SZ.csv
正在获取1151/5426 西部证券(002673.SZ) [20150105 , 20250827 )的数据...
  获取到 2574 条数据，保存到 /data/data_liy/quant/raw/stock_daily/002673.SZ.csv
正在获取1152/5426 兴业科技(002674.SZ) [20150105 , 20250827 )的数据...
  获取到 2566 条数据，保存到 /data/data_liy/quant/raw/stock_daily/002674.SZ.csv
正在获取1153/5426 东诚药业(002675.SZ) [20150105 , 20250827 )的数据...
HTTPConnectionPool(host='api.waditu.com', port=80): Max retries exceeded with url: /dataapi/daily (Caused by NameResolutionError("<urllib3.connection.HTTPConnection object at 0x7f6a045e7df0>: Failed to resolve 'api.waditu.com' ([Errno -2] Name or service not known)"))
  获取到 2267 条数据，保存到 /data/data_liy/quant/raw/stock_daily/002675.SZ.csv
正在获取1154/5426 顺威股份(002676.SZ) [20150105 , 20250827 )的数据...
  获取到 2351 条数据，保存到 /data/data_liy/quant/raw/stock_daily/002676.SZ.csv
正在获取1155/5426 浙江美大(002677.SZ) [20150105 , 20250827 )的数据...
  获取到 2523 条数据，保存到 /data/data_liy/quant/raw/stock_daily/002677.SZ.csv
正在获取1156/5426 珠江钢琴(002678.SZ) [20150105 , 20250827 )的数据...
  获取到 2568 条数据，保存到 /data/data_liy/quant/raw/stock_daily/002678.SZ.csv
正在获取1157/5426 福建金森(002679.SZ) [20150105 , 20250827 )的数据...
  获取到 2584 条数据，保存到 /data/data_liy/quant/raw/stock_daily/002679.SZ.csv
正在获取1158/5426 奋达科技(002681.SZ) [20150105 , 20250827 )的数据...
  获取到 2503 条数据，保存到 /data/data_liy/quant/raw/stock_daily/002681.SZ.csv
正在获取1159/5426 龙洲股份(002682.SZ) [20150105 , 20250827 )的数据...
  获取到 2492 条数据，保存到 /data/data_liy/quant/raw/stock_daily/002682.SZ.csv
正在获取1160/5426 广东宏大(002683.SZ) [20150105 , 20250827 )的数据...
  获取到 2416 条数据，保存到 /data/data_liy/quant/raw/stock_daily/002683.SZ.csv
正在获取1161/5426 华东重机(002685.SZ) [20150105 , 20250827 )的数据...
  获取到 2388 条数据，保存到 /data/data_liy/quant/raw/stock_daily/002685.SZ.csv
正在获取1162/5426 亿利达(002686.SZ) [20150105 , 20250827 )的数据...
  获取到 2495 条数据，保存到 /data/data_liy/quant/raw/stock_daily/002686.SZ.csv
正在获取1163/5426 乔治白(002687.SZ) [20150105 , 20250827 )的数据...
  获取到 2585 条数据，保存到 /data/data_liy/quant/raw/stock_daily/002687.SZ.csv
正在获取1164/5426 金河生物(002688.SZ) [20150105 , 20250827 )的数据...
  获取到 2556 条数据，保存到 /data/data_liy/quant/raw/stock_daily/002688.SZ.csv
正在获取1165/5426 远大智能(002689.SZ) [20150105 , 20250827 )的数据...
  获取到 2580 条数据，保存到 /data/data_liy/quant/raw/stock_daily/002689.SZ.csv
正在获取1166/5426 美亚光电(002690.SZ) [20150105 , 20250827 )的数据...
  获取到 2584 条数据，保存到 /data/data_liy/quant/raw/stock_daily/002690.SZ.csv
正在获取1167/5426 冀凯股份(002691.SZ) [20150105 , 20250827 )的数据...
  获取到 2384 条数据，保存到 /data/data_liy/quant/raw/stock_daily/002691.SZ.csv
正在获取1168/5426 远程股份(002692.SZ) [20150105 , 20250827 )的数据...
  获取到 2500 条数据，保存到 /data/data_liy/quant/raw/stock_daily/002692.SZ.csv
正在获取1169/5426 *ST双成(002693.SZ) [20150105 , 20250827 )的数据...
  获取到 2508 条数据，保存到 /data/data_liy/quant/raw/stock_daily/002693.SZ.csv
正在获取1170/5426 顾地科技(002694.SZ) [20150105 , 20250827 )的数据...
  获取到 2331 条数据，保存到 /data/data_liy/quant/raw/stock_daily/002694.SZ.csv
正在获取1171/5426 煌上煌(002695.SZ) [20150105 , 20250827 )的数据...
  获取到 2574 条数据，保存到 /data/data_liy/quant/raw/stock_daily/002695.SZ.csv
正在获取1172/5426 百洋股份(002696.SZ) [20150105 , 20250827 )的数据...
  获取到 2382 条数据，保存到 /data/data_liy/quant/raw/stock_daily/002696.SZ.csv
正在获取1173/5426 红旗连锁(002697.SZ) [20150105 , 20250827 )的数据...
  获取到 2512 条数据，保存到 /data/data_liy/quant/raw/stock_daily/002697.SZ.csv
正在获取1174/5426 博实股份(002698.SZ) [20150105 , 20250827 )的数据...
  获取到 2568 条数据，保存到 /data/data_liy/quant/raw/stock_daily/002698.SZ.csv
正在获取1175/5426 万憬能源(002700.SZ) [20150105 , 20250827 )的数据...
  获取到 2586 条数据，保存到 /data/data_liy/quant/raw/stock_daily/002700.SZ.csv
正在获取1176/5426 奥瑞金(002701.SZ) [20150105 , 20250827 )的数据...
  获取到 2510 条数据，保存到 /data/data_liy/quant/raw/stock_daily/002701.SZ.csv
正在获取1177/5426 海欣食品(002702.SZ) [20150105 , 20250827 )的数据...
  获取到 2528 条数据，保存到 /data/data_liy/quant/raw/stock_daily/002702.SZ.csv
正在获取1178/5426 浙江世宝(002703.SZ) [20150105 , 20250827 )的数据...
  获取到 2426 条数据，保存到 /data/data_liy/quant/raw/stock_daily/002703.SZ.csv
正在获取1179/5426 新宝股份(002705.SZ) [20150105 , 20250827 )的数据...
  获取到 2588 条数据，保存到 /data/data_liy/quant/raw/stock_daily/002705.SZ.csv
正在获取1180/5426 良信股份(002706.SZ) [20150105 , 20250827 )的数据...
  获取到 2577 条数据，保存到 /data/data_liy/quant/raw/stock_daily/002706.SZ.csv
正在获取1181/5426 众信旅游(002707.SZ) [20150105 , 20250827 )的数据...
  获取到 2419 条数据，保存到 /data/data_liy/quant/raw/stock_daily/002707.SZ.csv
正在获取1182/5426 光洋股份(002708.SZ) [20150105 , 20250827 )的数据...
  获取到 2561 条数据，保存到 /data/data_liy/quant/raw/stock_daily/002708.SZ.csv
正在获取1183/5426 天赐材料(002709.SZ) [20150105 , 20250827 )的数据...
  获取到 2574 条数据，保存到 /data/data_liy/quant/raw/stock_daily/002709.SZ.csv
正在获取1184/5426 思美传媒(002712.SZ) [20150105 , 20250827 )的数据...
  获取到 2395 条数据，保存到 /data/data_liy/quant/raw/stock_daily/002712.SZ.csv
正在获取1185/5426 *ST东易(002713.SZ) [20150105 , 20250827 )的数据...
  获取到 2554 条数据，保存到 /data/data_liy/quant/raw/stock_daily/002713.SZ.csv
正在获取1186/5426 牧原股份(002714.SZ) [20150105 , 20250827 )的数据...
  获取到 2563 条数据，保存到 /data/data_liy/quant/raw/stock_daily/002714.SZ.csv
正在获取1187/5426 登云股份(002715.SZ) [20150105 , 20250827 )的数据...
  获取到 2570 条数据，保存到 /data/data_liy/quant/raw/stock_daily/002715.SZ.csv
正在获取1188/5426 湖南白银(002716.SZ) [20150105 , 20250827 )的数据...
  获取到 2397 条数据，保存到 /data/data_liy/quant/raw/stock_daily/002716.SZ.csv
正在获取1189/5426 ST岭南(002717.SZ) [20150105 , 20250827 )的数据...
  获取到 2423 条数据，保存到 /data/data_liy/quant/raw/stock_daily/002717.SZ.csv
正在获取1190/5426 友邦吊顶(002718.SZ) [20150105 , 20250827 )的数据...
  获取到 2563 条数据，保存到 /data/data_liy/quant/raw/stock_daily/002718.SZ.csv
正在获取1191/5426 麦趣尔(002719.SZ) [20150105 , 20250827 )的数据...
  获取到 2359 条数据，保存到 /data/data_liy/quant/raw/stock_daily/002719.SZ.csv
正在获取1192/5426 金一文化(002721.SZ) [20150105 , 20250827 )的数据...
  获取到 2267 条数据，保存到 /data/data_liy/quant/raw/stock_daily/002721.SZ.csv
正在获取1193/5426 物产金轮(002722.SZ) [20150105 , 20250827 )的数据...
  获取到 2506 条数据，保存到 /data/data_liy/quant/raw/stock_daily/002722.SZ.csv
正在获取1194/5426 小崧股份(002723.SZ) [20150105 , 20250827 )的数据...
  获取到 2495 条数据，保存到 /data/data_liy/quant/raw/stock_daily/002723.SZ.csv
正在获取1195/5426 海洋王(002724.SZ) [20150105 , 20250827 )的数据...
  获取到 2516 条数据，保存到 /data/data_liy/quant/raw/stock_daily/002724.SZ.csv
正在获取1196/5426 跃岭股份(002725.SZ) [20150105 , 20250827 )的数据...
  获取到 2454 条数据，保存到 /data/data_liy/quant/raw/stock_daily/002725.SZ.csv
正在获取1197/5426 龙大美食(002726.SZ) [20150105 , 20250827 )的数据...
  获取到 2515 条数据，保存到 /data/data_liy/quant/raw/stock_daily/002726.SZ.csv
正在获取1198/5426 一心堂(002727.SZ) [20150105 , 20250827 )的数据...
  获取到 2491 条数据，保存到 /data/data_liy/quant/raw/stock_daily/002727.SZ.csv
正在获取1199/5426 特一药业(002728.SZ) [20150105 , 20250827 )的数据...
  获取到 2495 条数据，保存到 /data/data_liy/quant/raw/stock_daily/002728.SZ.csv
正在获取1200/5426 好利科技(002729.SZ) [20150105 , 20250827 )的数据...
  获取到 2481 条数据，保存到 /data/data_liy/quant/raw/stock_daily/002729.SZ.csv
正在获取1201/5426 电光科技(002730.SZ) [20150105 , 20250827 )的数据...
  获取到 2456 条数据，保存到 /data/data_liy/quant/raw/stock_daily/002730.SZ.csv
正在获取1202/5426 萃华珠宝(002731.SZ) [20150105 , 20250827 )的数据...
  获取到 2569 条数据，保存到 /data/data_liy/quant/raw/stock_daily/002731.SZ.csv
正在获取1203/5426 燕塘乳业(002732.SZ) [20150105 , 20250827 )的数据...
  获取到 2576 条数据，保存到 /data/data_liy/quant/raw/stock_daily/002732.SZ.csv
正在获取1204/5426 雄韬股份(002733.SZ) [20150105 , 20250827 )的数据...
  获取到 2572 条数据，保存到 /data/data_liy/quant/raw/stock_daily/002733.SZ.csv
正在获取1205/5426 利民股份(002734.SZ) [20150105 , 20250827 )的数据...
  获取到 2562 条数据，保存到 /data/data_liy/quant/raw/stock_daily/002734.SZ.csv
正在获取1206/5426 王子新材(002735.SZ) [20150105 , 20250827 )的数据...
  获取到 2363 条数据，保存到 /data/data_liy/quant/raw/stock_daily/002735.SZ.csv
正在获取1207/5426 国信证券(002736.SZ) [20150105 , 20250827 )的数据...
  获取到 2571 条数据，保存到 /data/data_liy/quant/raw/stock_daily/002736.SZ.csv
正在获取1208/5426 葵花药业(002737.SZ) [20150105 , 20250827 )的数据...
  获取到 2588 条数据，保存到 /data/data_liy/quant/raw/stock_daily/002737.SZ.csv
正在获取1209/5426 中矿资源(002738.SZ) [20150105 , 20250827 )的数据...
  获取到 2460 条数据，保存到 /data/data_liy/quant/raw/stock_daily/002738.SZ.csv
正在获取1210/5426 万达电影(002739.SZ) [20150105 , 20250827 )的数据...
  获取到 2125 条数据，保存到 /data/data_liy/quant/raw/stock_daily/002739.SZ.csv
正在获取1211/5426 光华科技(002741.SZ) [20150105 , 20250827 )的数据...
  获取到 2513 条数据，保存到 /data/data_liy/quant/raw/stock_daily/002741.SZ.csv
正在获取1212/5426 *ST三圣(002742.SZ) [20150105 , 20250827 )的数据...
  获取到 2471 条数据，保存到 /data/data_liy/quant/raw/stock_daily/002742.SZ.csv
正在获取1213/5426 富煌钢构(002743.SZ) [20150105 , 20250827 )的数据...
  获取到 2525 条数据，保存到 /data/data_liy/quant/raw/stock_daily/002743.SZ.csv
正在获取1214/5426 木林森(002745.SZ) [20150105 , 20250827 )的数据...
  获取到 2346 条数据，保存到 /data/data_liy/quant/raw/stock_daily/002745.SZ.csv
正在获取1215/5426 仙坛股份(002746.SZ) [20150105 , 20250827 )的数据...
  获取到 2545 条数据，保存到 /data/data_liy/quant/raw/stock_daily/002746.SZ.csv
正在获取1216/5426 埃斯顿(002747.SZ) [20150105 , 20250827 )的数据...
  获取到 2480 条数据，保存到 /data/data_liy/quant/raw/stock_daily/002747.SZ.csv
正在获取1217/5426 世龙实业(002748.SZ) [20150105 , 20250827 )的数据...
  获取到 2521 条数据，保存到 /data/data_liy/quant/raw/stock_daily/002748.SZ.csv
正在获取1218/5426 国光股份(002749.SZ) [20150105 , 20250827 )的数据...
  获取到 2539 条数据，保存到 /data/data_liy/quant/raw/stock_daily/002749.SZ.csv
正在获取1219/5426 昇兴股份(002752.SZ) [20150105 , 20250827 )的数据...
  获取到 2455 条数据，保存到 /data/data_liy/quant/raw/stock_daily/002752.SZ.csv
正在获取1220/5426 永东股份(002753.SZ) [20150105 , 20250827 )的数据...
  获取到 2499 条数据，保存到 /data/data_liy/quant/raw/stock_daily/002753.SZ.csv
正在获取1221/5426 奥赛康(002755.SZ) [20150105 , 20250827 )的数据...
  获取到 2465 条数据，保存到 /data/data_liy/quant/raw/stock_daily/002755.SZ.csv
正在获取1222/5426 永兴材料(002756.SZ) [20150105 , 20250827 )的数据...
  获取到 2366 条数据，保存到 /data/data_liy/quant/raw/stock_daily/002756.SZ.csv
正在获取1223/5426 南兴股份(002757.SZ) [20150105 , 20250827 )的数据...
  获取到 2404 条数据，保存到 /data/data_liy/quant/raw/stock_daily/002757.SZ.csv
正在获取1224/5426 浙农股份(002758.SZ) [20150105 , 20250827 )的数据...
  获取到 2472 条数据，保存到 /data/data_liy/quant/raw/stock_daily/002758.SZ.csv
正在获取1225/5426 天际股份(002759.SZ) [20150105 , 20250827 )的数据...
  获取到 2413 条数据，保存到 /data/data_liy/quant/raw/stock_daily/002759.SZ.csv
正在获取1226/5426 凤形股份(002760.SZ) [20150105 , 20250827 )的数据...
  获取到 2459 条数据，保存到 /data/data_liy/quant/raw/stock_daily/002760.SZ.csv
正在获取1227/5426 浙江建投(002761.SZ) [20150105 , 20250827 )的数据...
HTTPConnectionPool(host='api.waditu.com', port=80): Max retries exceeded with url: /dataapi/daily (Caused by NameResolutionError("<urllib3.connection.HTTPConnection object at 0x7f6a04618ca0>: Failed to resolve 'api.waditu.com' ([Errno -2] Name or service not known)"))
  获取到 2390 条数据，保存到 /data/data_liy/quant/raw/stock_daily/002761.SZ.csv
正在获取1228/5426 *ST金比(002762.SZ) [20150105 , 20250827 )的数据...
  获取到 2356 条数据，保存到 /data/data_liy/quant/raw/stock_daily/002762.SZ.csv
正在获取1229/5426 汇洁股份(002763.SZ) [20150105 , 20250827 )的数据...
  获取到 2483 条数据，保存到 /data/data_liy/quant/raw/stock_daily/002763.SZ.csv
正在获取1230/5426 蓝黛科技(002765.SZ) [20150105 , 20250827 )的数据...
  获取到 2428 条数据，保存到 /data/data_liy/quant/raw/stock_daily/002765.SZ.csv
正在获取1231/5426 索菱股份(002766.SZ) [20150105 , 20250827 )的数据...
  获取到 2335 条数据，保存到 /data/data_liy/quant/raw/stock_daily/002766.SZ.csv
正在获取1232/5426 先锋电子(002767.SZ) [20150105 , 20250827 )的数据...
  获取到 2481 条数据，保存到 /data/data_liy/quant/raw/stock_daily/002767.SZ.csv
正在获取1233/5426 国恩股份(002768.SZ) [20150105 , 20250827 )的数据...
  获取到 2466 条数据，保存到 /data/data_liy/quant/raw/stock_daily/002768.SZ.csv
正在获取1234/5426 普路通(002769.SZ) [20150105 , 20250827 )的数据...
  获取到 2444 条数据，保存到 /data/data_liy/quant/raw/stock_daily/002769.SZ.csv
正在获取1235/5426 真视通(002771.SZ) [20150105 , 20250827 )的数据...
  获取到 2423 条数据，保存到 /data/data_liy/quant/raw/stock_daily/002771.SZ.csv
正在获取1236/5426 众兴菌业(002772.SZ) [20150105 , 20250827 )的数据...
  获取到 2462 条数据，保存到 /data/data_liy/quant/raw/stock_daily/002772.SZ.csv
正在获取1237/5426 康弘药业(002773.SZ) [20150105 , 20250827 )的数据...
  获取到 2472 条数据，保存到 /data/data_liy/quant/raw/stock_daily/002773.SZ.csv
正在获取1238/5426 快意电梯(002774.SZ) [20150105 , 20250827 )的数据...
  获取到 2044 条数据，保存到 /data/data_liy/quant/raw/stock_daily/002774.SZ.csv
正在获取1239/5426 文科股份(002775.SZ) [20150105 , 20250827 )的数据...
  获取到 2460 条数据，保存到 /data/data_liy/quant/raw/stock_daily/002775.SZ.csv
正在获取1240/5426 久远银海(002777.SZ) [20150105 , 20250827 )的数据...
  获取到 2335 条数据，保存到 /data/data_liy/quant/raw/stock_daily/002777.SZ.csv
正在获取1241/5426 中晟高科(002778.SZ) [20150105 , 20250827 )的数据...
  获取到 2276 条数据，保存到 /data/data_liy/quant/raw/stock_daily/002778.SZ.csv
正在获取1242/5426 中坚科技(002779.SZ) [20150105 , 20250827 )的数据...
  获取到 2317 条数据，保存到 /data/data_liy/quant/raw/stock_daily/002779.SZ.csv
正在获取1243/5426 三夫户外(002780.SZ) [20150105 , 20250827 )的数据...
  获取到 2351 条数据，保存到 /data/data_liy/quant/raw/stock_daily/002780.SZ.csv
正在获取1244/5426 可立克(002782.SZ) [20150105 , 20250827 )的数据...
  获取到 2352 条数据，保存到 /data/data_liy/quant/raw/stock_daily/002782.SZ.csv
正在获取1245/5426 凯龙股份(002783.SZ) [20150105 , 20250827 )的数据...
  获取到 2361 条数据，保存到 /data/data_liy/quant/raw/stock_daily/002783.SZ.csv
正在获取1246/5426 万里石(002785.SZ) [20150105 , 20250827 )的数据...
  获取到 2345 条数据，保存到 /data/data_liy/quant/raw/stock_daily/002785.SZ.csv
正在获取1247/5426 银宝山新(002786.SZ) [20150105 , 20250827 )的数据...
  获取到 2348 条数据，保存到 /data/data_liy/quant/raw/stock_daily/002786.SZ.csv
正在获取1248/5426 华源控股(002787.SZ) [20150105 , 20250827 )的数据...
  获取到 2210 条数据，保存到 /data/data_liy/quant/raw/stock_daily/002787.SZ.csv
正在获取1249/5426 鹭燕医药(002788.SZ) [20150105 , 20250827 )的数据...
  获取到 2310 条数据，保存到 /data/data_liy/quant/raw/stock_daily/002788.SZ.csv
正在获取1250/5426 *ST建艺(002789.SZ) [20150105 , 20250827 )的数据...
  获取到 2299 条数据，保存到 /data/data_liy/quant/raw/stock_daily/002789.SZ.csv
正在获取1251/5426 瑞尔特(002790.SZ) [20150105 , 20250827 )的数据...
  获取到 2303 条数据，保存到 /data/data_liy/quant/raw/stock_daily/002790.SZ.csv
正在获取1252/5426 坚朗五金(002791.SZ) [20150105 , 20250827 )的数据...
  获取到 2288 条数据，保存到 /data/data_liy/quant/raw/stock_daily/002791.SZ.csv
正在获取1253/5426 通宇通讯(002792.SZ) [20150105 , 20250827 )的数据...
  获取到 2289 条数据，保存到 /data/data_liy/quant/raw/stock_daily/002792.SZ.csv
正在获取1254/5426 罗欣药业(002793.SZ) [20150105 , 20250827 )的数据...
  获取到 2265 条数据，保存到 /data/data_liy/quant/raw/stock_daily/002793.SZ.csv
正在获取1255/5426 永和智控(002795.SZ) [20150105 , 20250827 )的数据...
  获取到 2184 条数据，保存到 /data/data_liy/quant/raw/stock_daily/002795.SZ.csv
正在获取1256/5426 世嘉科技(002796.SZ) [20150105 , 20250827 )的数据...
  获取到 2198 条数据，保存到 /data/data_liy/quant/raw/stock_daily/002796.SZ.csv
正在获取1257/5426 第一创业(002797.SZ) [20150105 , 20250827 )的数据...
  获取到 2242 条数据，保存到 /data/data_liy/quant/raw/stock_daily/002797.SZ.csv
正在获取1258/5426 帝欧家居(002798.SZ) [20150105 , 20250827 )的数据...
  获取到 2179 条数据，保存到 /data/data_liy/quant/raw/stock_daily/002798.SZ.csv
正在获取1259/5426 环球印务(002799.SZ) [20150105 , 20250827 )的数据...
  获取到 2180 条数据，保存到 /data/data_liy/quant/raw/stock_daily/002799.SZ.csv
正在获取1260/5426 天顺股份(002800.SZ) [20150105 , 20250827 )的数据...
  获取到 2242 条数据，保存到 /data/data_liy/quant/raw/stock_daily/002800.SZ.csv
正在获取1261/5426 微光股份(002801.SZ) [20150105 , 20250827 )的数据...
  获取到 2231 条数据，保存到 /data/data_liy/quant/raw/stock_daily/002801.SZ.csv
正在获取1262/5426 洪汇新材(002802.SZ) [20150105 , 20250827 )的数据...
  获取到 2226 条数据，保存到 /data/data_liy/quant/raw/stock_daily/002802.SZ.csv
正在获取1263/5426 吉宏股份(002803.SZ) [20150105 , 20250827 )的数据...
  获取到 2161 条数据，保存到 /data/data_liy/quant/raw/stock_daily/002803.SZ.csv
正在获取1264/5426 丰元股份(002805.SZ) [20150105 , 20250827 )的数据...
  获取到 2220 条数据，保存到 /data/data_liy/quant/raw/stock_daily/002805.SZ.csv
正在获取1265/5426 华锋股份(002806.SZ) [20150105 , 20250827 )的数据...
  获取到 2051 条数据，保存到 /data/data_liy/quant/raw/stock_daily/002806.SZ.csv
正在获取1266/5426 江阴银行(002807.SZ) [20150105 , 20250827 )的数据...
  获取到 2171 条数据，保存到 /data/data_liy/quant/raw/stock_daily/002807.SZ.csv
正在获取1267/5426 *ST恒久(002808.SZ) [20150105 , 20250827 )的数据...
  获取到 2192 条数据，保存到 /data/data_liy/quant/raw/stock_daily/002808.SZ.csv
正在获取1268/5426 红墙股份(002809.SZ) [20150105 , 20250827 )的数据...
  获取到 2154 条数据，保存到 /data/data_liy/quant/raw/stock_daily/002809.SZ.csv
正在获取1269/5426 山东赫达(002810.SZ) [20150105 , 20250827 )的数据...
  获取到 2184 条数据，保存到 /data/data_liy/quant/raw/stock_daily/002810.SZ.csv
正在获取1270/5426 郑中设计(002811.SZ) [20150105 , 20250827 )的数据...
  获取到 2175 条数据，保存到 /data/data_liy/quant/raw/stock_daily/002811.SZ.csv
正在获取1271/5426 恩捷股份(002812.SZ) [20150105 , 20250827 )的数据...
  获取到 2085 条数据，保存到 /data/data_liy/quant/raw/stock_daily/002812.SZ.csv
正在获取1272/5426 路畅科技(002813.SZ) [20150105 , 20250827 )的数据...
  获取到 2102 条数据，保存到 /data/data_liy/quant/raw/stock_daily/002813.SZ.csv
正在获取1273/5426 崇达技术(002815.SZ) [20150105 , 20250827 )的数据...
HTTPConnectionPool(host='api.waditu.com', port=80): Max retries exceeded with url: /dataapi/adj_factor (Caused by NameResolutionError("<urllib3.connection.HTTPConnection object at 0x7f6a046181c0>: Failed to resolve 'api.waditu.com' ([Errno -2] Name or service not known)"))
  获取到 2158 条数据，保存到 /data/data_liy/quant/raw/stock_daily/002815.SZ.csv
正在获取1274/5426 *ST和科(002816.SZ) [20150105 , 20250827 )的数据...
  获取到 2044 条数据，保存到 /data/data_liy/quant/raw/stock_daily/002816.SZ.csv
正在获取1275/5426 黄山胶囊(002817.SZ) [20150105 , 20250827 )的数据...
  获取到 2149 条数据，保存到 /data/data_liy/quant/raw/stock_daily/002817.SZ.csv
正在获取1276/5426 富森美(002818.SZ) [20150105 , 20250827 )的数据...
  获取到 2138 条数据，保存到 /data/data_liy/quant/raw/stock_daily/002818.SZ.csv
正在获取1277/5426 东方中科(002819.SZ) [20150105 , 20250827 )的数据...
  获取到 2033 条数据，保存到 /data/data_liy/quant/raw/stock_daily/002819.SZ.csv
正在获取1278/5426 桂发祥(002820.SZ) [20150105 , 20250827 )的数据...
  获取到 2121 条数据，保存到 /data/data_liy/quant/raw/stock_daily/002820.SZ.csv
正在获取1279/5426 凯莱英(002821.SZ) [20150105 , 20250827 )的数据...
  获取到 2131 条数据，保存到 /data/data_liy/quant/raw/stock_daily/002821.SZ.csv
正在获取1280/5426 ST中装(002822.SZ) [20150105 , 20250827 )的数据...
  获取到 2121 条数据，保存到 /data/data_liy/quant/raw/stock_daily/002822.SZ.csv
正在获取1281/5426 凯中精密(002823.SZ) [20150105 , 20250827 )的数据...
  获取到 2110 条数据，保存到 /data/data_liy/quant/raw/stock_daily/002823.SZ.csv
正在获取1282/5426 和胜股份(002824.SZ) [20150105 , 20250827 )的数据...
  获取到 2093 条数据，保存到 /data/data_liy/quant/raw/stock_daily/002824.SZ.csv
正在获取1283/5426 纳尔股份(002825.SZ) [20150105 , 20250827 )的数据...
  获取到 2109 条数据，保存到 /data/data_liy/quant/raw/stock_daily/002825.SZ.csv
正在获取1284/5426 易明医药(002826.SZ) [20150105 , 20250827 )的数据...
  获取到 2111 条数据，保存到 /data/data_liy/quant/raw/stock_daily/002826.SZ.csv
正在获取1285/5426 高争民爆(002827.SZ) [20150105 , 20250827 )的数据...
  获取到 2116 条数据，保存到 /data/data_liy/quant/raw/stock_daily/002827.SZ.csv
正在获取1286/5426 贝肯能源(002828.SZ) [20150105 , 20250827 )的数据...
  获取到 2110 条数据，保存到 /data/data_liy/quant/raw/stock_daily/002828.SZ.csv
正在获取1287/5426 星网宇达(002829.SZ) [20150105 , 20250827 )的数据...
  获取到 2114 条数据，保存到 /data/data_liy/quant/raw/stock_daily/002829.SZ.csv
正在获取1288/5426 名雕股份(002830.SZ) [20150105 , 20250827 )的数据...
  获取到 2114 条数据，保存到 /data/data_liy/quant/raw/stock_daily/002830.SZ.csv
正在获取1289/5426 裕同科技(002831.SZ) [20150105 , 20250827 )的数据...
  获取到 2111 条数据，保存到 /data/data_liy/quant/raw/stock_daily/002831.SZ.csv
正在获取1290/5426 比音勒芬(002832.SZ) [20150105 , 20250827 )的数据...
  获取到 2106 条数据，保存到 /data/data_liy/quant/raw/stock_daily/002832.SZ.csv
正在获取1291/5426 弘亚数控(002833.SZ) [20150105 , 20250827 )的数据...
  获取到 2103 条数据，保存到 /data/data_liy/quant/raw/stock_daily/002833.SZ.csv
正在获取1292/5426 同为股份(002835.SZ) [20150105 , 20250827 )的数据...
  获取到 2103 条数据，保存到 /data/data_liy/quant/raw/stock_daily/002835.SZ.csv
正在获取1293/5426 新宏泽(002836.SZ) [20150105 , 20250827 )的数据...
  获取到 2092 条数据，保存到 /data/data_liy/quant/raw/stock_daily/002836.SZ.csv
正在获取1294/5426 英维克(002837.SZ) [20150105 , 20250827 )的数据...
  获取到 2026 条数据，保存到 /data/data_liy/quant/raw/stock_daily/002837.SZ.csv
正在获取1295/5426 道恩股份(002838.SZ) [20150105 , 20250827 )的数据...
  获取到 2072 条数据，保存到 /data/data_liy/quant/raw/stock_daily/002838.SZ.csv
正在获取1296/5426 张家港行(002839.SZ) [20150105 , 20250827 )的数据...
  获取到 2074 条数据，保存到 /data/data_liy/quant/raw/stock_daily/002839.SZ.csv
正在获取1297/5426 华统股份(002840.SZ) [20150105 , 20250827 )的数据...
  获取到 2095 条数据，保存到 /data/data_liy/quant/raw/stock_daily/002840.SZ.csv
正在获取1298/5426 视源股份(002841.SZ) [20150105 , 20250827 )的数据...
  获取到 2088 条数据，保存到 /data/data_liy/quant/raw/stock_daily/002841.SZ.csv
正在获取1299/5426 翔鹭钨业(002842.SZ) [20150105 , 20250827 )的数据...
  获取到 2084 条数据，保存到 /data/data_liy/quant/raw/stock_daily/002842.SZ.csv
正在获取1300/5426 泰嘉股份(002843.SZ) [20150105 , 20250827 )的数据...
  获取到 2087 条数据，保存到 /data/data_liy/quant/raw/stock_daily/002843.SZ.csv
正在获取1301/5426 同兴达(002845.SZ) [20150105 , 20250827 )的数据...
  获取到 2084 条数据，保存到 /data/data_liy/quant/raw/stock_daily/002845.SZ.csv
正在获取1302/5426 英联股份(002846.SZ) [20150105 , 20250827 )的数据...
HTTPConnectionPool(host='api.waditu.com', port=80): Max retries exceeded with url: /dataapi/adj_factor (Caused by NameResolutionError("<urllib3.connection.HTTPConnection object at 0x7f6a04619570>: Failed to resolve 'api.waditu.com' ([Errno -2] Name or service not known)"))
  获取到 2080 条数据，保存到 /data/data_liy/quant/raw/stock_daily/002846.SZ.csv
正在获取1303/5426 盐津铺子(002847.SZ) [20150105 , 20250827 )的数据...
  获取到 2079 条数据，保存到 /data/data_liy/quant/raw/stock_daily/002847.SZ.csv
正在获取1304/5426 *ST高斯(002848.SZ) [20150105 , 20250827 )的数据...
  获取到 2072 条数据，保存到 /data/data_liy/quant/raw/stock_daily/002848.SZ.csv
正在获取1305/5426 威星智能(002849.SZ) [20150105 , 20250827 )的数据...
  获取到 2072 条数据，保存到 /data/data_liy/quant/raw/stock_daily/002849.SZ.csv
正在获取1306/5426 科达利(002850.SZ) [20150105 , 20250827 )的数据...
  获取到 2063 条数据，保存到 /data/data_liy/quant/raw/stock_daily/002850.SZ.csv
正在获取1307/5426 麦格米特(002851.SZ) [20150105 , 20250827 )的数据...
  获取到 1981 条数据，保存到 /data/data_liy/quant/raw/stock_daily/002851.SZ.csv
正在获取1308/5426 道道全(002852.SZ) [20150105 , 20250827 )的数据...
  获取到 2057 条数据，保存到 /data/data_liy/quant/raw/stock_daily/002852.SZ.csv
正在获取1309/5426 皮阿诺(002853.SZ) [20150105 , 20250827 )的数据...
  获取到 2053 条数据，保存到 /data/data_liy/quant/raw/stock_daily/002853.SZ.csv
正在获取1310/5426 捷荣技术(002855.SZ) [20150105 , 20250827 )的数据...
  获取到 2050 条数据，保存到 /data/data_liy/quant/raw/stock_daily/002855.SZ.csv
正在获取1311/5426 美芝股份(002856.SZ) [20150105 , 20250827 )的数据...
  获取到 1921 条数据，保存到 /data/data_liy/quant/raw/stock_daily/002856.SZ.csv
正在获取1312/5426 三晖电气(002857.SZ) [20150105 , 20250827 )的数据...
  获取到 1975 条数据，保存到 /data/data_liy/quant/raw/stock_daily/002857.SZ.csv
正在获取1313/5426 力盛体育(002858.SZ) [20150105 , 20250827 )的数据...
  获取到 2039 条数据，保存到 /data/data_liy/quant/raw/stock_daily/002858.SZ.csv
正在获取1314/5426 洁美科技(002859.SZ) [20150105 , 20250827 )的数据...
  获取到 2039 条数据，保存到 /data/data_liy/quant/raw/stock_daily/002859.SZ.csv
正在获取1315/5426 星帅尔(002860.SZ) [20150105 , 20250827 )的数据...
  获取到 2029 条数据，保存到 /data/data_liy/quant/raw/stock_daily/002860.SZ.csv
正在获取1316/5426 瀛通通讯(002861.SZ) [20150105 , 20250827 )的数据...
  获取到 2033 条数据，保存到 /data/data_liy/quant/raw/stock_daily/002861.SZ.csv
正在获取1317/5426 实丰文化(002862.SZ) [20150105 , 20250827 )的数据...
  获取到 2037 条数据，保存到 /data/data_liy/quant/raw/stock_daily/002862.SZ.csv
正在获取1318/5426 今飞凯达(002863.SZ) [20150105 , 20250827 )的数据...
  获取到 2032 条数据，保存到 /data/data_liy/quant/raw/stock_daily/002863.SZ.csv
正在获取1319/5426 盘龙药业(002864.SZ) [20150105 , 20250827 )的数据...
  获取到 1882 条数据，保存到 /data/data_liy/quant/raw/stock_daily/002864.SZ.csv
正在获取1320/5426 钧达股份(002865.SZ) [20150105 , 20250827 )的数据...
  获取到 2027 条数据，保存到 /data/data_liy/quant/raw/stock_daily/002865.SZ.csv
正在获取1321/5426 传艺科技(002866.SZ) [20150105 , 20250827 )的数据...
  获取到 1950 条数据，保存到 /data/data_liy/quant/raw/stock_daily/002866.SZ.csv
正在获取1322/5426 周大生(002867.SZ) [20150105 , 20250827 )的数据...
  获取到 2025 条数据，保存到 /data/data_liy/quant/raw/stock_daily/002867.SZ.csv
正在获取1323/5426 *ST绿康(002868.SZ) [20150105 , 20250827 )的数据...
  获取到 2017 条数据，保存到 /data/data_liy/quant/raw/stock_daily/002868.SZ.csv
正在获取1324/5426 金溢科技(002869.SZ) [20150105 , 20250827 )的数据...
  获取到 2014 条数据，保存到 /data/data_liy/quant/raw/stock_daily/002869.SZ.csv
正在获取1325/5426 香山股份(002870.SZ) [20150105 , 20250827 )的数据...
  获取到 1969 条数据，保存到 /data/data_liy/quant/raw/stock_daily/002870.SZ.csv
正在获取1326/5426 伟隆股份(002871.SZ) [20150105 , 20250827 )的数据...
  获取到 2016 条数据，保存到 /data/data_liy/quant/raw/stock_daily/002871.SZ.csv
正在获取1327/5426 ST天圣(002872.SZ) [20150105 , 20250827 )的数据...
  获取到 1948 条数据，保存到 /data/data_liy/quant/raw/stock_daily/002872.SZ.csv
正在获取1328/5426 新天药业(002873.SZ) [20150105 , 20250827 )的数据...
  获取到 2000 条数据，保存到 /data/data_liy/quant/raw/stock_daily/002873.SZ.csv
正在获取1329/5426 安奈儿(002875.SZ) [20150105 , 20250827 )的数据...
  获取到 1998 条数据，保存到 /data/data_liy/quant/raw/stock_daily/002875.SZ.csv
正在获取1330/5426 三利谱(002876.SZ) [20150105 , 20250827 )的数据...
  获取到 2004 条数据，保存到 /data/data_liy/quant/raw/stock_daily/002876.SZ.csv
正在获取1331/5426 智能自控(002877.SZ) [20150105 , 20250827 )的数据...
  获取到 2001 条数据，保存到 /data/data_liy/quant/raw/stock_daily/002877.SZ.csv
正在获取1332/5426 元隆雅图(002878.SZ) [20150105 , 20250827 )的数据...
  获取到 1996 条数据，保存到 /data/data_liy/quant/raw/stock_daily/002878.SZ.csv
正在获取1333/5426 长缆科技(002879.SZ) [20150105 , 20250827 )的数据...
  获取到 1977 条数据，保存到 /data/data_liy/quant/raw/stock_daily/002879.SZ.csv
正在获取1334/5426 卫光生物(002880.SZ) [20150105 , 20250827 )的数据...
  获取到 1949 条数据，保存到 /data/data_liy/quant/raw/stock_daily/002880.SZ.csv
正在获取1335/5426 美格智能(002881.SZ) [20150105 , 20250827 )的数据...
  获取到 1988 条数据，保存到 /data/data_liy/quant/raw/stock_daily/002881.SZ.csv
正在获取1336/5426 金龙羽(002882.SZ) [20150105 , 20250827 )的数据...
  获取到 1971 条数据，保存到 /data/data_liy/quant/raw/stock_daily/002882.SZ.csv
正在获取1337/5426 中设股份(002883.SZ) [20150105 , 20250827 )的数据...
  获取到 1975 条数据，保存到 /data/data_liy/quant/raw/stock_daily/002883.SZ.csv
正在获取1338/5426 凌霄泵业(002884.SZ) [20150105 , 20250827 )的数据...
  获取到 1969 条数据，保存到 /data/data_liy/quant/raw/stock_daily/002884.SZ.csv
正在获取1339/5426 京泉华(002885.SZ) [20150105 , 20250827 )的数据...
  获取到 1982 条数据，保存到 /data/data_liy/quant/raw/stock_daily/002885.SZ.csv
正在获取1340/5426 沃特股份(002886.SZ) [20150105 , 20250827 )的数据...
  获取到 1982 条数据，保存到 /data/data_liy/quant/raw/stock_daily/002886.SZ.csv
正在获取1341/5426 绿茵生态(002887.SZ) [20150105 , 20250827 )的数据...
  获取到 1960 条数据，保存到 /data/data_liy/quant/raw/stock_daily/002887.SZ.csv
正在获取1342/5426 惠威科技(002888.SZ) [20150105 , 20250827 )的数据...
  获取到 1963 条数据，保存到 /data/data_liy/quant/raw/stock_daily/002888.SZ.csv
正在获取1343/5426 东方嘉盛(002889.SZ) [20150105 , 20250827 )的数据...
  获取到 1961 条数据，保存到 /data/data_liy/quant/raw/stock_daily/002889.SZ.csv
正在获取1344/5426 弘宇股份(002890.SZ) [20150105 , 20250827 )的数据...
  获取到 1949 条数据，保存到 /data/data_liy/quant/raw/stock_daily/002890.SZ.csv
正在获取1345/5426 中宠股份(002891.SZ) [20150105 , 20250827 )的数据...
  获取到 1934 条数据，保存到 /data/data_liy/quant/raw/stock_daily/002891.SZ.csv
正在获取1346/5426 科力尔(002892.SZ) [20150105 , 20250827 )的数据...
  获取到 1946 条数据，保存到 /data/data_liy/quant/raw/stock_daily/002892.SZ.csv
正在获取1347/5426 京能热力(002893.SZ) [20150105 , 20250827 )的数据...
  获取到 1920 条数据，保存到 /data/data_liy/quant/raw/stock_daily/002893.SZ.csv
正在获取1348/5426 川恒股份(002895.SZ) [20150105 , 20250827 )的数据...
  获取到 1938 条数据，保存到 /data/data_liy/quant/raw/stock_daily/002895.SZ.csv
正在获取1349/5426 中大力德(002896.SZ) [20150105 , 20250827 )的数据...
  获取到 1938 条数据，保存到 /data/data_liy/quant/raw/stock_daily/002896.SZ.csv
正在获取1350/5426 意华股份(002897.SZ) [20150105 , 20250827 )的数据...
  获取到 1933 条数据，保存到 /data/data_liy/quant/raw/stock_daily/002897.SZ.csv
正在获取1351/5426 *ST赛隆(002898.SZ) [20150105 , 20250827 )的数据...
  获取到 1929 条数据，保存到 /data/data_liy/quant/raw/stock_daily/002898.SZ.csv
正在获取1352/5426 英派斯(002899.SZ) [20150105 , 20250827 )的数据...
  获取到 1925 条数据，保存到 /data/data_liy/quant/raw/stock_daily/002899.SZ.csv
正在获取1353/5426 哈三联(002900.SZ) [20150105 , 20250827 )的数据...
  获取到 1922 条数据，保存到 /data/data_liy/quant/raw/stock_daily/002900.SZ.csv
正在获取1354/5426 大博医疗(002901.SZ) [20150105 , 20250827 )的数据...
  获取到 1922 条数据，保存到 /data/data_liy/quant/raw/stock_daily/002901.SZ.csv
正在获取1355/5426 铭普光磁(002902.SZ) [20150105 , 20250827 )的数据...
  获取到 1907 条数据，保存到 /data/data_liy/quant/raw/stock_daily/002902.SZ.csv
正在获取1356/5426 宇环数控(002903.SZ) [20150105 , 20250827 )的数据...
  获取到 1911 条数据，保存到 /data/data_liy/quant/raw/stock_daily/002903.SZ.csv
正在获取1357/5426 金逸影视(002905.SZ) [20150105 , 20250827 )的数据...
  获取到 1911 条数据，保存到 /data/data_liy/quant/raw/stock_daily/002905.SZ.csv
正在获取1358/5426 华阳集团(002906.SZ) [20150105 , 20250827 )的数据...
  获取到 1912 条数据，保存到 /data/data_liy/quant/raw/stock_daily/002906.SZ.csv
正在获取1359/5426 华森制药(002907.SZ) [20150105 , 20250827 )的数据...
  获取到 1903 条数据，保存到 /data/data_liy/quant/raw/stock_daily/002907.SZ.csv
正在获取1360/5426 德生科技(002908.SZ) [20150105 , 20250827 )的数据...
  获取到 1905 条数据，保存到 /data/data_liy/quant/raw/stock_daily/002908.SZ.csv
正在获取1361/5426 集泰股份(002909.SZ) [20150105 , 20250827 )的数据...
  获取到 1901 条数据，保存到 /data/data_liy/quant/raw/stock_daily/002909.SZ.csv
正在获取1362/5426 庄园牧场(002910.SZ) [20150105 , 20250827 )的数据...
  获取到 1898 条数据，保存到 /data/data_liy/quant/raw/stock_daily/002910.SZ.csv
正在获取1363/5426 佛燃能源(002911.SZ) [20150105 , 20250827 )的数据...
  获取到 1884 条数据，保存到 /data/data_liy/quant/raw/stock_daily/002911.SZ.csv
正在获取1364/5426 中新赛克(002912.SZ) [20150105 , 20250827 )的数据...
  获取到 1885 条数据，保存到 /data/data_liy/quant/raw/stock_daily/002912.SZ.csv
正在获取1365/5426 奥士康(002913.SZ) [20150105 , 20250827 )的数据...
  获取到 1877 条数据，保存到 /data/data_liy/quant/raw/stock_daily/002913.SZ.csv
正在获取1366/5426 中欣氟材(002915.SZ) [20150105 , 20250827 )的数据...
  获取到 1870 条数据，保存到 /data/data_liy/quant/raw/stock_daily/002915.SZ.csv
正在获取1367/5426 深南电路(002916.SZ) [20150105 , 20250827 )的数据...
  获取到 1867 条数据，保存到 /data/data_liy/quant/raw/stock_daily/002916.SZ.csv
正在获取1368/5426 金奥博(002917.SZ) [20150105 , 20250827 )的数据...
  获取到 1862 条数据，保存到 /data/data_liy/quant/raw/stock_daily/002917.SZ.csv
正在获取1369/5426 蒙娜丽莎(002918.SZ) [20150105 , 20250827 )的数据...
  获取到 1865 条数据，保存到 /data/data_liy/quant/raw/stock_daily/002918.SZ.csv
正在获取1370/5426 名臣健康(002919.SZ) [20150105 , 20250827 )的数据...
  获取到 1864 条数据，保存到 /data/data_liy/quant/raw/stock_daily/002919.SZ.csv
正在获取1371/5426 德赛西威(002920.SZ) [20150105 , 20250827 )的数据...
  获取到 1860 条数据，保存到 /data/data_liy/quant/raw/stock_daily/002920.SZ.csv
正在获取1372/5426 联诚精密(002921.SZ) [20150105 , 20250827 )的数据...
  获取到 1859 条数据，保存到 /data/data_liy/quant/raw/stock_daily/002921.SZ.csv
正在获取1373/5426 伊戈尔(002922.SZ) [20150105 , 20250827 )的数据...
  获取到 1855 条数据，保存到 /data/data_liy/quant/raw/stock_daily/002922.SZ.csv
正在获取1374/5426 润都股份(002923.SZ) [20150105 , 20250827 )的数据...
  获取到 1853 条数据，保存到 /data/data_liy/quant/raw/stock_daily/002923.SZ.csv
正在获取1375/5426 盈趣科技(002925.SZ) [20150105 , 20250827 )的数据...
  获取到 1845 条数据，保存到 /data/data_liy/quant/raw/stock_daily/002925.SZ.csv
正在获取1376/5426 华西证券(002926.SZ) [20150105 , 20250827 )的数据...
  获取到 1832 条数据，保存到 /data/data_liy/quant/raw/stock_daily/002926.SZ.csv
正在获取1377/5426 泰永长征(002927.SZ) [20150105 , 20250827 )的数据...
  获取到 1821 条数据，保存到 /data/data_liy/quant/raw/stock_daily/002927.SZ.csv
正在获取1378/5426 华夏航空(002928.SZ) [20150105 , 20250827 )的数据...
  获取到 1818 条数据，保存到 /data/data_liy/quant/raw/stock_daily/002928.SZ.csv
正在获取1379/5426 润建股份(002929.SZ) [20150105 , 20250827 )的数据...
  获取到 1819 条数据，保存到 /data/data_liy/quant/raw/stock_daily/002929.SZ.csv
正在获取1380/5426 宏川智慧(002930.SZ) [20150105 , 20250827 )的数据...
  获取到 1791 条数据，保存到 /data/data_liy/quant/raw/stock_daily/002930.SZ.csv
正在获取1381/5426 锋龙股份(002931.SZ) [20150105 , 20250827 )的数据...
  获取到 1789 条数据，保存到 /data/data_liy/quant/raw/stock_daily/002931.SZ.csv
正在获取1382/5426 明德生物(002932.SZ) [20150105 , 20250827 )的数据...
  获取到 1731 条数据，保存到 /data/data_liy/quant/raw/stock_daily/002932.SZ.csv
正在获取1383/5426 新兴装备(002933.SZ) [20150105 , 20250827 )的数据...
  获取到 1693 条数据，保存到 /data/data_liy/quant/raw/stock_daily/002933.SZ.csv
正在获取1384/5426 天奥电子(002935.SZ) [20150105 , 20250827 )的数据...
  获取到 1692 条数据，保存到 /data/data_liy/quant/raw/stock_daily/002935.SZ.csv
正在获取1385/5426 郑州银行(002936.SZ) [20150105 , 20250827 )的数据...
  获取到 1680 条数据，保存到 /data/data_liy/quant/raw/stock_daily/002936.SZ.csv
正在获取1386/5426 兴瑞科技(002937.SZ) [20150105 , 20250827 )的数据...
  获取到 1676 条数据，保存到 /data/data_liy/quant/raw/stock_daily/002937.SZ.csv
正在获取1387/5426 鹏鼎控股(002938.SZ) [20150105 , 20250827 )的数据...
  获取到 1681 条数据，保存到 /data/data_liy/quant/raw/stock_daily/002938.SZ.csv
正在获取1388/5426 长城证券(002939.SZ) [20150105 , 20250827 )的数据...
  获取到 1659 条数据，保存到 /data/data_liy/quant/raw/stock_daily/002939.SZ.csv
正在获取1389/5426 昂利康(002940.SZ) [20150105 , 20250827 )的数据...
  获取到 1652 条数据，保存到 /data/data_liy/quant/raw/stock_daily/002940.SZ.csv
正在获取1390/5426 新疆交建(002941.SZ) [20150105 , 20250827 )的数据...
  获取到 1636 条数据，保存到 /data/data_liy/quant/raw/stock_daily/002941.SZ.csv
正在获取1391/5426 新农股份(002942.SZ) [20150105 , 20250827 )的数据...
  获取到 1631 条数据，保存到 /data/data_liy/quant/raw/stock_daily/002942.SZ.csv
正在获取1392/5426 宇晶股份(002943.SZ) [20150105 , 20250827 )的数据...
  获取到 1620 条数据，保存到 /data/data_liy/quant/raw/stock_daily/002943.SZ.csv
正在获取1393/5426 华林证券(002945.SZ) [20150105 , 20250827 )的数据...
HTTPConnectionPool(host='api.waditu.com', port=80): Max retries exceeded with url: /dataapi/adj_factor (Caused by NameResolutionError("<urllib3.connection.HTTPConnection object at 0x7f6a04619f60>: Failed to resolve 'api.waditu.com' ([Errno -2] Name or service not known)"))
  获取到 1602 条数据，保存到 /data/data_liy/quant/raw/stock_daily/002945.SZ.csv
正在获取1394/5426 新乳业(002946.SZ) [20150105 , 20250827 )的数据...
  获取到 1596 条数据，保存到 /data/data_liy/quant/raw/stock_daily/002946.SZ.csv
正在获取1395/5426 恒铭达(002947.SZ) [20150105 , 20250827 )的数据...
  获取到 1591 条数据，保存到 /data/data_liy/quant/raw/stock_daily/002947.SZ.csv
正在获取1396/5426 青岛银行(002948.SZ) [20150105 , 20250827 )的数据...
  获取到 1597 条数据，保存到 /data/data_liy/quant/raw/stock_daily/002948.SZ.csv
正在获取1397/5426 华阳国际(002949.SZ) [20150105 , 20250827 )的数据...
  获取到 1579 条数据，保存到 /data/data_liy/quant/raw/stock_daily/002949.SZ.csv
正在获取1398/5426 奥美医疗(002950.SZ) [20150105 , 20250827 )的数据...
  获取到 1570 条数据，保存到 /data/data_liy/quant/raw/stock_daily/002950.SZ.csv
正在获取1399/5426 金时科技(002951.SZ) [20150105 , 20250827 )的数据...
  获取到 1563 条数据，保存到 /data/data_liy/quant/raw/stock_daily/002951.SZ.csv
正在获取1400/5426 亚世光电(002952.SZ) [20150105 , 20250827 )的数据...
  获取到 1557 条数据，保存到 /data/data_liy/quant/raw/stock_daily/002952.SZ.csv
正在获取1401/5426 日丰股份(002953.SZ) [20150105 , 20250827 )的数据...
  获取到 1531 条数据，保存到 /data/data_liy/quant/raw/stock_daily/002953.SZ.csv
正在获取1402/5426 鸿合科技(002955.SZ) [20150105 , 20250827 )的数据...
  获取到 1517 条数据，保存到 /data/data_liy/quant/raw/stock_daily/002955.SZ.csv
正在获取1403/5426 西麦食品(002956.SZ) [20150105 , 20250827 )的数据...
  获取到 1503 条数据，保存到 /data/data_liy/quant/raw/stock_daily/002956.SZ.csv
正在获取1404/5426 科瑞技术(002957.SZ) [20150105 , 20250827 )的数据...
  获取到 1476 条数据，保存到 /data/data_liy/quant/raw/stock_daily/002957.SZ.csv
正在获取1405/5426 青农商行(002958.SZ) [20150105 , 20250827 )的数据...
  获取到 1559 条数据，保存到 /data/data_liy/quant/raw/stock_daily/002958.SZ.csv
正在获取1406/5426 小熊电器(002959.SZ) [20150105 , 20250827 )的数据...
  获取到 1456 条数据，保存到 /data/data_liy/quant/raw/stock_daily/002959.SZ.csv
正在获取1407/5426 青鸟消防(002960.SZ) [20150105 , 20250827 )的数据...
  获取到 1466 条数据，保存到 /data/data_liy/quant/raw/stock_daily/002960.SZ.csv
正在获取1408/5426 瑞达期货(002961.SZ) [20150105 , 20250827 )的数据...
  获取到 1447 条数据，保存到 /data/data_liy/quant/raw/stock_daily/002961.SZ.csv
正在获取1409/5426 五方光电(002962.SZ) [20150105 , 20250827 )的数据...
  获取到 1440 条数据，保存到 /data/data_liy/quant/raw/stock_daily/002962.SZ.csv
正在获取1410/5426 豪尔赛(002963.SZ) [20150105 , 20250827 )的数据...
  获取到 1416 条数据，保存到 /data/data_liy/quant/raw/stock_daily/002963.SZ.csv
正在获取1411/5426 祥鑫科技(002965.SZ) [20150105 , 20250827 )的数据...
  获取到 1417 条数据，保存到 /data/data_liy/quant/raw/stock_daily/002965.SZ.csv
正在获取1412/5426 苏州银行(002966.SZ) [20150105 , 20250827 )的数据...
  获取到 1471 条数据，保存到 /data/data_liy/quant/raw/stock_daily/002966.SZ.csv
正在获取1413/5426 广电计量(002967.SZ) [20150105 , 20250827 )的数据...
  获取到 1407 条数据，保存到 /data/data_liy/quant/raw/stock_daily/002967.SZ.csv
正在获取1414/5426 新大正(002968.SZ) [20150105 , 20250827 )的数据...
  获取到 1390 条数据，保存到 /data/data_liy/quant/raw/stock_daily/002968.SZ.csv
正在获取1415/5426 嘉美包装(002969.SZ) [20150105 , 20250827 )的数据...
  获取到 1391 条数据，保存到 /data/data_liy/quant/raw/stock_daily/002969.SZ.csv
正在获取1416/5426 锐明技术(002970.SZ) [20150105 , 20250827 )的数据...
  获取到 1380 条数据，保存到 /data/data_liy/quant/raw/stock_daily/002970.SZ.csv
正在获取1417/5426 和远气体(002971.SZ) [20150105 , 20250827 )的数据...
  获取到 1362 条数据，保存到 /data/data_liy/quant/raw/stock_daily/002971.SZ.csv
正在获取1418/5426 科安达(002972.SZ) [20150105 , 20250827 )的数据...
  获取到 1372 条数据，保存到 /data/data_liy/quant/raw/stock_daily/002972.SZ.csv
正在获取1419/5426 侨银股份(002973.SZ) [20150105 , 20250827 )的数据...
  获取到 1367 条数据，保存到 /data/data_liy/quant/raw/stock_daily/002973.SZ.csv
正在获取1420/5426 博杰股份(002975.SZ) [20150105 , 20250827 )的数据...
  获取到 1351 条数据，保存到 /data/data_liy/quant/raw/stock_daily/002975.SZ.csv
正在获取1421/5426 瑞玛精密(002976.SZ) [20150105 , 20250827 )的数据...
  获取到 1329 条数据，保存到 /data/data_liy/quant/raw/stock_daily/002976.SZ.csv
正在获取1422/5426 天箭科技(002977.SZ) [20150105 , 20250827 )的数据...
  获取到 1322 条数据，保存到 /data/data_liy/quant/raw/stock_daily/002977.SZ.csv
正在获取1423/5426 安宁股份(002978.SZ) [20150105 , 20250827 )的数据...
  获取到 1300 条数据，保存到 /data/data_liy/quant/raw/stock_daily/002978.SZ.csv
正在获取1424/5426 雷赛智能(002979.SZ) [20150105 , 20250827 )的数据...
  获取到 1307 条数据，保存到 /data/data_liy/quant/raw/stock_daily/002979.SZ.csv
正在获取1425/5426 华盛昌(002980.SZ) [20150105 , 20250827 )的数据...
  获取到 1302 条数据，保存到 /data/data_liy/quant/raw/stock_daily/002980.SZ.csv
正在获取1426/5426 朝阳科技(002981.SZ) [20150105 , 20250827 )的数据...
  获取到 1300 条数据，保存到 /data/data_liy/quant/raw/stock_daily/002981.SZ.csv
正在获取1427/5426 湘佳股份(002982.SZ) [20150105 , 20250827 )的数据...
  获取到 1295 条数据，保存到 /data/data_liy/quant/raw/stock_daily/002982.SZ.csv
正在获取1428/5426 芯瑞达(002983.SZ) [20150105 , 20250827 )的数据...
  获取到 1293 条数据，保存到 /data/data_liy/quant/raw/stock_daily/002983.SZ.csv
正在获取1429/5426 森麒麟(002984.SZ) [20150105 , 20250827 )的数据...
  获取到 1200 条数据，保存到 /data/data_liy/quant/raw/stock_daily/002984.SZ.csv
正在获取1430/5426 北摩高科(002985.SZ) [20150105 , 20250827 )的数据...
  获取到 1292 条数据，保存到 /data/data_liy/quant/raw/stock_daily/002985.SZ.csv
正在获取1431/5426 宇新股份(002986.SZ) [20150105 , 20250827 )的数据...
  获取到 1271 条数据，保存到 /data/data_liy/quant/raw/stock_daily/002986.SZ.csv
正在获取1432/5426 京北方(002987.SZ) [20150105 , 20250827 )的数据...
  获取到 1289 条数据，保存到 /data/data_liy/quant/raw/stock_daily/002987.SZ.csv
正在获取1433/5426 豪美新材(002988.SZ) [20150105 , 20250827 )的数据...
  获取到 1282 条数据，保存到 /data/data_liy/quant/raw/stock_daily/002988.SZ.csv
正在获取1434/5426 中天精装(002989.SZ) [20150105 , 20250827 )的数据...
  获取到 1263 条数据，保存到 /data/data_liy/quant/raw/stock_daily/002989.SZ.csv
正在获取1435/5426 盛视科技(002990.SZ) [20150105 , 20250827 )的数据...
  获取到 1277 条数据，保存到 /data/data_liy/quant/raw/stock_daily/002990.SZ.csv
正在获取1436/5426 甘源食品(002991.SZ) [20150105 , 20250827 )的数据...
  获取到 1230 条数据，保存到 /data/data_liy/quant/raw/stock_daily/002991.SZ.csv
正在获取1437/5426 宝明科技(002992.SZ) [20150105 , 20250827 )的数据...
  获取到 1229 条数据，保存到 /data/data_liy/quant/raw/stock_daily/002992.SZ.csv
正在获取1438/5426 奥海科技(002993.SZ) [20150105 , 20250827 )的数据...
  获取到 1219 条数据，保存到 /data/data_liy/quant/raw/stock_daily/002993.SZ.csv
正在获取1439/5426 天地在线(002995.SZ) [20150105 , 20250827 )的数据...
  获取到 1218 条数据，保存到 /data/data_liy/quant/raw/stock_daily/002995.SZ.csv
正在获取1440/5426 顺博合金(002996.SZ) [20150105 , 20250827 )的数据...
HTTPConnectionPool(host='api.waditu.com', port=80): Max retries exceeded with url: /dataapi/daily (Caused by NameResolutionError("<urllib3.connection.HTTPConnection object at 0x7f6a0461b280>: Failed to resolve 'api.waditu.com' ([Errno -2] Name or service not known)"))
  获取到 1210 条数据，保存到 /data/data_liy/quant/raw/stock_daily/002996.SZ.csv
正在获取1441/5426 瑞鹄模具(002997.SZ) [20150105 , 20250827 )的数据...
  获取到 1206 条数据，保存到 /data/data_liy/quant/raw/stock_daily/002997.SZ.csv
正在获取1442/5426 优彩资源(002998.SZ) [20150105 , 20250827 )的数据...
  获取到 1190 条数据，保存到 /data/data_liy/quant/raw/stock_daily/002998.SZ.csv
正在获取1443/5426 天禾股份(002999.SZ) [20150105 , 20250827 )的数据...
  获取到 1206 条数据，保存到 /data/data_liy/quant/raw/stock_daily/002999.SZ.csv
正在获取1444/5426 劲仔食品(003000.SZ) [20150105 , 20250827 )的数据...
  获取到 1199 条数据，保存到 /data/data_liy/quant/raw/stock_daily/003000.SZ.csv
正在获取1445/5426 中岩大地(003001.SZ) [20150105 , 20250827 )的数据...
  获取到 1184 条数据，保存到 /data/data_liy/quant/raw/stock_daily/003001.SZ.csv
正在获取1446/5426 壶化股份(003002.SZ) [20150105 , 20250827 )的数据...
  获取到 1193 条数据，保存到 /data/data_liy/quant/raw/stock_daily/003002.SZ.csv
正在获取1447/5426 天元股份(003003.SZ) [20150105 , 20250827 )的数据...
  获取到 1194 条数据，保存到 /data/data_liy/quant/raw/stock_daily/003003.SZ.csv
正在获取1448/5426 *ST声迅(003004.SZ) [20150105 , 20250827 )的数据...
  获取到 1151 条数据，保存到 /data/data_liy/quant/raw/stock_daily/003004.SZ.csv
正在获取1449/5426 竞业达(003005.SZ) [20150105 , 20250827 )的数据...
  获取到 1188 条数据，保存到 /data/data_liy/quant/raw/stock_daily/003005.SZ.csv
正在获取1450/5426 百亚股份(003006.SZ) [20150105 , 20250827 )的数据...
  获取到 1194 条数据，保存到 /data/data_liy/quant/raw/stock_daily/003006.SZ.csv
正在获取1451/5426 直真科技(003007.SZ) [20150105 , 20250827 )的数据...
  获取到 1192 条数据，保存到 /data/data_liy/quant/raw/stock_daily/003007.SZ.csv
正在获取1452/5426 开普检测(003008.SZ) [20150105 , 20250827 )的数据...
  获取到 1192 条数据，保存到 /data/data_liy/quant/raw/stock_daily/003008.SZ.csv
正在获取1453/5426 中天火箭(003009.SZ) [20150105 , 20250827 )的数据...
  获取到 1190 条数据，保存到 /data/data_liy/quant/raw/stock_daily/003009.SZ.csv
正在获取1454/5426 若羽臣(003010.SZ) [20150105 , 20250827 )的数据...
  获取到 1190 条数据，保存到 /data/data_liy/quant/raw/stock_daily/003010.SZ.csv
正在获取1455/5426 海象新材(003011.SZ) [20150105 , 20250827 )的数据...
  获取到 1187 条数据，保存到 /data/data_liy/quant/raw/stock_daily/003011.SZ.csv
正在获取1456/5426 东鹏控股(003012.SZ) [20150105 , 20250827 )的数据...
  获取到 1180 条数据，保存到 /data/data_liy/quant/raw/stock_daily/003012.SZ.csv
正在获取1457/5426 地铁设计(003013.SZ) [20150105 , 20250827 )的数据...
  获取到 1167 条数据，保存到 /data/data_liy/quant/raw/stock_daily/003013.SZ.csv
正在获取1458/5426 日久光电(003015.SZ) [20150105 , 20250827 )的数据...
  获取到 1178 条数据，保存到 /data/data_liy/quant/raw/stock_daily/003015.SZ.csv
正在获取1459/5426 欣贺股份(003016.SZ) [20150105 , 20250827 )的数据...
  获取到 1175 条数据，保存到 /data/data_liy/quant/raw/stock_daily/003016.SZ.csv
正在获取1460/5426 大洋生物(003017.SZ) [20150105 , 20250827 )的数据...
  获取到 1175 条数据，保存到 /data/data_liy/quant/raw/stock_daily/003017.SZ.csv
正在获取1461/5426 金富科技(003018.SZ) [20150105 , 20250827 )的数据...
  获取到 1166 条数据，保存到 /data/data_liy/quant/raw/stock_daily/003018.SZ.csv
正在获取1462/5426 宸展光电(003019.SZ) [20150105 , 20250827 )的数据...
  获取到 1159 条数据，保存到 /data/data_liy/quant/raw/stock_daily/003019.SZ.csv
正在获取1463/5426 立方制药(003020.SZ) [20150105 , 20250827 )的数据...
  获取到 1139 条数据，保存到 /data/data_liy/quant/raw/stock_daily/003020.SZ.csv
正在获取1464/5426 兆威机电(003021.SZ) [20150105 , 20250827 )的数据...
  获取到 1146 条数据，保存到 /data/data_liy/quant/raw/stock_daily/003021.SZ.csv
正在获取1465/5426 联泓新科(003022.SZ) [20150105 , 20250827 )的数据...
  获取到 1144 条数据，保存到 /data/data_liy/quant/raw/stock_daily/003022.SZ.csv
正在获取1466/5426 彩虹集团(003023.SZ) [20150105 , 20250827 )的数据...
  获取到 1141 条数据，保存到 /data/data_liy/quant/raw/stock_daily/003023.SZ.csv
正在获取1467/5426 思进智能(003025.SZ) [20150105 , 20250827 )的数据...
  获取到 1141 条数据，保存到 /data/data_liy/quant/raw/stock_daily/003025.SZ.csv
正在获取1468/5426 中晶科技(003026.SZ) [20150105 , 20250827 )的数据...
  获取到 1136 条数据，保存到 /data/data_liy/quant/raw/stock_daily/003026.SZ.csv
正在获取1469/5426 同兴科技(003027.SZ) [20150105 , 20250827 )的数据...
  获取到 1136 条数据，保存到 /data/data_liy/quant/raw/stock_daily/003027.SZ.csv
正在获取1470/5426 振邦智能(003028.SZ) [20150105 , 20250827 )的数据...
  获取到 1130 条数据，保存到 /data/data_liy/quant/raw/stock_daily/003028.SZ.csv
正在获取1471/5426 吉大正元(003029.SZ) [20150105 , 20250827 )的数据...
  获取到 1132 条数据，保存到 /data/data_liy/quant/raw/stock_daily/003029.SZ.csv
正在获取1472/5426 祖名股份(003030.SZ) [20150105 , 20250827 )的数据...
  获取到 1124 条数据，保存到 /data/data_liy/quant/raw/stock_daily/003030.SZ.csv
正在获取1473/5426 中瓷电子(003031.SZ) [20150105 , 20250827 )的数据...
  获取到 1116 条数据，保存到 /data/data_liy/quant/raw/stock_daily/003031.SZ.csv
正在获取1474/5426 *ST传智(003032.SZ) [20150105 , 20250827 )的数据...
  获取到 1119 条数据，保存到 /data/data_liy/quant/raw/stock_daily/003032.SZ.csv
正在获取1475/5426 征和工业(003033.SZ) [20150105 , 20250827 )的数据...
  获取到 1121 条数据，保存到 /data/data_liy/quant/raw/stock_daily/003033.SZ.csv
正在获取1476/5426 南网能源(003035.SZ) [20150105 , 20250827 )的数据...
  获取到 1115 条数据，保存到 /data/data_liy/quant/raw/stock_daily/003035.SZ.csv
正在获取1477/5426 泰坦股份(003036.SZ) [20150105 , 20250827 )的数据...
  获取到 1108 条数据，保存到 /data/data_liy/quant/raw/stock_daily/003036.SZ.csv
正在获取1478/5426 三和管桩(003037.SZ) [20150105 , 20250827 )的数据...
  获取到 1103 条数据，保存到 /data/data_liy/quant/raw/stock_daily/003037.SZ.csv
正在获取1479/5426 鑫铂股份(003038.SZ) [20150105 , 20250827 )的数据...
  获取到 1099 条数据，保存到 /data/data_liy/quant/raw/stock_daily/003038.SZ.csv
正在获取1480/5426 顺控发展(003039.SZ) [20150105 , 20250827 )的数据...
  获取到 1081 条数据，保存到 /data/data_liy/quant/raw/stock_daily/003039.SZ.csv
正在获取1481/5426 楚天龙(003040.SZ) [20150105 , 20250827 )的数据...
  获取到 1076 条数据，保存到 /data/data_liy/quant/raw/stock_daily/003040.SZ.csv
正在获取1482/5426 真爱美家(003041.SZ) [20150105 , 20250827 )的数据...
  获取到 1066 条数据，保存到 /data/data_liy/quant/raw/stock_daily/003041.SZ.csv
正在获取1483/5426 中农联合(003042.SZ) [20150105 , 20250827 )的数据...
  获取到 1066 条数据，保存到 /data/data_liy/quant/raw/stock_daily/003042.SZ.csv
正在获取1484/5426 华亚智能(003043.SZ) [20150105 , 20250827 )的数据...
  获取到 1061 条数据，保存到 /data/data_liy/quant/raw/stock_daily/003043.SZ.csv
正在获取1485/5426 中国广核(003816.SZ) [20150105 , 20250827 )的数据...
  获取到 1455 条数据，保存到 /data/data_liy/quant/raw/stock_daily/003816.SZ.csv
正在获取1486/5426 特锐德(300001.SZ) [20150105 , 20250827 )的数据...
  获取到 2518 条数据，保存到 /data/data_liy/quant/raw/stock_daily/300001.SZ.csv
正在获取1487/5426 神州泰岳(300002.SZ) [20150105 , 20250827 )的数据...
  获取到 2577 条数据，保存到 /data/data_liy/quant/raw/stock_daily/300002.SZ.csv
正在获取1488/5426 乐普医疗(300003.SZ) [20150105 , 20250827 )的数据...
  获取到 2553 条数据，保存到 /data/data_liy/quant/raw/stock_daily/300003.SZ.csv
正在获取1489/5426 南风股份(300004.SZ) [20150105 , 20250827 )的数据...
  获取到 2482 条数据，保存到 /data/data_liy/quant/raw/stock_daily/300004.SZ.csv
正在获取1490/5426 探路者(300005.SZ) [20150105 , 20250827 )的数据...
  获取到 2516 条数据，保存到 /data/data_liy/quant/raw/stock_daily/300005.SZ.csv
正在获取1491/5426 莱美药业(300006.SZ) [20150105 , 20250827 )的数据...
  获取到 2579 条数据，保存到 /data/data_liy/quant/raw/stock_daily/300006.SZ.csv
正在获取1492/5426 汉威科技(300007.SZ) [20150105 , 20250827 )的数据...
  获取到 2547 条数据，保存到 /data/data_liy/quant/raw/stock_daily/300007.SZ.csv
正在获取1493/5426 天海防务(300008.SZ) [20150105 , 20250827 )的数据...
  获取到 2441 条数据，保存到 /data/data_liy/quant/raw/stock_daily/300008.SZ.csv
正在获取1494/5426 安科生物(300009.SZ) [20150105 , 20250827 )的数据...
  获取到 2526 条数据，保存到 /data/data_liy/quant/raw/stock_daily/300009.SZ.csv
正在获取1495/5426 豆神教育(300010.SZ) [20150105 , 20250827 )的数据...
  获取到 2417 条数据，保存到 /data/data_liy/quant/raw/stock_daily/300010.SZ.csv
正在获取1496/5426 鼎汉技术(300011.SZ) [20150105 , 20250827 )的数据...
  获取到 2505 条数据，保存到 /data/data_liy/quant/raw/stock_daily/300011.SZ.csv
正在获取1497/5426 华测检测(300012.SZ) [20150105 , 20250827 )的数据...
  获取到 2554 条数据，保存到 /data/data_liy/quant/raw/stock_daily/300012.SZ.csv
正在获取1498/5426 新宁物流(300013.SZ) [20150105 , 20250827 )的数据...
  获取到 2515 条数据，保存到 /data/data_liy/quant/raw/stock_daily/300013.SZ.csv
正在获取1499/5426 亿纬锂能(300014.SZ) [20150105 , 20250827 )的数据...
  获取到 2568 条数据，保存到 /data/data_liy/quant/raw/stock_daily/300014.SZ.csv
正在获取1500/5426 爱尔眼科(300015.SZ) [20150105 , 20250827 )的数据...
  获取到 2570 条数据，保存到 /data/data_liy/quant/raw/stock_daily/300015.SZ.csv
正在获取1501/5426 北陆药业(300016.SZ) [20150105 , 20250827 )的数据...
  获取到 2523 条数据，保存到 /data/data_liy/quant/raw/stock_daily/300016.SZ.csv
正在获取1502/5426 网宿科技(300017.SZ) [20150105 , 20250827 )的数据...
  获取到 2544 条数据，保存到 /data/data_liy/quant/raw/stock_daily/300017.SZ.csv
正在获取1503/5426 中元股份(300018.SZ) [20150105 , 20250827 )的数据...
  获取到 2512 条数据，保存到 /data/data_liy/quant/raw/stock_daily/300018.SZ.csv
正在获取1504/5426 硅宝科技(300019.SZ) [20150105 , 20250827 )的数据...
  获取到 2512 条数据，保存到 /data/data_liy/quant/raw/stock_daily/300019.SZ.csv
正在获取1505/5426 ST银江(300020.SZ) [20150105 , 20250827 )的数据...
  获取到 2495 条数据，保存到 /data/data_liy/quant/raw/stock_daily/300020.SZ.csv
正在获取1506/5426 大禹节水(300021.SZ) [20150105 , 20250827 )的数据...
  获取到 2565 条数据，保存到 /data/data_liy/quant/raw/stock_daily/300021.SZ.csv
正在获取1507/5426 吉峰科技(300022.SZ) [20150105 , 20250827 )的数据...
  获取到 2395 条数据，保存到 /data/data_liy/quant/raw/stock_daily/300022.SZ.csv
正在获取1508/5426 机器人(300024.SZ) [20150105 , 20250827 )的数据...
  获取到 2588 条数据，保存到 /data/data_liy/quant/raw/stock_daily/300024.SZ.csv
正在获取1509/5426 华星创业(300025.SZ) [20150105 , 20250827 )的数据...
  获取到 2298 条数据，保存到 /data/data_liy/quant/raw/stock_daily/300025.SZ.csv
正在获取1510/5426 红日药业(300026.SZ) [20150105 , 20250827 )的数据...
  获取到 2516 条数据，保存到 /data/data_liy/quant/raw/stock_daily/300026.SZ.csv
正在获取1511/5426 华谊兄弟(300027.SZ) [20150105 , 20250827 )的数据...
  获取到 2481 条数据，保存到 /data/data_liy/quant/raw/stock_daily/300027.SZ.csv
正在获取1512/5426 *ST天龙(300029.SZ) [20150105 , 20250827 )的数据...
  获取到 2584 条数据，保存到 /data/data_liy/quant/raw/stock_daily/300029.SZ.csv
正在获取1513/5426 阳普医疗(300030.SZ) [20150105 , 20250827 )的数据...
  获取到 2397 条数据，保存到 /data/data_liy/quant/raw/stock_daily/300030.SZ.csv
正在获取1514/5426 宝通科技(300031.SZ) [20150105 , 20250827 )的数据...
HTTPConnectionPool(host='api.waditu.com', port=80): Max retries exceeded with url: /dataapi/adj_factor (Caused by NameResolutionError("<urllib3.connection.HTTPConnection object at 0x7f6a04618580>: Failed to resolve 'api.waditu.com' ([Errno -2] Name or service not known)"))
  获取到 2459 条数据，保存到 /data/data_liy/quant/raw/stock_daily/300031.SZ.csv
正在获取1515/5426 金龙机电(300032.SZ) [20150105 , 20250827 )的数据...
  获取到 2431 条数据，保存到 /data/data_liy/quant/raw/stock_daily/300032.SZ.csv
正在获取1516/5426 同花顺(300033.SZ) [20150105 , 20250827 )的数据...
  获取到 2587 条数据，保存到 /data/data_liy/quant/raw/stock_daily/300033.SZ.csv
正在获取1517/5426 钢研高纳(300034.SZ) [20150105 , 20250827 )的数据...
  获取到 2499 条数据，保存到 /data/data_liy/quant/raw/stock_daily/300034.SZ.csv
正在获取1518/5426 中科电气(300035.SZ) [20150105 , 20250827 )的数据...
  获取到 2456 条数据，保存到 /data/data_liy/quant/raw/stock_daily/300035.SZ.csv
正在获取1519/5426 超图软件(300036.SZ) [20150105 , 20250827 )的数据...
  获取到 2509 条数据，保存到 /data/data_liy/quant/raw/stock_daily/300036.SZ.csv
正在获取1520/5426 新宙邦(300037.SZ) [20150105 , 20250827 )的数据...
  获取到 2571 条数据，保存到 /data/data_liy/quant/raw/stock_daily/300037.SZ.csv
正在获取1521/5426 上海凯宝(300039.SZ) [20150105 , 20250827 )的数据...
  获取到 2583 条数据，保存到 /data/data_liy/quant/raw/stock_daily/300039.SZ.csv
正在获取1522/5426 九洲集团(300040.SZ) [20150105 , 20250827 )的数据...
HTTPConnectionPool(host='api.waditu.com', port=80): Max retries exceeded with url: /dataapi/adj_factor (Caused by NameResolutionError("<urllib3.connection.HTTPConnection object at 0x7f6a045e7c70>: Failed to resolve 'api.waditu.com' ([Errno -2] Name or service not known)"))
  获取到 2449 条数据，保存到 /data/data_liy/quant/raw/stock_daily/300040.SZ.csv
正在获取1523/5426 回天新材(300041.SZ) [20150105 , 20250827 )的数据...
  获取到 2564 条数据，保存到 /data/data_liy/quant/raw/stock_daily/300041.SZ.csv
正在获取1524/5426 朗科科技(300042.SZ) [20150105 , 20250827 )的数据...
  获取到 2576 条数据，保存到 /data/data_liy/quant/raw/stock_daily/300042.SZ.csv
正在获取1525/5426 星辉娱乐(300043.SZ) [20150105 , 20250827 )的数据...
  获取到 2449 条数据，保存到 /data/data_liy/quant/raw/stock_daily/300043.SZ.csv
正在获取1526/5426 ST赛为(300044.SZ) [20150105 , 20250827 )的数据...
  获取到 2456 条数据，保存到 /data/data_liy/quant/raw/stock_daily/300044.SZ.csv
正在获取1527/5426 华力创通(300045.SZ) [20150105 , 20250827 )的数据...
  获取到 2539 条数据，保存到 /data/data_liy/quant/raw/stock_daily/300045.SZ.csv
正在获取1528/5426 台基股份(300046.SZ) [20150105 , 20250827 )的数据...
  获取到 2442 条数据，保存到 /data/data_liy/quant/raw/stock_daily/300046.SZ.csv
正在获取1529/5426 天源迪科(300047.SZ) [20150105 , 20250827 )的数据...
  获取到 2443 条数据，保存到 /data/data_liy/quant/raw/stock_daily/300047.SZ.csv
正在获取1530/5426 合康新能(300048.SZ) [20150105 , 20250827 )的数据...
  获取到 2511 条数据，保存到 /data/data_liy/quant/raw/stock_daily/300048.SZ.csv
正在获取1531/5426 福瑞股份(300049.SZ) [20150105 , 20250827 )的数据...
  获取到 2419 条数据，保存到 /data/data_liy/quant/raw/stock_daily/300049.SZ.csv
正在获取1532/5426 世纪鼎利(300050.SZ) [20150105 , 20250827 )的数据...
  获取到 2496 条数据，保存到 /data/data_liy/quant/raw/stock_daily/300050.SZ.csv
正在获取1533/5426 琏升科技(300051.SZ) [20150105 , 20250827 )的数据...
  获取到 2444 条数据，保存到 /data/data_liy/quant/raw/stock_daily/300051.SZ.csv
正在获取1534/5426 ST中青宝(300052.SZ) [20150105 , 20250827 )的数据...
  获取到 2446 条数据，保存到 /data/data_liy/quant/raw/stock_daily/300052.SZ.csv
正在获取1535/5426 航宇微(300053.SZ) [20150105 , 20250827 )的数据...
  获取到 2500 条数据，保存到 /data/data_liy/quant/raw/stock_daily/300053.SZ.csv
正在获取1536/5426 鼎龙股份(300054.SZ) [20150105 , 20250827 )的数据...
  获取到 2494 条数据，保存到 /data/data_liy/quant/raw/stock_daily/300054.SZ.csv
正在获取1537/5426 万邦达(300055.SZ) [20150105 , 20250827 )的数据...
  获取到 2573 条数据，保存到 /data/data_liy/quant/raw/stock_daily/300055.SZ.csv
正在获取1538/5426 中创环保(300056.SZ) [20150105 , 20250827 )的数据...
  获取到 2414 条数据，保存到 /data/data_liy/quant/raw/stock_daily/300056.SZ.csv
正在获取1539/5426 万顺新材(300057.SZ) [20150105 , 20250827 )的数据...
  获取到 2413 条数据，保存到 /data/data_liy/quant/raw/stock_daily/300057.SZ.csv
正在获取1540/5426 蓝色光标(300058.SZ) [20150105 , 20250827 )的数据...
  获取到 2511 条数据，保存到 /data/data_liy/quant/raw/stock_daily/300058.SZ.csv
正在获取1541/5426 东方财富(300059.SZ) [20150105 , 20250827 )的数据...
  获取到 2532 条数据，保存到 /data/data_liy/quant/raw/stock_daily/300059.SZ.csv
正在获取1542/5426 旗天科技(300061.SZ) [20150105 , 20250827 )的数据...
  获取到 2457 条数据，保存到 /data/data_liy/quant/raw/stock_daily/300061.SZ.csv
正在获取1543/5426 中能电气(300062.SZ) [20150105 , 20250827 )的数据...
  获取到 2478 条数据，保存到 /data/data_liy/quant/raw/stock_daily/300062.SZ.csv
正在获取1544/5426 天龙集团(300063.SZ) [20150105 , 20250827 )的数据...
  获取到 2339 条数据，保存到 /data/data_liy/quant/raw/stock_daily/300063.SZ.csv
正在获取1545/5426 海兰信(300065.SZ) [20150105 , 20250827 )的数据...
  获取到 2361 条数据，保存到 /data/data_liy/quant/raw/stock_daily/300065.SZ.csv
正在获取1546/5426 三川智慧(300066.SZ) [20150105 , 20250827 )的数据...
  获取到 2585 条数据，保存到 /data/data_liy/quant/raw/stock_daily/300066.SZ.csv
正在获取1547/5426 安诺其(300067.SZ) [20150105 , 20250827 )的数据...
  获取到 2516 条数据，保存到 /data/data_liy/quant/raw/stock_daily/300067.SZ.csv
正在获取1548/5426 南都电源(300068.SZ) [20150105 , 20250827 )的数据...
  获取到 2500 条数据，保存到 /data/data_liy/quant/raw/stock_daily/300068.SZ.csv
正在获取1549/5426 金利华电(300069.SZ) [20150105 , 20250827 )的数据...
  获取到 2461 条数据，保存到 /data/data_liy/quant/raw/stock_daily/300069.SZ.csv
正在获取1550/5426 碧水源(300070.SZ) [20150105 , 20250827 )的数据...
  获取到 2510 条数据，保存到 /data/data_liy/quant/raw/stock_daily/300070.SZ.csv
正在获取1551/5426 福石控股(300071.SZ) [20150105 , 20250827 )的数据...
  获取到 2226 条数据，保存到 /data/data_liy/quant/raw/stock_daily/300071.SZ.csv
正在获取1552/5426 海新能科(300072.SZ) [20150105 , 20250827 )的数据...
  获取到 2568 条数据，保存到 /data/data_liy/quant/raw/stock_daily/300072.SZ.csv
正在获取1553/5426 当升科技(300073.SZ) [20150105 , 20250827 )的数据...
  获取到 2491 条数据，保存到 /data/data_liy/quant/raw/stock_daily/300073.SZ.csv
正在获取1554/5426 华平股份(300074.SZ) [20150105 , 20250827 )的数据...
  获取到 2535 条数据，保存到 /data/data_liy/quant/raw/stock_daily/300074.SZ.csv
正在获取1555/5426 数字政通(300075.SZ) [20150105 , 20250827 )的数据...
  获取到 2562 条数据，保存到 /data/data_liy/quant/raw/stock_daily/300075.SZ.csv
正在获取1556/5426 GQY视讯(300076.SZ) [20150105 , 20250827 )的数据...
  获取到 2457 条数据，保存到 /data/data_liy/quant/raw/stock_daily/300076.SZ.csv
正在获取1557/5426 国民技术(300077.SZ) [20150105 , 20250827 )的数据...
  获取到 2561 条数据，保存到 /data/data_liy/quant/raw/stock_daily/300077.SZ.csv
正在获取1558/5426 思创医惠(300078.SZ) [20150105 , 20250827 )的数据...
  获取到 2504 条数据，保存到 /data/data_liy/quant/raw/stock_daily/300078.SZ.csv
正在获取1559/5426 数码视讯(300079.SZ) [20150105 , 20250827 )的数据...
  获取到 2570 条数据，保存到 /data/data_liy/quant/raw/stock_daily/300079.SZ.csv
正在获取1560/5426 易成新能(300080.SZ) [20150105 , 20250827 )的数据...
  获取到 2307 条数据，保存到 /data/data_liy/quant/raw/stock_daily/300080.SZ.csv
正在获取1561/5426 恒信东方(300081.SZ) [20150105 , 20250827 )的数据...
  获取到 2419 条数据，保存到 /data/data_liy/quant/raw/stock_daily/300081.SZ.csv
正在获取1562/5426 奥克股份(300082.SZ) [20150105 , 20250827 )的数据...
HTTPConnectionPool(host='api.waditu.com', port=80): Max retries exceeded with url: /dataapi/adj_factor (Caused by NameResolutionError("<urllib3.connection.HTTPConnection object at 0x7f6a04544850>: Failed to resolve 'api.waditu.com' ([Errno -2] Name or service not known)"))
  获取到 2570 条数据，保存到 /data/data_liy/quant/raw/stock_daily/300082.SZ.csv
正在获取1563/5426 创世纪(300083.SZ) [20150105 , 20250827 )的数据...
  获取到 2461 条数据，保存到 /data/data_liy/quant/raw/stock_daily/300083.SZ.csv
正在获取1564/5426 海默科技(300084.SZ) [20150105 , 20250827 )的数据...
  获取到 2536 条数据，保存到 /data/data_liy/quant/raw/stock_daily/300084.SZ.csv
正在获取1565/5426 银之杰(300085.SZ) [20150105 , 20250827 )的数据...
HTTPConnectionPool(host='api.waditu.com', port=80): Max retries exceeded with url: /dataapi/adj_factor (Caused by NameResolutionError("<urllib3.connection.HTTPConnection object at 0x7f6a04544fa0>: Failed to resolve 'api.waditu.com' ([Errno -2] Name or service not known)"))
  获取到 2460 条数据，保存到 /data/data_liy/quant/raw/stock_daily/300085.SZ.csv
正在获取1566/5426 康芝药业(300086.SZ) [20150105 , 20250827 )的数据...
  获取到 2454 条数据，保存到 /data/data_liy/quant/raw/stock_daily/300086.SZ.csv
正在获取1567/5426 荃银高科(300087.SZ) [20150105 , 20250827 )的数据...
  获取到 2390 条数据，保存到 /data/data_liy/quant/raw/stock_daily/300087.SZ.csv
正在获取1568/5426 长信科技(300088.SZ) [20150105 , 20250827 )的数据...
  获取到 2257 条数据，保存到 /data/data_liy/quant/raw/stock_daily/300088.SZ.csv
正在获取1569/5426 金通灵(300091.SZ) [20150105 , 20250827 )的数据...
  获取到 2501 条数据，保存到 /data/data_liy/quant/raw/stock_daily/300091.SZ.csv
正在获取1570/5426 科新机电(300092.SZ) [20150105 , 20250827 )的数据...
  获取到 2431 条数据，保存到 /data/data_liy/quant/raw/stock_daily/300092.SZ.csv
正在获取1571/5426 *ST金刚(300093.SZ) [20150105 , 20250827 )的数据...
  获取到 2410 条数据，保存到 /data/data_liy/quant/raw/stock_daily/300093.SZ.csv
正在获取1572/5426 国联水产(300094.SZ) [20150105 , 20250827 )的数据...
  获取到 2482 条数据，保存到 /data/data_liy/quant/raw/stock_daily/300094.SZ.csv
正在获取1573/5426 华伍股份(300095.SZ) [20150105 , 20250827 )的数据...
  获取到 2516 条数据，保存到 /data/data_liy/quant/raw/stock_daily/300095.SZ.csv
正在获取1574/5426 ST易联众(300096.SZ) [20150105 , 20250827 )的数据...
  获取到 2458 条数据，保存到 /data/data_liy/quant/raw/stock_daily/300096.SZ.csv
正在获取1575/5426 ST智云(300097.SZ) [20150105 , 20250827 )的数据...
  获取到 2503 条数据，保存到 /data/data_liy/quant/raw/stock_daily/300097.SZ.csv
正在获取1576/5426 高新兴(300098.SZ) [20150105 , 20250827 )的数据...
  获取到 2442 条数据，保存到 /data/data_liy/quant/raw/stock_daily/300098.SZ.csv
正在获取1577/5426 尤洛卡(300099.SZ) [20150105 , 20250827 )的数据...
  获取到 2473 条数据，保存到 /data/data_liy/quant/raw/stock_daily/300099.SZ.csv
正在获取1578/5426 双林股份(300100.SZ) [20150105 , 20250827 )的数据...
  获取到 2394 条数据，保存到 /data/data_liy/quant/raw/stock_daily/300100.SZ.csv
正在获取1579/5426 振芯科技(300101.SZ) [20150105 , 20250827 )的数据...
  获取到 2519 条数据，保存到 /data/data_liy/quant/raw/stock_daily/300101.SZ.csv
正在获取1580/5426 乾照光电(300102.SZ) [20150105 , 20250827 )的数据...
  获取到 2558 条数据，保存到 /data/data_liy/quant/raw/stock_daily/300102.SZ.csv
正在获取1581/5426 达刚控股(300103.SZ) [20150105 , 20250827 )的数据...
  获取到 2529 条数据，保存到 /data/data_liy/quant/raw/stock_daily/300103.SZ.csv
正在获取1582/5426 龙源技术(300105.SZ) [20150105 , 20250827 )的数据...
  获取到 2588 条数据，保存到 /data/data_liy/quant/raw/stock_daily/300105.SZ.csv
正在获取1583/5426 西部牧业(300106.SZ) [20150105 , 20250827 )的数据...
  获取到 2569 条数据，保存到 /data/data_liy/quant/raw/stock_daily/300106.SZ.csv
正在获取1584/5426 建新股份(300107.SZ) [20150105 , 20250827 )的数据...
  获取到 2588 条数据，保存到 /data/data_liy/quant/raw/stock_daily/300107.SZ.csv
正在获取1585/5426 新开源(300109.SZ) [20150105 , 20250827 )的数据...
  获取到 2341 条数据，保存到 /data/data_liy/quant/raw/stock_daily/300109.SZ.csv
正在获取1586/5426 华仁药业(300110.SZ) [20150105 , 20250827 )的数据...
  获取到 2356 条数据，保存到 /data/data_liy/quant/raw/stock_daily/300110.SZ.csv
正在获取1587/5426 向日葵(300111.SZ) [20150105 , 20250827 )的数据...
  获取到 2390 条数据，保存到 /data/data_liy/quant/raw/stock_daily/300111.SZ.csv
正在获取1588/5426 万讯自控(300112.SZ) [20150105 , 20250827 )的数据...
  获取到 2484 条数据，保存到 /data/data_liy/quant/raw/stock_daily/300112.SZ.csv
正在获取1589/5426 顺网科技(300113.SZ) [20150105 , 20250827 )的数据...
  获取到 2493 条数据，保存到 /data/data_liy/quant/raw/stock_daily/300113.SZ.csv
正在获取1590/5426 长盈精密(300115.SZ) [20150105 , 20250827 )的数据...
  获取到 2566 条数据，保存到 /data/data_liy/quant/raw/stock_daily/300115.SZ.csv
正在获取1591/5426 东方日升(300118.SZ) [20150105 , 20250827 )的数据...
  获取到 2491 条数据，保存到 /data/data_liy/quant/raw/stock_daily/300118.SZ.csv
正在获取1592/5426 瑞普生物(300119.SZ) [20150105 , 20250827 )的数据...
  获取到 2553 条数据，保存到 /data/data_liy/quant/raw/stock_daily/300119.SZ.csv
正在获取1593/5426 经纬辉开(300120.SZ) [20150105 , 20250827 )的数据...
  获取到 2475 条数据，保存到 /data/data_liy/quant/raw/stock_daily/300120.SZ.csv
正在获取1594/5426 阳谷华泰(300121.SZ) [20150105 , 20250827 )的数据...
  获取到 2542 条数据，保存到 /data/data_liy/quant/raw/stock_daily/300121.SZ.csv
正在获取1595/5426 智飞生物(300122.SZ) [20150105 , 20250827 )的数据...
  获取到 2584 条数据，保存到 /data/data_liy/quant/raw/stock_daily/300122.SZ.csv
正在获取1596/5426 亚光科技(300123.SZ) [20150105 , 20250827 )的数据...
  获取到 2352 条数据，保存到 /data/data_liy/quant/raw/stock_daily/300123.SZ.csv
正在获取1597/5426 汇川技术(300124.SZ) [20150105 , 20250827 )的数据...
  获取到 2575 条数据，保存到 /data/data_liy/quant/raw/stock_daily/300124.SZ.csv
正在获取1598/5426 *ST聆达(300125.SZ) [20150105 , 20250827 )的数据...
  获取到 2480 条数据，保存到 /data/data_liy/quant/raw/stock_daily/300125.SZ.csv
正在获取1599/5426 锐奇股份(300126.SZ) [20150105 , 20250827 )的数据...
  获取到 2499 条数据，保存到 /data/data_liy/quant/raw/stock_daily/300126.SZ.csv
正在获取1600/5426 银河磁体(300127.SZ) [20150105 , 20250827 )的数据...
  获取到 2588 条数据，保存到 /data/data_liy/quant/raw/stock_daily/300127.SZ.csv
正在获取1601/5426 锦富技术(300128.SZ) [20150105 , 20250827 )的数据...
  获取到 2478 条数据，保存到 /data/data_liy/quant/raw/stock_daily/300128.SZ.csv
正在获取1602/5426 泰胜风能(300129.SZ) [20150105 , 20250827 )的数据...
  获取到 2546 条数据，保存到 /data/data_liy/quant/raw/stock_daily/300129.SZ.csv
正在获取1603/5426 新国都(300130.SZ) [20150105 , 20250827 )的数据...
  获取到 2552 条数据，保存到 /data/data_liy/quant/raw/stock_daily/300130.SZ.csv
正在获取1604/5426 英唐智控(300131.SZ) [20150105 , 20250827 )的数据...
  获取到 2322 条数据，保存到 /data/data_liy/quant/raw/stock_daily/300131.SZ.csv
正在获取1605/5426 青松股份(300132.SZ) [20150105 , 20250827 )的数据...
  获取到 2477 条数据，保存到 /data/data_liy/quant/raw/stock_daily/300132.SZ.csv
正在获取1606/5426 华策影视(300133.SZ) [20150105 , 20250827 )的数据...
  获取到 2579 条数据，保存到 /data/data_liy/quant/raw/stock_daily/300133.SZ.csv
正在获取1607/5426 大富科技(300134.SZ) [20150105 , 20250827 )的数据...
  获取到 2254 条数据，保存到 /data/data_liy/quant/raw/stock_daily/300134.SZ.csv
正在获取1608/5426 宝利国际(300135.SZ) [20150105 , 20250827 )的数据...
  获取到 2507 条数据，保存到 /data/data_liy/quant/raw/stock_daily/300135.SZ.csv
正在获取1609/5426 信维通信(300136.SZ) [20150105 , 20250827 )的数据...
  获取到 2548 条数据，保存到 /data/data_liy/quant/raw/stock_daily/300136.SZ.csv
正在获取1610/5426 ST先河(300137.SZ) [20150105 , 20250827 )的数据...
  获取到 2573 条数据，保存到 /data/data_liy/quant/raw/stock_daily/300137.SZ.csv
正在获取1611/5426 晨光生物(300138.SZ) [20150105 , 20250827 )的数据...
  获取到 2588 条数据，保存到 /data/data_liy/quant/raw/stock_daily/300138.SZ.csv
正在获取1612/5426 晓程科技(300139.SZ) [20150105 , 20250827 )的数据...
  获取到 2588 条数据，保存到 /data/data_liy/quant/raw/stock_daily/300139.SZ.csv
正在获取1613/5426 节能环境(300140.SZ) [20150105 , 20250827 )的数据...
  获取到 2397 条数据，保存到 /data/data_liy/quant/raw/stock_daily/300140.SZ.csv
正在获取1614/5426 和顺电气(300141.SZ) [20150105 , 20250827 )的数据...
  获取到 2491 条数据，保存到 /data/data_liy/quant/raw/stock_daily/300141.SZ.csv
正在获取1615/5426 沃森生物(300142.SZ) [20150105 , 20250827 )的数据...
  获取到 2342 条数据，保存到 /data/data_liy/quant/raw/stock_daily/300142.SZ.csv
正在获取1616/5426 盈康生命(300143.SZ) [20150105 , 20250827 )的数据...
  获取到 2367 条数据，保存到 /data/data_liy/quant/raw/stock_daily/300143.SZ.csv
正在获取1617/5426 宋城演艺(300144.SZ) [20150105 , 20250827 )的数据...
  获取到 2513 条数据，保存到 /data/data_liy/quant/raw/stock_daily/300144.SZ.csv
正在获取1618/5426 南方泵业(300145.SZ) [20150105 , 20250827 )的数据...
  获取到 2440 条数据，保存到 /data/data_liy/quant/raw/stock_daily/300145.SZ.csv
正在获取1619/5426 汤臣倍健(300146.SZ) [20150105 , 20250827 )的数据...
  获取到 2466 条数据，保存到 /data/data_liy/quant/raw/stock_daily/300146.SZ.csv
正在获取1620/5426 ST香雪(300147.SZ) [20150105 , 20250827 )的数据...
  获取到 2577 条数据，保存到 /data/data_liy/quant/raw/stock_daily/300147.SZ.csv
正在获取1621/5426 天舟文化(300148.SZ) [20150105 , 20250827 )的数据...
  获取到 2332 条数据，保存到 /data/data_liy/quant/raw/stock_daily/300148.SZ.csv
正在获取1622/5426 睿智医药(300149.SZ) [20150105 , 20250827 )的数据...
  获取到 2180 条数据，保存到 /data/data_liy/quant/raw/stock_daily/300149.SZ.csv
正在获取1623/5426 世纪瑞尔(300150.SZ) [20150105 , 20250827 )的数据...
  获取到 2399 条数据，保存到 /data/data_liy/quant/raw/stock_daily/300150.SZ.csv
正在获取1624/5426 昌红科技(300151.SZ) [20150105 , 20250827 )的数据...
  获取到 2496 条数据，保存到 /data/data_liy/quant/raw/stock_daily/300151.SZ.csv
正在获取1625/5426 ST新动力(300152.SZ) [20150105 , 20250827 )的数据...
  获取到 2389 条数据，保存到 /data/data_liy/quant/raw/stock_daily/300152.SZ.csv
正在获取1626/5426 科泰电源(300153.SZ) [20150105 , 20250827 )的数据...
  获取到 2522 条数据，保存到 /data/data_liy/quant/raw/stock_daily/300153.SZ.csv
正在获取1627/5426 瑞凌股份(300154.SZ) [20150105 , 20250827 )的数据...
  获取到 2564 条数据，保存到 /data/data_liy/quant/raw/stock_daily/300154.SZ.csv
正在获取1628/5426 安居宝(300155.SZ) [20150105 , 20250827 )的数据...
  获取到 2564 条数据，保存到 /data/data_liy/quant/raw/stock_daily/300155.SZ.csv
正在获取1629/5426 新锦动力(300157.SZ) [20150105 , 20250827 )的数据...
  获取到 2485 条数据，保存到 /data/data_liy/quant/raw/stock_daily/300157.SZ.csv
正在获取1630/5426 振东制药(300158.SZ) [20150105 , 20250827 )的数据...
  获取到 2454 条数据，保存到 /data/data_liy/quant/raw/stock_daily/300158.SZ.csv
正在获取1631/5426 *ST新研(300159.SZ) [20150105 , 20250827 )的数据...
  获取到 2454 条数据，保存到 /data/data_liy/quant/raw/stock_daily/300159.SZ.csv
正在获取1632/5426 秀强股份(300160.SZ) [20150105 , 20250827 )的数据...
  获取到 2577 条数据，保存到 /data/data_liy/quant/raw/stock_daily/300160.SZ.csv
正在获取1633/5426 华中数控(300161.SZ) [20150105 , 20250827 )的数据...
  获取到 2496 条数据，保存到 /data/data_liy/quant/raw/stock_daily/300161.SZ.csv
正在获取1634/5426 雷曼光电(300162.SZ) [20150105 , 20250827 )的数据...
  获取到 2434 条数据，保存到 /data/data_liy/quant/raw/stock_daily/300162.SZ.csv
正在获取1635/5426 先锋新材(300163.SZ) [20150105 , 20250827 )的数据...
  获取到 2235 条数据，保存到 /data/data_liy/quant/raw/stock_daily/300163.SZ.csv
正在获取1636/5426 通源石油(300164.SZ) [20150105 , 20250827 )的数据...
  获取到 2365 条数据，保存到 /data/data_liy/quant/raw/stock_daily/300164.SZ.csv
正在获取1637/5426 ST天瑞(300165.SZ) [20150105 , 20250827 )的数据...
  获取到 2512 条数据，保存到 /data/data_liy/quant/raw/stock_daily/300165.SZ.csv
正在获取1638/5426 东方国信(300166.SZ) [20150105 , 20250827 )的数据...
  获取到 2490 条数据，保存到 /data/data_liy/quant/raw/stock_daily/300166.SZ.csv
正在获取1639/5426 ST迪威迅(300167.SZ) [20150105 , 20250827 )的数据...
  获取到 2507 条数据，保存到 /data/data_liy/quant/raw/stock_daily/300167.SZ.csv
正在获取1640/5426 万达信息(300168.SZ) [20150105 , 20250827 )的数据...
  获取到 2426 条数据，保存到 /data/data_liy/quant/raw/stock_daily/300168.SZ.csv
正在获取1641/5426 天晟新材(300169.SZ) [20150105 , 20250827 )的数据...
  获取到 2456 条数据，保存到 /data/data_liy/quant/raw/stock_daily/300169.SZ.csv
正在获取1642/5426 汉得信息(300170.SZ) [20150105 , 20250827 )的数据...
  获取到 2561 条数据，保存到 /data/data_liy/quant/raw/stock_daily/300170.SZ.csv
正在获取1643/5426 东富龙(300171.SZ) [20150105 , 20250827 )的数据...
  获取到 2584 条数据，保存到 /data/data_liy/quant/raw/stock_daily/300171.SZ.csv
正在获取1644/5426 中电环保(300172.SZ) [20150105 , 20250827 )的数据...
  获取到 2586 条数据，保存到 /data/data_liy/quant/raw/stock_daily/300172.SZ.csv
正在获取1645/5426 福能东方(300173.SZ) [20150105 , 20250827 )的数据...
  获取到 2348 条数据，保存到 /data/data_liy/quant/raw/stock_daily/300173.SZ.csv
正在获取1646/5426 元力股份(300174.SZ) [20150105 , 20250827 )的数据...
  获取到 2535 条数据，保存到 /data/data_liy/quant/raw/stock_daily/300174.SZ.csv
正在获取1647/5426 ST朗源(300175.SZ) [20150105 , 20250827 )的数据...
  获取到 2555 条数据，保存到 /data/data_liy/quant/raw/stock_daily/300175.SZ.csv
正在获取1648/5426 鸿特科技(300176.SZ) [20150105 , 20250827 )的数据...
  获取到 2451 条数据，保存到 /data/data_liy/quant/raw/stock_daily/300176.SZ.csv
正在获取1649/5426 中海达(300177.SZ) [20150105 , 20250827 )的数据...
  获取到 2517 条数据，保存到 /data/data_liy/quant/raw/stock_daily/300177.SZ.csv
正在获取1650/5426 四方达(300179.SZ) [20150105 , 20250827 )的数据...
  获取到 2446 条数据，保存到 /data/data_liy/quant/raw/stock_daily/300179.SZ.csv
正在获取1651/5426 华峰超纤(300180.SZ) [20150105 , 20250827 )的数据...
  获取到 2424 条数据，保存到 /data/data_liy/quant/raw/stock_daily/300180.SZ.csv
正在获取1652/5426 佐力药业(300181.SZ) [20150105 , 20250827 )的数据...
  获取到 2498 条数据，保存到 /data/data_liy/quant/raw/stock_daily/300181.SZ.csv
正在获取1653/5426 捷成股份(300182.SZ) [20150105 , 20250827 )的数据...
  获取到 2542 条数据，保存到 /data/data_liy/quant/raw/stock_daily/300182.SZ.csv
正在获取1654/5426 东软载波(300183.SZ) [20150105 , 20250827 )的数据...
  获取到 2578 条数据，保存到 /data/data_liy/quant/raw/stock_daily/300183.SZ.csv
正在获取1655/5426 力源信息(300184.SZ) [20150105 , 20250827 )的数据...
  获取到 2317 条数据，保存到 /data/data_liy/quant/raw/stock_daily/300184.SZ.csv
正在获取1656/5426 通裕重工(300185.SZ) [20150105 , 20250827 )的数据...
  获取到 2544 条数据，保存到 /data/data_liy/quant/raw/stock_daily/300185.SZ.csv
正在获取1657/5426 永清环保(300187.SZ) [20150105 , 20250827 )的数据...
  获取到 2392 条数据，保存到 /data/data_liy/quant/raw/stock_daily/300187.SZ.csv
正在获取1658/5426 国投智能(300188.SZ) [20150105 , 20250827 )的数据...
  获取到 2506 条数据，保存到 /data/data_liy/quant/raw/stock_daily/300188.SZ.csv
正在获取1659/5426 神农种业(300189.SZ) [20150105 , 20250827 )的数据...
  获取到 2346 条数据，保存到 /data/data_liy/quant/raw/stock_daily/300189.SZ.csv
正在获取1660/5426 维尔利(300190.SZ) [20150105 , 20250827 )的数据...
  获取到 2422 条数据，保存到 /data/data_liy/quant/raw/stock_daily/300190.SZ.csv
正在获取1661/5426 潜能恒信(300191.SZ) [20150105 , 20250827 )的数据...
  获取到 2521 条数据，保存到 /data/data_liy/quant/raw/stock_daily/300191.SZ.csv
正在获取1662/5426 科德教育(300192.SZ) [20150105 , 20250827 )的数据...
  获取到 2331 条数据，保存到 /data/data_liy/quant/raw/stock_daily/300192.SZ.csv
正在获取1663/5426 佳士科技(300193.SZ) [20150105 , 20250827 )的数据...
  获取到 2578 条数据，保存到 /data/data_liy/quant/raw/stock_daily/300193.SZ.csv
正在获取1664/5426 福安药业(300194.SZ) [20150105 , 20250827 )的数据...
  获取到 2514 条数据，保存到 /data/data_liy/quant/raw/stock_daily/300194.SZ.csv
正在获取1665/5426 长荣股份(300195.SZ) [20150105 , 20250827 )的数据...
  获取到 2524 条数据，保存到 /data/data_liy/quant/raw/stock_daily/300195.SZ.csv
正在获取1666/5426 长海股份(300196.SZ) [20150105 , 20250827 )的数据...
  获取到 2489 条数据，保存到 /data/data_liy/quant/raw/stock_daily/300196.SZ.csv
正在获取1667/5426 节能铁汉(300197.SZ) [20150105 , 20250827 )的数据...
  获取到 2275 条数据，保存到 /data/data_liy/quant/raw/stock_daily/300197.SZ.csv
正在获取1668/5426 ST纳川(300198.SZ) [20150105 , 20250827 )的数据...
  获取到 2357 条数据，保存到 /data/data_liy/quant/raw/stock_daily/300198.SZ.csv
正在获取1669/5426 翰宇药业(300199.SZ) [20150105 , 20250827 )的数据...
  获取到 2565 条数据，保存到 /data/data_liy/quant/raw/stock_daily/300199.SZ.csv
正在获取1670/5426 高盟新材(300200.SZ) [20150105 , 20250827 )的数据...
  获取到 2536 条数据，保存到 /data/data_liy/quant/raw/stock_daily/300200.SZ.csv
正在获取1671/5426 海伦哲(300201.SZ) [20150105 , 20250827 )的数据...
  获取到 2301 条数据，保存到 /data/data_liy/quant/raw/stock_daily/300201.SZ.csv
正在获取1672/5426 聚光科技(300203.SZ) [20150105 , 20250827 )的数据...
  获取到 2508 条数据，保存到 /data/data_liy/quant/raw/stock_daily/300203.SZ.csv
正在获取1673/5426 舒泰神(300204.SZ) [20150105 , 20250827 )的数据...
  获取到 2588 条数据，保存到 /data/data_liy/quant/raw/stock_daily/300204.SZ.csv
正在获取1674/5426 *ST天喻(300205.SZ) [20150105 , 20250827 )的数据...
  获取到 2556 条数据，保存到 /data/data_liy/quant/raw/stock_daily/300205.SZ.csv
正在获取1675/5426 理邦仪器(300206.SZ) [20150105 , 20250827 )的数据...
  获取到 2586 条数据，保存到 /data/data_liy/quant/raw/stock_daily/300206.SZ.csv
正在获取1676/5426 欣旺达(300207.SZ) [20150105 , 20250827 )的数据...
  获取到 2565 条数据，保存到 /data/data_liy/quant/raw/stock_daily/300207.SZ.csv
正在获取1677/5426 有棵树(300209.SZ) [20150105 , 20250827 )的数据...
  获取到 2319 条数据，保存到 /data/data_liy/quant/raw/stock_daily/300209.SZ.csv
正在获取1678/5426 森远股份(300210.SZ) [20150105 , 20250827 )的数据...
  获取到 2586 条数据，保存到 /data/data_liy/quant/raw/stock_daily/300210.SZ.csv
正在获取1679/5426 *ST亿通(300211.SZ) [20150105 , 20250827 )的数据...
  获取到 2569 条数据，保存到 /data/data_liy/quant/raw/stock_daily/300211.SZ.csv
正在获取1680/5426 易华录(300212.SZ) [20150105 , 20250827 )的数据...
  获取到 2474 条数据，保存到 /data/data_liy/quant/raw/stock_daily/300212.SZ.csv
正在获取1681/5426 佳讯飞鸿(300213.SZ) [20150105 , 20250827 )的数据...
  获取到 2432 条数据，保存到 /data/data_liy/quant/raw/stock_daily/300213.SZ.csv
正在获取1682/5426 日科化学(300214.SZ) [20150105 , 20250827 )的数据...
  获取到 2542 条数据，保存到 /data/data_liy/quant/raw/stock_daily/300214.SZ.csv
正在获取1683/5426 电科院(300215.SZ) [20150105 , 20250827 )的数据...
  获取到 2554 条数据，保存到 /data/data_liy/quant/raw/stock_daily/300215.SZ.csv
正在获取1684/5426 东方电热(300217.SZ) [20150105 , 20250827 )的数据...
  获取到 2574 条数据，保存到 /data/data_liy/quant/raw/stock_daily/300217.SZ.csv
正在获取1685/5426 安利股份(300218.SZ) [20150105 , 20250827 )的数据...
HTTPConnectionPool(host='api.waditu.com', port=80): Max retries exceeded with url: /dataapi/daily (Caused by NameResolutionError("<urllib3.connection.HTTPConnection object at 0x7f6a04545ff0>: Failed to resolve 'api.waditu.com' ([Errno -2] Name or service not known)"))
  获取到 2576 条数据，保存到 /data/data_liy/quant/raw/stock_daily/300218.SZ.csv
正在获取1686/5426 鸿利智汇(300219.SZ) [20150105 , 20250827 )的数据...
  获取到 2459 条数据，保存到 /data/data_liy/quant/raw/stock_daily/300219.SZ.csv
正在获取1687/5426 金运激光(300220.SZ) [20150105 , 20250827 )的数据...
  获取到 2448 条数据，保存到 /data/data_liy/quant/raw/stock_daily/300220.SZ.csv
正在获取1688/5426 银禧科技(300221.SZ) [20150105 , 20250827 )的数据...
  获取到 2519 条数据，保存到 /data/data_liy/quant/raw/stock_daily/300221.SZ.csv
正在获取1689/5426 科大智能(300222.SZ) [20150105 , 20250827 )的数据...
  获取到 2395 条数据，保存到 /data/data_liy/quant/raw/stock_daily/300222.SZ.csv
正在获取1690/5426 北京君正(300223.SZ) [20150105 , 20250827 )的数据...
  获取到 2366 条数据，保存到 /data/data_liy/quant/raw/stock_daily/300223.SZ.csv
正在获取1691/5426 正海磁材(300224.SZ) [20150105 , 20250827 )的数据...
  获取到 2574 条数据，保存到 /data/data_liy/quant/raw/stock_daily/300224.SZ.csv
正在获取1692/5426 *ST金泰(300225.SZ) [20150105 , 20250827 )的数据...
  获取到 2376 条数据，保存到 /data/data_liy/quant/raw/stock_daily/300225.SZ.csv
正在获取1693/5426 上海钢联(300226.SZ) [20150105 , 20250827 )的数据...
  获取到 2479 条数据，保存到 /data/data_liy/quant/raw/stock_daily/300226.SZ.csv
正在获取1694/5426 光韵达(300227.SZ) [20150105 , 20250827 )的数据...
  获取到 2495 条数据，保存到 /data/data_liy/quant/raw/stock_daily/300227.SZ.csv
正在获取1695/5426 富瑞特装(300228.SZ) [20150105 , 20250827 )的数据...
  获取到 2522 条数据，保存到 /data/data_liy/quant/raw/stock_daily/300228.SZ.csv
正在获取1696/5426 拓尔思(300229.SZ) [20150105 , 20250827 )的数据...
  获取到 2505 条数据，保存到 /data/data_liy/quant/raw/stock_daily/300229.SZ.csv
正在获取1697/5426 永利股份(300230.SZ) [20150105 , 20250827 )的数据...
  获取到 2524 条数据，保存到 /data/data_liy/quant/raw/stock_daily/300230.SZ.csv
正在获取1698/5426 银信科技(300231.SZ) [20150105 , 20250827 )的数据...
  获取到 2572 条数据，保存到 /data/data_liy/quant/raw/stock_daily/300231.SZ.csv
正在获取1699/5426 洲明科技(300232.SZ) [20150105 , 20250827 )的数据...
  获取到 2506 条数据，保存到 /data/data_liy/quant/raw/stock_daily/300232.SZ.csv
正在获取1700/5426 金城医药(300233.SZ) [20150105 , 20250827 )的数据...
  获取到 2488 条数据，保存到 /data/data_liy/quant/raw/stock_daily/300233.SZ.csv
正在获取1701/5426 开尔新材(300234.SZ) [20150105 , 20250827 )的数据...
  获取到 2499 条数据，保存到 /data/data_liy/quant/raw/stock_daily/300234.SZ.csv
正在获取1702/5426 方直科技(300235.SZ) [20150105 , 20250827 )的数据...
  获取到 2452 条数据，保存到 /data/data_liy/quant/raw/stock_daily/300235.SZ.csv
正在获取1703/5426 上海新阳(300236.SZ) [20150105 , 20250827 )的数据...
  获取到 2584 条数据，保存到 /data/data_liy/quant/raw/stock_daily/300236.SZ.csv
正在获取1704/5426 美晨科技(300237.SZ) [20150105 , 20250827 )的数据...
  获取到 2547 条数据，保存到 /data/data_liy/quant/raw/stock_daily/300237.SZ.csv
正在获取1705/5426 冠昊生物(300238.SZ) [20150105 , 20250827 )的数据...
  获取到 2361 条数据，保存到 /data/data_liy/quant/raw/stock_daily/300238.SZ.csv
正在获取1706/5426 东宝生物(300239.SZ) [20150105 , 20250827 )的数据...
  获取到 2524 条数据，保存到 /data/data_liy/quant/raw/stock_daily/300239.SZ.csv
正在获取1707/5426 飞力达(300240.SZ) [20150105 , 20250827 )的数据...
  获取到 2437 条数据，保存到 /data/data_liy/quant/raw/stock_daily/300240.SZ.csv
正在获取1708/5426 瑞丰光电(300241.SZ) [20150105 , 20250827 )的数据...
  获取到 2520 条数据，保存到 /data/data_liy/quant/raw/stock_daily/300241.SZ.csv
正在获取1709/5426 佳云科技(300242.SZ) [20150105 , 20250827 )的数据...
  获取到 2399 条数据，保存到 /data/data_liy/quant/raw/stock_daily/300242.SZ.csv
正在获取1710/5426 瑞丰高材(300243.SZ) [20150105 , 20250827 )的数据...
  获取到 2484 条数据，保存到 /data/data_liy/quant/raw/stock_daily/300243.SZ.csv
正在获取1711/5426 迪安诊断(300244.SZ) [20150105 , 20250827 )的数据...
  获取到 2570 条数据，保存到 /data/data_liy/quant/raw/stock_daily/300244.SZ.csv
正在获取1712/5426 天玑科技(300245.SZ) [20150105 , 20250827 )的数据...
  获取到 2577 条数据，保存到 /data/data_liy/quant/raw/stock_daily/300245.SZ.csv
正在获取1713/5426 宝莱特(300246.SZ) [20150105 , 20250827 )的数据...
  获取到 2584 条数据，保存到 /data/data_liy/quant/raw/stock_daily/300246.SZ.csv
正在获取1714/5426 融捷健康(300247.SZ) [20150105 , 20250827 )的数据...
  获取到 2406 条数据，保存到 /data/data_liy/quant/raw/stock_daily/300247.SZ.csv
正在获取1715/5426 新开普(300248.SZ) [20150105 , 20250827 )的数据...
HTTPConnectionPool(host='api.waditu.com', port=80): Max retries exceeded with url: /dataapi/adj_factor (Caused by NameResolutionError("<urllib3.connection.HTTPConnection object at 0x7f6a045467a0>: Failed to resolve 'api.waditu.com' ([Errno -2] Name or service not known)"))
  获取到 2530 条数据，保存到 /data/data_liy/quant/raw/stock_daily/300248.SZ.csv
正在获取1716/5426 依米康(300249.SZ) [20150105 , 20250827 )的数据...
  获取到 2533 条数据，保存到 /data/data_liy/quant/raw/stock_daily/300249.SZ.csv
正在获取1717/5426 初灵信息(300250.SZ) [20150105 , 20250827 )的数据...
  获取到 2525 条数据，保存到 /data/data_liy/quant/raw/stock_daily/300250.SZ.csv
正在获取1718/5426 光线传媒(300251.SZ) [20150105 , 20250827 )的数据...
  获取到 2548 条数据，保存到 /data/data_liy/quant/raw/stock_daily/300251.SZ.csv
正在获取1719/5426 金信诺(300252.SZ) [20150105 , 20250827 )的数据...
  获取到 2484 条数据，保存到 /data/data_liy/quant/raw/stock_daily/300252.SZ.csv
正在获取1720/5426 卫宁健康(300253.SZ) [20150105 , 20250827 )的数据...
  获取到 2569 条数据，保存到 /data/data_liy/quant/raw/stock_daily/300253.SZ.csv
正在获取1721/5426 仟源医药(300254.SZ) [20150105 , 20250827 )的数据...
  获取到 2568 条数据，保存到 /data/data_liy/quant/raw/stock_daily/300254.SZ.csv
正在获取1722/5426 常山药业(300255.SZ) [20150105 , 20250827 )的数据...
  获取到 2560 条数据，保存到 /data/data_liy/quant/raw/stock_daily/300255.SZ.csv
正在获取1723/5426 星星科技(300256.SZ) [20150105 , 20250827 )的数据...
  获取到 2553 条数据，保存到 /data/data_liy/quant/raw/stock_daily/300256.SZ.csv
正在获取1724/5426 开山股份(300257.SZ) [20150105 , 20250827 )的数据...
  获取到 2538 条数据，保存到 /data/data_liy/quant/raw/stock_daily/300257.SZ.csv
正在获取1725/5426 精锻科技(300258.SZ) [20150105 , 20250827 )的数据...
HTTPConnectionPool(host='api.waditu.com', port=80): Max retries exceeded with url: /dataapi/adj_factor (Caused by NameResolutionError("<urllib3.connection.HTTPConnection object at 0x7f6a04546bc0>: Failed to resolve 'api.waditu.com' ([Errno -2] Name or service not known)"))
  获取到 2588 条数据，保存到 /data/data_liy/quant/raw/stock_daily/300258.SZ.csv
正在获取1726/5426 新天科技(300259.SZ) [20150105 , 20250827 )的数据...
  获取到 2565 条数据，保存到 /data/data_liy/quant/raw/stock_daily/300259.SZ.csv
正在获取1727/5426 新莱应材(300260.SZ) [20150105 , 20250827 )的数据...
  获取到 2510 条数据，保存到 /data/data_liy/quant/raw/stock_daily/300260.SZ.csv
正在获取1728/5426 雅本化学(300261.SZ) [20150105 , 20250827 )的数据...
  获取到 2508 条数据，保存到 /data/data_liy/quant/raw/stock_daily/300261.SZ.csv
正在获取1729/5426 隆华科技(300263.SZ) [20150105 , 20250827 )的数据...
  获取到 2514 条数据，保存到 /data/data_liy/quant/raw/stock_daily/300263.SZ.csv
正在获取1730/5426 佳创视讯(300264.SZ) [20150105 , 20250827 )的数据...
  获取到 2573 条数据，保存到 /data/data_liy/quant/raw/stock_daily/300264.SZ.csv
正在获取1731/5426 通光线缆(300265.SZ) [20150105 , 20250827 )的数据...
  获取到 2467 条数据，保存到 /data/data_liy/quant/raw/stock_daily/300265.SZ.csv
正在获取1732/5426 兴源环境(300266.SZ) [20150105 , 20250827 )的数据...
  获取到 2278 条数据，保存到 /data/data_liy/quant/raw/stock_daily/300266.SZ.csv
正在获取1733/5426 尔康制药(300267.SZ) [20150105 , 20250827 )的数据...
  获取到 2453 条数据，保存到 /data/data_liy/quant/raw/stock_daily/300267.SZ.csv
正在获取1734/5426 *ST佳沃(300268.SZ) [20150105 , 20250827 )的数据...
  获取到 2451 条数据，保存到 /data/data_liy/quant/raw/stock_daily/300268.SZ.csv
正在获取1735/5426 联建光电(300269.SZ) [20150105 , 20250827 )的数据...
  获取到 2436 条数据，保存到 /data/data_liy/quant/raw/stock_daily/300269.SZ.csv
正在获取1736/5426 中威电子(300270.SZ) [20150105 , 20250827 )的数据...
  获取到 2578 条数据，保存到 /data/data_liy/quant/raw/stock_daily/300270.SZ.csv
正在获取1737/5426 华宇软件(300271.SZ) [20150105 , 20250827 )的数据...
  获取到 2456 条数据，保存到 /data/data_liy/quant/raw/stock_daily/300271.SZ.csv
正在获取1738/5426 开能健康(300272.SZ) [20150105 , 20250827 )的数据...
  获取到 2432 条数据，保存到 /data/data_liy/quant/raw/stock_daily/300272.SZ.csv
正在获取1739/5426 阳光电源(300274.SZ) [20150105 , 20250827 )的数据...
  获取到 2567 条数据，保存到 /data/data_liy/quant/raw/stock_daily/300274.SZ.csv
正在获取1740/5426 梅安森(300275.SZ) [20150105 , 20250827 )的数据...
  获取到 2579 条数据，保存到 /data/data_liy/quant/raw/stock_daily/300275.SZ.csv
正在获取1741/5426 三丰智能(300276.SZ) [20150105 , 20250827 )的数据...
  获取到 2450 条数据，保存到 /data/data_liy/quant/raw/stock_daily/300276.SZ.csv
正在获取1742/5426 海联讯(300277.SZ) [20150105 , 20250827 )的数据...
  获取到 2551 条数据，保存到 /data/data_liy/quant/raw/stock_daily/300277.SZ.csv
正在获取1743/5426 华昌达(300278.SZ) [20150105 , 20250827 )的数据...
  获取到 2232 条数据，保存到 /data/data_liy/quant/raw/stock_daily/300278.SZ.csv
正在获取1744/5426 和晶科技(300279.SZ) [20150105 , 20250827 )的数据...
  获取到 2417 条数据，保存到 /data/data_liy/quant/raw/stock_daily/300279.SZ.csv
正在获取1745/5426 *ST紫天(300280.SZ) [20150105 , 20250827 )的数据...
  获取到 2193 条数据，保存到 /data/data_liy/quant/raw/stock_daily/300280.SZ.csv
正在获取1746/5426 金明精机(300281.SZ) [20150105 , 20250827 )的数据...
  获取到 2532 条数据，保存到 /data/data_liy/quant/raw/stock_daily/300281.SZ.csv
正在获取1747/5426 温州宏丰(300283.SZ) [20150105 , 20250827 )的数据...
  获取到 2551 条数据，保存到 /data/data_liy/quant/raw/stock_daily/300283.SZ.csv
正在获取1748/5426 苏交科(300284.SZ) [20150105 , 20250827 )的数据...
  获取到 2504 条数据，保存到 /data/data_liy/quant/raw/stock_daily/300284.SZ.csv
正在获取1749/5426 国瓷材料(300285.SZ) [20150105 , 20250827 )的数据...
  获取到 2455 条数据，保存到 /data/data_liy/quant/raw/stock_daily/300285.SZ.csv
正在获取1750/5426 安科瑞(300286.SZ) [20150105 , 20250827 )的数据...
  获取到 2583 条数据，保存到 /data/data_liy/quant/raw/stock_daily/300286.SZ.csv
正在获取1751/5426 飞利信(300287.SZ) [20150105 , 20250827 )的数据...
  获取到 2503 条数据，保存到 /data/data_liy/quant/raw/stock_daily/300287.SZ.csv
正在获取1752/5426 朗玛信息(300288.SZ) [20150105 , 20250827 )的数据...
  获取到 2488 条数据，保存到 /data/data_liy/quant/raw/stock_daily/300288.SZ.csv
正在获取1753/5426 利德曼(300289.SZ) [20150105 , 20250827 )的数据...
  获取到 2554 条数据，保存到 /data/data_liy/quant/raw/stock_daily/300289.SZ.csv
正在获取1754/5426 荣科科技(300290.SZ) [20150105 , 20250827 )的数据...
  获取到 2360 条数据，保存到 /data/data_liy/quant/raw/stock_daily/300290.SZ.csv
正在获取1755/5426 百纳千成(300291.SZ) [20150105 , 20250827 )的数据...
  获取到 2442 条数据，保存到 /data/data_liy/quant/raw/stock_daily/300291.SZ.csv
正在获取1756/5426 吴通控股(300292.SZ) [20150105 , 20250827 )的数据...
  获取到 2387 条数据，保存到 /data/data_liy/quant/raw/stock_daily/300292.SZ.csv
正在获取1757/5426 蓝英装备(300293.SZ) [20150105 , 20250827 )的数据...
  获取到 2497 条数据，保存到 /data/data_liy/quant/raw/stock_daily/300293.SZ.csv
正在获取1758/5426 博雅生物(300294.SZ) [20150105 , 20250827 )的数据...
  获取到 2465 条数据，保存到 /data/data_liy/quant/raw/stock_daily/300294.SZ.csv
正在获取1759/5426 三六五网(300295.SZ) [20150105 , 20250827 )的数据...
  获取到 2531 条数据，保存到 /data/data_liy/quant/raw/stock_daily/300295.SZ.csv
正在获取1760/5426 利亚德(300296.SZ) [20150105 , 20250827 )的数据...
  获取到 2516 条数据，保存到 /data/data_liy/quant/raw/stock_daily/300296.SZ.csv
正在获取1761/5426 三诺生物(300298.SZ) [20150105 , 20250827 )的数据...
  获取到 2388 条数据，保存到 /data/data_liy/quant/raw/stock_daily/300298.SZ.csv
正在获取1762/5426 富春股份(300299.SZ) [20150105 , 20250827 )的数据...
HTTPConnectionPool(host='api.waditu.com', port=80): Max retries exceeded with url: /dataapi/daily (Caused by NameResolutionError("<urllib3.connection.HTTPConnection object at 0x7f6a04546bc0>: Failed to resolve 'api.waditu.com' ([Errno -2] Name or service not known)"))
  获取到 2319 条数据，保存到 /data/data_liy/quant/raw/stock_daily/300299.SZ.csv
正在获取1763/5426 海峡创新(300300.SZ) [20150105 , 20250827 )的数据...
  获取到 2389 条数据，保存到 /data/data_liy/quant/raw/stock_daily/300300.SZ.csv
正在获取1764/5426 ST长方(300301.SZ) [20150105 , 20250827 )的数据...
  获取到 2499 条数据，保存到 /data/data_liy/quant/raw/stock_daily/300301.SZ.csv
正在获取1765/5426 同有科技(300302.SZ) [20150105 , 20250827 )的数据...
  获取到 2558 条数据，保存到 /data/data_liy/quant/raw/stock_daily/300302.SZ.csv
正在获取1766/5426 聚飞光电(300303.SZ) [20150105 , 20250827 )的数据...
  获取到 2572 条数据，保存到 /data/data_liy/quant/raw/stock_daily/300303.SZ.csv
正在获取1767/5426 云意电气(300304.SZ) [20150105 , 20250827 )的数据...
  获取到 2565 条数据，保存到 /data/data_liy/quant/raw/stock_daily/300304.SZ.csv
正在获取1768/5426 裕兴股份(300305.SZ) [20150105 , 20250827 )的数据...
  获取到 2588 条数据，保存到 /data/data_liy/quant/raw/stock_daily/300305.SZ.csv
正在获取1769/5426 远方信息(300306.SZ) [20150105 , 20250827 )的数据...
  获取到 2497 条数据，保存到 /data/data_liy/quant/raw/stock_daily/300306.SZ.csv
正在获取1770/5426 慈星股份(300307.SZ) [20150105 , 20250827 )的数据...
  获取到 2552 条数据，保存到 /data/data_liy/quant/raw/stock_daily/300307.SZ.csv
正在获取1771/5426 中际旭创(300308.SZ) [20150105 , 20250827 )的数据...
  获取到 2424 条数据，保存到 /data/data_liy/quant/raw/stock_daily/300308.SZ.csv
正在获取1772/5426 宜通世纪(300310.SZ) [20150105 , 20250827 )的数据...
  获取到 2430 条数据，保存到 /data/data_liy/quant/raw/stock_daily/300310.SZ.csv
正在获取1773/5426 ST任子行(300311.SZ) [20150105 , 20250827 )的数据...
  获取到 2503 条数据，保存到 /data/data_liy/quant/raw/stock_daily/300311.SZ.csv
正在获取1774/5426 *ST天山(300313.SZ) [20150105 , 20250827 )的数据...
  获取到 2346 条数据，保存到 /data/data_liy/quant/raw/stock_daily/300313.SZ.csv
正在获取1775/5426 戴维医疗(300314.SZ) [20150105 , 20250827 )的数据...
  获取到 2580 条数据，保存到 /data/data_liy/quant/raw/stock_daily/300314.SZ.csv
正在获取1776/5426 掌趣科技(300315.SZ) [20150105 , 20250827 )的数据...
  获取到 2436 条数据，保存到 /data/data_liy/quant/raw/stock_daily/300315.SZ.csv
正在获取1777/5426 晶盛机电(300316.SZ) [20150105 , 20250827 )的数据...
  获取到 2485 条数据，保存到 /data/data_liy/quant/raw/stock_daily/300316.SZ.csv
正在获取1778/5426 珈伟新能(300317.SZ) [20150105 , 20250827 )的数据...
  获取到 2378 条数据，保存到 /data/data_liy/quant/raw/stock_daily/300317.SZ.csv
正在获取1779/5426 博晖创新(300318.SZ) [20150105 , 20250827 )的数据...
  获取到 2583 条数据，保存到 /data/data_liy/quant/raw/stock_daily/300318.SZ.csv
正在获取1780/5426 麦捷科技(300319.SZ) [20150105 , 20250827 )的数据...
  获取到 2450 条数据，保存到 /data/data_liy/quant/raw/stock_daily/300319.SZ.csv
正在获取1781/5426 海达股份(300320.SZ) [20150105 , 20250827 )的数据...
  获取到 2493 条数据，保存到 /data/data_liy/quant/raw/stock_daily/300320.SZ.csv
正在获取1782/5426 同大股份(300321.SZ) [20150105 , 20250827 )的数据...
  获取到 2588 条数据，保存到 /data/data_liy/quant/raw/stock_daily/300321.SZ.csv
正在获取1783/5426 硕贝德(300322.SZ) [20150105 , 20250827 )的数据...
  获取到 2330 条数据，保存到 /data/data_liy/quant/raw/stock_daily/300322.SZ.csv
正在获取1784/5426 华灿光电(300323.SZ) [20150105 , 20250827 )的数据...
  获取到 2302 条数据，保存到 /data/data_liy/quant/raw/stock_daily/300323.SZ.csv
正在获取1785/5426 旋极信息(300324.SZ) [20150105 , 20250827 )的数据...
  获取到 2366 条数据，保存到 /data/data_liy/quant/raw/stock_daily/300324.SZ.csv
正在获取1786/5426 ST凯利(300326.SZ) [20150105 , 20250827 )的数据...
  获取到 2479 条数据，保存到 /data/data_liy/quant/raw/stock_daily/300326.SZ.csv
正在获取1787/5426 中颖电子(300327.SZ) [20150105 , 20250827 )的数据...
  获取到 2583 条数据，保存到 /data/data_liy/quant/raw/stock_daily/300327.SZ.csv
正在获取1788/5426 宜安科技(300328.SZ) [20150105 , 20250827 )的数据...
  获取到 2551 条数据，保存到 /data/data_liy/quant/raw/stock_daily/300328.SZ.csv
正在获取1789/5426 海伦钢琴(300329.SZ) [20150105 , 20250827 )的数据...
  获取到 2569 条数据，保存到 /data/data_liy/quant/raw/stock_daily/300329.SZ.csv
正在获取1790/5426 苏大维格(300331.SZ) [20150105 , 20250827 )的数据...
  获取到 2444 条数据，保存到 /data/data_liy/quant/raw/stock_daily/300331.SZ.csv
正在获取1791/5426 天壕能源(300332.SZ) [20150105 , 20250827 )的数据...
  获取到 2473 条数据，保存到 /data/data_liy/quant/raw/stock_daily/300332.SZ.csv
正在获取1792/5426 兆日科技(300333.SZ) [20150105 , 20250827 )的数据...
  获取到 2588 条数据，保存到 /data/data_liy/quant/raw/stock_daily/300333.SZ.csv
正在获取1793/5426 津膜科技(300334.SZ) [20150105 , 20250827 )的数据...
  获取到 2432 条数据，保存到 /data/data_liy/quant/raw/stock_daily/300334.SZ.csv
正在获取1794/5426 迪森股份(300335.SZ) [20150105 , 20250827 )的数据...
  获取到 2475 条数据，保存到 /data/data_liy/quant/raw/stock_daily/300335.SZ.csv
正在获取1795/5426 银邦股份(300337.SZ) [20150105 , 20250827 )的数据...
  获取到 2530 条数据，保存到 /data/data_liy/quant/raw/stock_daily/300337.SZ.csv
正在获取1796/5426 ST开元(300338.SZ) [20150105 , 20250827 )的数据...
  获取到 2480 条数据，保存到 /data/data_liy/quant/raw/stock_daily/300338.SZ.csv
正在获取1797/5426 润和软件(300339.SZ) [20150105 , 20250827 )的数据...
  获取到 2501 条数据，保存到 /data/data_liy/quant/raw/stock_daily/300339.SZ.csv
正在获取1798/5426 科恒股份(300340.SZ) [20150105 , 20250827 )的数据...
  获取到 2419 条数据，保存到 /data/data_liy/quant/raw/stock_daily/300340.SZ.csv
正在获取1799/5426 麦克奥迪(300341.SZ) [20150105 , 20250827 )的数据...
  获取到 2559 条数据，保存到 /data/data_liy/quant/raw/stock_daily/300341.SZ.csv
正在获取1800/5426 天银机电(300342.SZ) [20150105 , 20250827 )的数据...
  获取到 2524 条数据，保存到 /data/data_liy/quant/raw/stock_daily/300342.SZ.csv
正在获取1801/5426 ST联创(300343.SZ) [20150105 , 20250827 )的数据...
  获取到 2340 条数据，保存到 /data/data_liy/quant/raw/stock_daily/300343.SZ.csv
正在获取1802/5426 ST立方(300344.SZ) [20150105 , 20250827 )的数据...
  获取到 2465 条数据，保存到 /data/data_liy/quant/raw/stock_daily/300344.SZ.csv
正在获取1803/5426 华民股份(300345.SZ) [20150105 , 20250827 )的数据...
  获取到 2513 条数据，保存到 /data/data_liy/quant/raw/stock_daily/300345.SZ.csv
正在获取1804/5426 南大光电(300346.SZ) [20150105 , 20250827 )的数据...
  获取到 2524 条数据，保存到 /data/data_liy/quant/raw/stock_daily/300346.SZ.csv
正在获取1805/5426 泰格医药(300347.SZ) [20150105 , 20250827 )的数据...
  获取到 2542 条数据，保存到 /data/data_liy/quant/raw/stock_daily/300347.SZ.csv
正在获取1806/5426 长亮科技(300348.SZ) [20150105 , 20250827 )的数据...
  获取到 2475 条数据，保存到 /data/data_liy/quant/raw/stock_daily/300348.SZ.csv
正在获取1807/5426 金卡智能(300349.SZ) [20150105 , 20250827 )的数据...
  获取到 2428 条数据，保存到 /data/data_liy/quant/raw/stock_daily/300349.SZ.csv
正在获取1808/5426 华鹏飞(300350.SZ) [20150105 , 20250827 )的数据...
  获取到 2508 条数据，保存到 /data/data_liy/quant/raw/stock_daily/300350.SZ.csv
正在获取1809/5426 永贵电器(300351.SZ) [20150105 , 20250827 )的数据...
  获取到 2485 条数据，保存到 /data/data_liy/quant/raw/stock_daily/300351.SZ.csv
正在获取1810/5426 北信源(300352.SZ) [20150105 , 20250827 )的数据...
  获取到 2525 条数据，保存到 /data/data_liy/quant/raw/stock_daily/300352.SZ.csv
正在获取1811/5426 东土科技(300353.SZ) [20150105 , 20250827 )的数据...
  获取到 2360 条数据，保存到 /data/data_liy/quant/raw/stock_daily/300353.SZ.csv
正在获取1812/5426 东华测试(300354.SZ) [20150105 , 20250827 )的数据...
  获取到 2588 条数据，保存到 /data/data_liy/quant/raw/stock_daily/300354.SZ.csv
正在获取1813/5426 蒙草生态(300355.SZ) [20150105 , 20250827 )的数据...
  获取到 2530 条数据，保存到 /data/data_liy/quant/raw/stock_daily/300355.SZ.csv
正在获取1814/5426 我武生物(300357.SZ) [20150105 , 20250827 )的数据...
  获取到 2588 条数据，保存到 /data/data_liy/quant/raw/stock_daily/300357.SZ.csv
正在获取1815/5426 楚天科技(300358.SZ) [20150105 , 20250827 )的数据...
  获取到 2526 条数据，保存到 /data/data_liy/quant/raw/stock_daily/300358.SZ.csv
正在获取1816/5426 全通教育(300359.SZ) [20150105 , 20250827 )的数据...
  获取到 2495 条数据，保存到 /data/data_liy/quant/raw/stock_daily/300359.SZ.csv
正在获取1817/5426 炬华科技(300360.SZ) [20150105 , 20250827 )的数据...
  获取到 2500 条数据，保存到 /data/data_liy/quant/raw/stock_daily/300360.SZ.csv
正在获取1818/5426 博腾股份(300363.SZ) [20150105 , 20250827 )的数据...
HTTPConnectionPool(host='api.waditu.com', port=80): Max retries exceeded with url: /dataapi/adj_factor (Caused by NameResolutionError("<urllib3.connection.HTTPConnection object at 0x7f6a045467a0>: Failed to resolve 'api.waditu.com' ([Errno -2] Name or service not known)"))
  获取到 2478 条数据，保存到 /data/data_liy/quant/raw/stock_daily/300363.SZ.csv
正在获取1819/5426 中文在线(300364.SZ) [20150105 , 20250827 )的数据...
  获取到 2415 条数据，保存到 /data/data_liy/quant/raw/stock_daily/300364.SZ.csv
正在获取1820/5426 恒华科技(300365.SZ) [20150105 , 20250827 )的数据...
  获取到 2525 条数据，保存到 /data/data_liy/quant/raw/stock_daily/300365.SZ.csv
正在获取1821/5426 创意信息(300366.SZ) [20150105 , 20250827 )的数据...
  获取到 2405 条数据，保存到 /data/data_liy/quant/raw/stock_daily/300366.SZ.csv
正在获取1822/5426 汇金股份(300368.SZ) [20150105 , 20250827 )的数据...
  获取到 2485 条数据，保存到 /data/data_liy/quant/raw/stock_daily/300368.SZ.csv
正在获取1823/5426 绿盟科技(300369.SZ) [20150105 , 20250827 )的数据...
  获取到 2570 条数据，保存到 /data/data_liy/quant/raw/stock_daily/300369.SZ.csv
正在获取1824/5426 安控科技(300370.SZ) [20150105 , 20250827 )的数据...
  获取到 2536 条数据，保存到 /data/data_liy/quant/raw/stock_daily/300370.SZ.csv
正在获取1825/5426 汇中股份(300371.SZ) [20150105 , 20250827 )的数据...
  获取到 2588 条数据，保存到 /data/data_liy/quant/raw/stock_daily/300371.SZ.csv
正在获取1826/5426 扬杰科技(300373.SZ) [20150105 , 20250827 )的数据...
  获取到 2546 条数据，保存到 /data/data_liy/quant/raw/stock_daily/300373.SZ.csv
正在获取1827/5426 中铁装配(300374.SZ) [20150105 , 20250827 )的数据...
  获取到 2408 条数据，保存到 /data/data_liy/quant/raw/stock_daily/300374.SZ.csv
正在获取1828/5426 鹏翎股份(300375.SZ) [20150105 , 20250827 )的数据...
  获取到 2546 条数据，保存到 /data/data_liy/quant/raw/stock_daily/300375.SZ.csv
正在获取1829/5426 ST易事特(300376.SZ) [20150105 , 20250827 )的数据...
  获取到 2473 条数据，保存到 /data/data_liy/quant/raw/stock_daily/300376.SZ.csv
正在获取1830/5426 赢时胜(300377.SZ) [20150105 , 20250827 )的数据...
  获取到 2541 条数据，保存到 /data/data_liy/quant/raw/stock_daily/300377.SZ.csv
正在获取1831/5426 鼎捷数智(300378.SZ) [20150105 , 20250827 )的数据...
  获取到 2583 条数据，保存到 /data/data_liy/quant/raw/stock_daily/300378.SZ.csv
正在获取1832/5426 *ST东通(300379.SZ) [20150105 , 20250827 )的数据...
  获取到 2521 条数据，保存到 /data/data_liy/quant/raw/stock_daily/300379.SZ.csv
正在获取1833/5426 安硕信息(300380.SZ) [20150105 , 20250827 )的数据...
  获取到 2588 条数据，保存到 /data/data_liy/quant/raw/stock_daily/300380.SZ.csv
正在获取1834/5426 溢多利(300381.SZ) [20150105 , 20250827 )的数据...
  获取到 2499 条数据，保存到 /data/data_liy/quant/raw/stock_daily/300381.SZ.csv
正在获取1835/5426 斯莱克(300382.SZ) [20150105 , 20250827 )的数据...
  获取到 2581 条数据，保存到 /data/data_liy/quant/raw/stock_daily/300382.SZ.csv
正在获取1836/5426 光环新网(300383.SZ) [20150105 , 20250827 )的数据...
  获取到 2400 条数据，保存到 /data/data_liy/quant/raw/stock_daily/300383.SZ.csv
正在获取1837/5426 三联虹普(300384.SZ) [20150105 , 20250827 )的数据...
  获取到 2473 条数据，保存到 /data/data_liy/quant/raw/stock_daily/300384.SZ.csv
正在获取1838/5426 雪浪环境(300385.SZ) [20150105 , 20250827 )的数据...
  获取到 2576 条数据，保存到 /data/data_liy/quant/raw/stock_daily/300385.SZ.csv
正在获取1839/5426 飞天诚信(300386.SZ) [20150105 , 20250827 )的数据...
  获取到 2588 条数据，保存到 /data/data_liy/quant/raw/stock_daily/300386.SZ.csv
正在获取1840/5426 富邦科技(300387.SZ) [20150105 , 20250827 )的数据...
  获取到 2497 条数据，保存到 /data/data_liy/quant/raw/stock_daily/300387.SZ.csv
正在获取1841/5426 节能国祯(300388.SZ) [20150105 , 20250827 )的数据...
  获取到 2543 条数据，保存到 /data/data_liy/quant/raw/stock_daily/300388.SZ.csv
正在获取1842/5426 艾比森(300389.SZ) [20150105 , 20250827 )的数据...
  获取到 2588 条数据，保存到 /data/data_liy/quant/raw/stock_daily/300389.SZ.csv
正在获取1843/5426 天华新能(300390.SZ) [20150105 , 20250827 )的数据...
  获取到 2518 条数据，保存到 /data/data_liy/quant/raw/stock_daily/300390.SZ.csv
正在获取1844/5426 *ST长药(300391.SZ) [20150105 , 20250827 )的数据...
  获取到 2484 条数据，保存到 /data/data_liy/quant/raw/stock_daily/300391.SZ.csv
正在获取1845/5426 中来股份(300393.SZ) [20150105 , 20250827 )的数据...
  获取到 2576 条数据，保存到 /data/data_liy/quant/raw/stock_daily/300393.SZ.csv
正在获取1846/5426 天孚通信(300394.SZ) [20150105 , 20250827 )的数据...
  获取到 2545 条数据，保存到 /data/data_liy/quant/raw/stock_daily/300394.SZ.csv
正在获取1847/5426 菲利华(300395.SZ) [20150105 , 20250827 )的数据...
  获取到 2588 条数据，保存到 /data/data_liy/quant/raw/stock_daily/300395.SZ.csv
正在获取1848/5426 迪瑞医疗(300396.SZ) [20150105 , 20250827 )的数据...
  获取到 2526 条数据，保存到 /data/data_liy/quant/raw/stock_daily/300396.SZ.csv
正在获取1849/5426 天和防务(300397.SZ) [20150105 , 20250827 )的数据...
  获取到 2549 条数据，保存到 /data/data_liy/quant/raw/stock_daily/300397.SZ.csv
正在获取1850/5426 飞凯材料(300398.SZ) [20150105 , 20250827 )的数据...
  获取到 2493 条数据，保存到 /data/data_liy/quant/raw/stock_daily/300398.SZ.csv
正在获取1851/5426 天利科技(300399.SZ) [20150105 , 20250827 )的数据...
  获取到 2573 条数据，保存到 /data/data_liy/quant/raw/stock_daily/300399.SZ.csv
正在获取1852/5426 劲拓股份(300400.SZ) [20150105 , 20250827 )的数据...
  获取到 2588 条数据，保存到 /data/data_liy/quant/raw/stock_daily/300400.SZ.csv
正在获取1853/5426 花园生物(300401.SZ) [20150105 , 20250827 )的数据...
  获取到 2571 条数据，保存到 /data/data_liy/quant/raw/stock_daily/300401.SZ.csv
正在获取1854/5426 宝色股份(300402.SZ) [20150105 , 20250827 )的数据...
  获取到 2501 条数据，保存到 /data/data_liy/quant/raw/stock_daily/300402.SZ.csv
正在获取1855/5426 汉宇集团(300403.SZ) [20150105 , 20250827 )的数据...
  获取到 2588 条数据，保存到 /data/data_liy/quant/raw/stock_daily/300403.SZ.csv
正在获取1856/5426 博济医药(300404.SZ) [20150105 , 20250827 )的数据...
  获取到 2446 条数据，保存到 /data/data_liy/quant/raw/stock_daily/300404.SZ.csv
正在获取1857/5426 科隆股份(300405.SZ) [20150105 , 20250827 )的数据...
  获取到 2501 条数据，保存到 /data/data_liy/quant/raw/stock_daily/300405.SZ.csv
正在获取1858/5426 九强生物(300406.SZ) [20150105 , 20250827 )的数据...
  获取到 2588 条数据，保存到 /data/data_liy/quant/raw/stock_daily/300406.SZ.csv
正在获取1859/5426 凯发电气(300407.SZ) [20150105 , 20250827 )的数据...
  获取到 2469 条数据，保存到 /data/data_liy/quant/raw/stock_daily/300407.SZ.csv
正在获取1860/5426 三环集团(300408.SZ) [20150105 , 20250827 )的数据...
  获取到 2578 条数据，保存到 /data/data_liy/quant/raw/stock_daily/300408.SZ.csv
正在获取1861/5426 道氏技术(300409.SZ) [20150105 , 20250827 )的数据...
  获取到 2498 条数据，保存到 /data/data_liy/quant/raw/stock_daily/300409.SZ.csv
正在获取1862/5426 正业科技(300410.SZ) [20150105 , 20250827 )的数据...
  获取到 2368 条数据，保存到 /data/data_liy/quant/raw/stock_daily/300410.SZ.csv
正在获取1863/5426 金盾股份(300411.SZ) [20150105 , 20250827 )的数据...
  获取到 2307 条数据，保存到 /data/data_liy/quant/raw/stock_daily/300411.SZ.csv
正在获取1864/5426 迦南科技(300412.SZ) [20150105 , 20250827 )的数据...
  获取到 2493 条数据，保存到 /data/data_liy/quant/raw/stock_daily/300412.SZ.csv
正在获取1865/5426 芒果超媒(300413.SZ) [20150105 , 20250827 )的数据...
  获取到 2316 条数据，保存到 /data/data_liy/quant/raw/stock_daily/300413.SZ.csv
正在获取1866/5426 中光防雷(300414.SZ) [20150105 , 20250827 )的数据...
  获取到 2294 条数据，保存到 /data/data_liy/quant/raw/stock_daily/300414.SZ.csv
正在获取1867/5426 伊之密(300415.SZ) [20150105 , 20250827 )的数据...
  获取到 2565 条数据，保存到 /data/data_liy/quant/raw/stock_daily/300415.SZ.csv
正在获取1868/5426 苏试试验(300416.SZ) [20150105 , 20250827 )的数据...
  获取到 2566 条数据，保存到 /data/data_liy/quant/raw/stock_daily/300416.SZ.csv
正在获取1869/5426 南华仪器(300417.SZ) [20150105 , 20250827 )的数据...
  获取到 2574 条数据，保存到 /data/data_liy/quant/raw/stock_daily/300417.SZ.csv
正在获取1870/5426 昆仑万维(300418.SZ) [20150105 , 20250827 )的数据...
  获取到 2505 条数据，保存到 /data/data_liy/quant/raw/stock_daily/300418.SZ.csv
正在获取1871/5426 ST浩丰(300419.SZ) [20150105 , 20250827 )的数据...
  获取到 2463 条数据，保存到 /data/data_liy/quant/raw/stock_daily/300419.SZ.csv
正在获取1872/5426 五洋自控(300420.SZ) [20150105 , 20250827 )的数据...
  获取到 2401 条数据，保存到 /data/data_liy/quant/raw/stock_daily/300420.SZ.csv
正在获取1873/5426 力星股份(300421.SZ) [20150105 , 20250827 )的数据...
  获取到 2516 条数据，保存到 /data/data_liy/quant/raw/stock_daily/300421.SZ.csv
正在获取1874/5426 博世科(300422.SZ) [20150105 , 20250827 )的数据...
  获取到 2535 条数据，保存到 /data/data_liy/quant/raw/stock_daily/300422.SZ.csv
正在获取1875/5426 昇辉科技(300423.SZ) [20150105 , 20250827 )的数据...
  获取到 2289 条数据，保存到 /data/data_liy/quant/raw/stock_daily/300423.SZ.csv
正在获取1876/5426 航新科技(300424.SZ) [20150105 , 20250827 )的数据...
  获取到 2457 条数据，保存到 /data/data_liy/quant/raw/stock_daily/300424.SZ.csv
正在获取1877/5426 中建环能(300425.SZ) [20150105 , 20250827 )的数据...
  获取到 2423 条数据，保存到 /data/data_liy/quant/raw/stock_daily/300425.SZ.csv
正在获取1878/5426 华智数媒(300426.SZ) [20150105 , 20250827 )的数据...
  获取到 2472 条数据，保存到 /data/data_liy/quant/raw/stock_daily/300426.SZ.csv
正在获取1879/5426 红相股份(300427.SZ) [20150105 , 20250827 )的数据...
  获取到 2351 条数据，保存到 /data/data_liy/quant/raw/stock_daily/300427.SZ.csv
正在获取1880/5426 立中集团(300428.SZ) [20150105 , 20250827 )的数据...
  获取到 2369 条数据，保存到 /data/data_liy/quant/raw/stock_daily/300428.SZ.csv
正在获取1881/5426 强力新材(300429.SZ) [20150105 , 20250827 )的数据...
  获取到 2441 条数据，保存到 /data/data_liy/quant/raw/stock_daily/300429.SZ.csv
正在获取1882/5426 诚益通(300430.SZ) [20150105 , 20250827 )的数据...
  获取到 2469 条数据，保存到 /data/data_liy/quant/raw/stock_daily/300430.SZ.csv
正在获取1883/5426 富临精工(300432.SZ) [20150105 , 20250827 )的数据...
  获取到 2453 条数据，保存到 /data/data_liy/quant/raw/stock_daily/300432.SZ.csv
正在获取1884/5426 蓝思科技(300433.SZ) [20150105 , 20250827 )的数据...
  获取到 2516 条数据，保存到 /data/data_liy/quant/raw/stock_daily/300433.SZ.csv
正在获取1885/5426 金石亚药(300434.SZ) [20150105 , 20250827 )的数据...
  获取到 2392 条数据，保存到 /data/data_liy/quant/raw/stock_daily/300434.SZ.csv
正在获取1886/5426 中泰股份(300435.SZ) [20150105 , 20250827 )的数据...
  获取到 2524 条数据，保存到 /data/data_liy/quant/raw/stock_daily/300435.SZ.csv
正在获取1887/5426 广生堂(300436.SZ) [20150105 , 20250827 )的数据...
  获取到 2466 条数据，保存到 /data/data_liy/quant/raw/stock_daily/300436.SZ.csv
正在获取1888/5426 清水源(300437.SZ) [20150105 , 20250827 )的数据...
  获取到 2394 条数据，保存到 /data/data_liy/quant/raw/stock_daily/300437.SZ.csv
正在获取1889/5426 鹏辉能源(300438.SZ) [20150105 , 20250827 )的数据...
  获取到 2466 条数据，保存到 /data/data_liy/quant/raw/stock_daily/300438.SZ.csv
正在获取1890/5426 美康生物(300439.SZ) [20150105 , 20250827 )的数据...
  获取到 2513 条数据，保存到 /data/data_liy/quant/raw/stock_daily/300439.SZ.csv
正在获取1891/5426 运达科技(300440.SZ) [20150105 , 20250827 )的数据...
  获取到 2381 条数据，保存到 /data/data_liy/quant/raw/stock_daily/300440.SZ.csv
正在获取1892/5426 鲍斯股份(300441.SZ) [20150105 , 20250827 )的数据...
  获取到 2270 条数据，保存到 /data/data_liy/quant/raw/stock_daily/300441.SZ.csv
正在获取1893/5426 润泽科技(300442.SZ) [20150105 , 20250827 )的数据...
  获取到 2505 条数据，保存到 /data/data_liy/quant/raw/stock_daily/300442.SZ.csv
正在获取1894/5426 金雷股份(300443.SZ) [20150105 , 20250827 )的数据...
  获取到 2506 条数据，保存到 /data/data_liy/quant/raw/stock_daily/300443.SZ.csv
正在获取1895/5426 双杰电气(300444.SZ) [20150105 , 20250827 )的数据...
  获取到 2409 条数据，保存到 /data/data_liy/quant/raw/stock_daily/300444.SZ.csv
正在获取1896/5426 康斯特(300445.SZ) [20150105 , 20250827 )的数据...
  获取到 2515 条数据，保存到 /data/data_liy/quant/raw/stock_daily/300445.SZ.csv
正在获取1897/5426 航天智造(300446.SZ) [20150105 , 20250827 )的数据...
  获取到 2503 条数据，保存到 /data/data_liy/quant/raw/stock_daily/300446.SZ.csv
正在获取1898/5426 全信股份(300447.SZ) [20150105 , 20250827 )的数据...
  获取到 2418 条数据，保存到 /data/data_liy/quant/raw/stock_daily/300447.SZ.csv
正在获取1899/5426 浩云科技(300448.SZ) [20150105 , 20250827 )的数据...
  获取到 2509 条数据，保存到 /data/data_liy/quant/raw/stock_daily/300448.SZ.csv
正在获取1900/5426 汉邦高科(300449.SZ) [20150105 , 20250827 )的数据...
  获取到 2418 条数据，保存到 /data/data_liy/quant/raw/stock_daily/300449.SZ.csv
正在获取1901/5426 先导智能(300450.SZ) [20150105 , 20250827 )的数据...
  获取到 2351 条数据，保存到 /data/data_liy/quant/raw/stock_daily/300450.SZ.csv
正在获取1902/5426 创业慧康(300451.SZ) [20150105 , 20250827 )的数据...
  获取到 2427 条数据，保存到 /data/data_liy/quant/raw/stock_daily/300451.SZ.csv
正在获取1903/5426 山河药辅(300452.SZ) [20150105 , 20250827 )的数据...
  获取到 2501 条数据，保存到 /data/data_liy/quant/raw/stock_daily/300452.SZ.csv
正在获取1904/5426 三鑫医疗(300453.SZ) [20150105 , 20250827 )的数据...
  获取到 2491 条数据，保存到 /data/data_liy/quant/raw/stock_daily/300453.SZ.csv
正在获取1905/5426 深信服(300454.SZ) [20150105 , 20250827 )的数据...
  获取到 1769 条数据，保存到 /data/data_liy/quant/raw/stock_daily/300454.SZ.csv
正在获取1906/5426 航天智装(300455.SZ) [20150105 , 20250827 )的数据...
  获取到 2368 条数据，保存到 /data/data_liy/quant/raw/stock_daily/300455.SZ.csv
正在获取1907/5426 赛微电子(300456.SZ) [20150105 , 20250827 )的数据...
  获取到 2351 条数据，保存到 /data/data_liy/quant/raw/stock_daily/300456.SZ.csv
正在获取1908/5426 赢合科技(300457.SZ) [20150105 , 20250827 )的数据...
  获取到 2441 条数据，保存到 /data/data_liy/quant/raw/stock_daily/300457.SZ.csv
正在获取1909/5426 全志科技(300458.SZ) [20150105 , 20250827 )的数据...
  获取到 2491 条数据，保存到 /data/data_liy/quant/raw/stock_daily/300458.SZ.csv
正在获取1910/5426 汤姆猫(300459.SZ) [20150105 , 20250827 )的数据...
  获取到 2282 条数据，保存到 /data/data_liy/quant/raw/stock_daily/300459.SZ.csv
正在获取1911/5426 惠伦晶体(300460.SZ) [20150105 , 20250827 )的数据...
  获取到 2486 条数据，保存到 /data/data_liy/quant/raw/stock_daily/300460.SZ.csv
正在获取1912/5426 田中精机(300461.SZ) [20150105 , 20250827 )的数据...
  获取到 2286 条数据，保存到 /data/data_liy/quant/raw/stock_daily/300461.SZ.csv
正在获取1913/5426 ST华铭(300462.SZ) [20150105 , 20250827 )的数据...
  获取到 2206 条数据，保存到 /data/data_liy/quant/raw/stock_daily/300462.SZ.csv
正在获取1914/5426 迈克生物(300463.SZ) [20150105 , 20250827 )的数据...
  获取到 2491 条数据，保存到 /data/data_liy/quant/raw/stock_daily/300463.SZ.csv
正在获取1915/5426 星徽股份(300464.SZ) [20150105 , 20250827 )的数据...
  获取到 2301 条数据，保存到 /data/data_liy/quant/raw/stock_daily/300464.SZ.csv
正在获取1916/5426 高伟达(300465.SZ) [20150105 , 20250827 )的数据...
  获取到 2396 条数据，保存到 /data/data_liy/quant/raw/stock_daily/300465.SZ.csv
正在获取1917/5426 赛摩智能(300466.SZ) [20150105 , 20250827 )的数据...
  获取到 2135 条数据，保存到 /data/data_liy/quant/raw/stock_daily/300466.SZ.csv
正在获取1918/5426 迅游科技(300467.SZ) [20150105 , 20250827 )的数据...
  获取到 2291 条数据，保存到 /data/data_liy/quant/raw/stock_daily/300467.SZ.csv
正在获取1919/5426 四方精创(300468.SZ) [20150105 , 20250827 )的数据...
  获取到 2460 条数据，保存到 /data/data_liy/quant/raw/stock_daily/300468.SZ.csv
正在获取1920/5426 信息发展(300469.SZ) [20150105 , 20250827 )的数据...
  获取到 2374 条数据，保存到 /data/data_liy/quant/raw/stock_daily/300469.SZ.csv
正在获取1921/5426 中密控股(300470.SZ) [20150105 , 20250827 )的数据...
  获取到 2481 条数据，保存到 /data/data_liy/quant/raw/stock_daily/300470.SZ.csv
正在获取1922/5426 厚普股份(300471.SZ) [20150105 , 20250827 )的数据...
  获取到 2472 条数据，保存到 /data/data_liy/quant/raw/stock_daily/300471.SZ.csv
正在获取1923/5426 *ST新元(300472.SZ) [20150105 , 20250827 )的数据...
  获取到 2287 条数据，保存到 /data/data_liy/quant/raw/stock_daily/300472.SZ.csv
正在获取1924/5426 德尔股份(300473.SZ) [20150105 , 20250827 )的数据...
  获取到 2406 条数据，保存到 /data/data_liy/quant/raw/stock_daily/300473.SZ.csv
正在获取1925/5426 景嘉微(300474.SZ) [20150105 , 20250827 )的数据...
  获取到 2279 条数据，保存到 /data/data_liy/quant/raw/stock_daily/300474.SZ.csv
正在获取1926/5426 香农芯创(300475.SZ) [20150105 , 20250827 )的数据...
  获取到 2454 条数据，保存到 /data/data_liy/quant/raw/stock_daily/300475.SZ.csv
正在获取1927/5426 胜宏科技(300476.SZ) [20150105 , 20250827 )的数据...
  获取到 2477 条数据，保存到 /data/data_liy/quant/raw/stock_daily/300476.SZ.csv
正在获取1928/5426 ST合纵(300477.SZ) [20150105 , 20250827 )的数据...
  获取到 2374 条数据，保存到 /data/data_liy/quant/raw/stock_daily/300477.SZ.csv
正在获取1929/5426 杭州高新(300478.SZ) [20150105 , 20250827 )的数据...
  获取到 2386 条数据，保存到 /data/data_liy/quant/raw/stock_daily/300478.SZ.csv
正在获取1930/5426 神思电子(300479.SZ) [20150105 , 20250827 )的数据...
  获取到 2383 条数据，保存到 /data/data_liy/quant/raw/stock_daily/300479.SZ.csv
正在获取1931/5426 光力科技(300480.SZ) [20150105 , 20250827 )的数据...
  获取到 2401 条数据，保存到 /data/data_liy/quant/raw/stock_daily/300480.SZ.csv
正在获取1932/5426 濮阳惠成(300481.SZ) [20150105 , 20250827 )的数据...
  获取到 2449 条数据，保存到 /data/data_liy/quant/raw/stock_daily/300481.SZ.csv
正在获取1933/5426 万孚生物(300482.SZ) [20150105 , 20250827 )的数据...
  获取到 2461 条数据，保存到 /data/data_liy/quant/raw/stock_daily/300482.SZ.csv
正在获取1934/5426 首华燃气(300483.SZ) [20150105 , 20250827 )的数据...
  获取到 2390 条数据，保存到 /data/data_liy/quant/raw/stock_daily/300483.SZ.csv
正在获取1935/5426 蓝海华腾(300484.SZ) [20150105 , 20250827 )的数据...
  获取到 2293 条数据，保存到 /data/data_liy/quant/raw/stock_daily/300484.SZ.csv
正在获取1936/5426 赛升药业(300485.SZ) [20150105 , 20250827 )的数据...
  获取到 2472 条数据，保存到 /data/data_liy/quant/raw/stock_daily/300485.SZ.csv
正在获取1937/5426 东杰智能(300486.SZ) [20150105 , 20250827 )的数据...
  获取到 2331 条数据，保存到 /data/data_liy/quant/raw/stock_daily/300486.SZ.csv
正在获取1938/5426 蓝晓科技(300487.SZ) [20150105 , 20250827 )的数据...
  获取到 2459 条数据，保存到 /data/data_liy/quant/raw/stock_daily/300487.SZ.csv
正在获取1939/5426 恒锋工具(300488.SZ) [20150105 , 20250827 )的数据...
  获取到 2329 条数据，保存到 /data/data_liy/quant/raw/stock_daily/300488.SZ.csv
正在获取1940/5426 光智科技(300489.SZ) [20150105 , 20250827 )的数据...
  获取到 2459 条数据，保存到 /data/data_liy/quant/raw/stock_daily/300489.SZ.csv
正在获取1941/5426 华自科技(300490.SZ) [20150105 , 20250827 )的数据...
  获取到 2202 条数据，保存到 /data/data_liy/quant/raw/stock_daily/300490.SZ.csv
正在获取1942/5426 通合科技(300491.SZ) [20150105 , 20250827 )的数据...
  获取到 2256 条数据，保存到 /data/data_liy/quant/raw/stock_daily/300491.SZ.csv
正在获取1943/5426 华图山鼎(300492.SZ) [20150105 , 20250827 )的数据...
  获取到 2154 条数据，保存到 /data/data_liy/quant/raw/stock_daily/300492.SZ.csv
正在获取1944/5426 润欣科技(300493.SZ) [20150105 , 20250827 )的数据...
  获取到 2351 条数据，保存到 /data/data_liy/quant/raw/stock_daily/300493.SZ.csv
正在获取1945/5426 盛天网络(300494.SZ) [20150105 , 20250827 )的数据...
  获取到 2345 条数据，保存到 /data/data_liy/quant/raw/stock_daily/300494.SZ.csv
正在获取1946/5426 中科创达(300496.SZ) [20150105 , 20250827 )的数据...
  获取到 2298 条数据，保存到 /data/data_liy/quant/raw/stock_daily/300496.SZ.csv
正在获取1947/5426 富祥药业(300497.SZ) [20150105 , 20250827 )的数据...
  获取到 2352 条数据，保存到 /data/data_liy/quant/raw/stock_daily/300497.SZ.csv
正在获取1948/5426 温氏股份(300498.SZ) [20150105 , 20250827 )的数据...
  获取到 2377 条数据，保存到 /data/data_liy/quant/raw/stock_daily/300498.SZ.csv
正在获取1949/5426 高澜股份(300499.SZ) [20150105 , 20250827 )的数据...
  获取到 2323 条数据，保存到 /data/data_liy/quant/raw/stock_daily/300499.SZ.csv
正在获取1950/5426 启迪设计(300500.SZ) [20150105 , 20250827 )的数据...
  获取到 2256 条数据，保存到 /data/data_liy/quant/raw/stock_daily/300500.SZ.csv
正在获取1951/5426 海顺新材(300501.SZ) [20150105 , 20250827 )的数据...
  获取到 2321 条数据，保存到 /data/data_liy/quant/raw/stock_daily/300501.SZ.csv
正在获取1952/5426 新易盛(300502.SZ) [20150105 , 20250827 )的数据...
  获取到 2304 条数据，保存到 /data/data_liy/quant/raw/stock_daily/300502.SZ.csv
正在获取1953/5426 昊志机电(300503.SZ) [20150105 , 20250827 )的数据...
  获取到 2297 条数据，保存到 /data/data_liy/quant/raw/stock_daily/300503.SZ.csv
正在获取1954/5426 天邑股份(300504.SZ) [20150105 , 20250827 )的数据...
  获取到 1798 条数据，保存到 /data/data_liy/quant/raw/stock_daily/300504.SZ.csv
正在获取1955/5426 川金诺(300505.SZ) [20150105 , 20250827 )的数据...
  获取到 2293 条数据，保存到 /data/data_liy/quant/raw/stock_daily/300505.SZ.csv
正在获取1956/5426 ST名家汇(300506.SZ) [20150105 , 20250827 )的数据...
  获取到 2269 条数据，保存到 /data/data_liy/quant/raw/stock_daily/300506.SZ.csv
正在获取1957/5426 苏奥传感(300507.SZ) [20150105 , 20250827 )的数据...
  获取到 2258 条数据，保存到 /data/data_liy/quant/raw/stock_daily/300507.SZ.csv
正在获取1958/5426 维宏股份(300508.SZ) [20150105 , 20250827 )的数据...
  获取到 2270 条数据，保存到 /data/data_liy/quant/raw/stock_daily/300508.SZ.csv
正在获取1959/5426 新美星(300509.SZ) [20150105 , 20250827 )的数据...
  获取到 2266 条数据，保存到 /data/data_liy/quant/raw/stock_daily/300509.SZ.csv
正在获取1960/5426 金冠股份(300510.SZ) [20150105 , 20250827 )的数据...
HTTPConnectionPool(host='api.waditu.com', port=80): Max retries exceeded with url: /dataapi/adj_factor (Caused by NameResolutionError("<urllib3.connection.HTTPConnection object at 0x7f6a0459c910>: Failed to resolve 'api.waditu.com' ([Errno -2] Name or service not known)"))
  获取到 1992 条数据，保存到 /data/data_liy/quant/raw/stock_daily/300510.SZ.csv
正在获取1961/5426 雪榕生物(300511.SZ) [20150105 , 20250827 )的数据...
  获取到 2259 条数据，保存到 /data/data_liy/quant/raw/stock_daily/300511.SZ.csv
正在获取1962/5426 中亚股份(300512.SZ) [20150105 , 20250827 )的数据...
  获取到 2248 条数据，保存到 /data/data_liy/quant/raw/stock_daily/300512.SZ.csv
正在获取1963/5426 恒实科技(300513.SZ) [20150105 , 20250827 )的数据...
  获取到 2147 条数据，保存到 /data/data_liy/quant/raw/stock_daily/300513.SZ.csv
正在获取1964/5426 友讯达(300514.SZ) [20150105 , 20250827 )的数据...
  获取到 2026 条数据，保存到 /data/data_liy/quant/raw/stock_daily/300514.SZ.csv
正在获取1965/5426 三德科技(300515.SZ) [20150105 , 20250827 )的数据...
  获取到 2237 条数据，保存到 /data/data_liy/quant/raw/stock_daily/300515.SZ.csv
正在获取1966/5426 久之洋(300516.SZ) [20150105 , 20250827 )的数据...
  获取到 2243 条数据，保存到 /data/data_liy/quant/raw/stock_daily/300516.SZ.csv
正在获取1967/5426 海波重科(300517.SZ) [20150105 , 20250827 )的数据...
  获取到 2212 条数据，保存到 /data/data_liy/quant/raw/stock_daily/300517.SZ.csv
正在获取1968/5426 新迅达(300518.SZ) [20150105 , 20250827 )的数据...
  获取到 2091 条数据，保存到 /data/data_liy/quant/raw/stock_daily/300518.SZ.csv
正在获取1969/5426 新光药业(300519.SZ) [20150105 , 20250827 )的数据...
  获取到 2224 条数据，保存到 /data/data_liy/quant/raw/stock_daily/300519.SZ.csv
正在获取1970/5426 科大国创(300520.SZ) [20150105 , 20250827 )的数据...
HTTPConnectionPool(host='api.waditu.com', port=80): Max retries exceeded with url: /dataapi/adj_factor (Caused by NameResolutionError("<urllib3.connection.HTTPConnection object at 0x7f6a0459d090>: Failed to resolve 'api.waditu.com' ([Errno -2] Name or service not known)"))
  获取到 2208 条数据，保存到 /data/data_liy/quant/raw/stock_daily/300520.SZ.csv
正在获取1971/5426 爱司凯(300521.SZ) [20150105 , 20250827 )的数据...
  获取到 2197 条数据，保存到 /data/data_liy/quant/raw/stock_daily/300521.SZ.csv
正在获取1972/5426 世名科技(300522.SZ) [20150105 , 20250827 )的数据...
  获取到 2217 条数据，保存到 /data/data_liy/quant/raw/stock_daily/300522.SZ.csv
正在获取1973/5426 辰安科技(300523.SZ) [20150105 , 20250827 )的数据...
  获取到 2125 条数据，保存到 /data/data_liy/quant/raw/stock_daily/300523.SZ.csv
正在获取1974/5426 博思软件(300525.SZ) [20150105 , 20250827 )的数据...
  获取到 2182 条数据，保存到 /data/data_liy/quant/raw/stock_daily/300525.SZ.csv
正在获取1975/5426 ST应急(300527.SZ) [20150105 , 20250827 )的数据...
  获取到 2196 条数据，保存到 /data/data_liy/quant/raw/stock_daily/300527.SZ.csv
正在获取1976/5426 幸福蓝海(300528.SZ) [20150105 , 20250827 )的数据...
  获取到 2198 条数据，保存到 /data/data_liy/quant/raw/stock_daily/300528.SZ.csv
正在获取1977/5426 健帆生物(300529.SZ) [20150105 , 20250827 )的数据...
  获取到 2202 条数据，保存到 /data/data_liy/quant/raw/stock_daily/300529.SZ.csv
正在获取1978/5426 领湃科技(300530.SZ) [20150105 , 20250827 )的数据...
  获取到 2185 条数据，保存到 /data/data_liy/quant/raw/stock_daily/300530.SZ.csv
正在获取1979/5426 优博讯(300531.SZ) [20150105 , 20250827 )的数据...
  获取到 2192 条数据，保存到 /data/data_liy/quant/raw/stock_daily/300531.SZ.csv
正在获取1980/5426 今天国际(300532.SZ) [20150105 , 20250827 )的数据...
  获取到 2190 条数据，保存到 /data/data_liy/quant/raw/stock_daily/300532.SZ.csv
正在获取1981/5426 冰川网络(300533.SZ) [20150105 , 20250827 )的数据...
  获取到 2190 条数据，保存到 /data/data_liy/quant/raw/stock_daily/300533.SZ.csv
正在获取1982/5426 陇神戎发(300534.SZ) [20150105 , 20250827 )的数据...
  获取到 2157 条数据，保存到 /data/data_liy/quant/raw/stock_daily/300534.SZ.csv
正在获取1983/5426 达威股份(300535.SZ) [20150105 , 20250827 )的数据...
  获取到 2121 条数据，保存到 /data/data_liy/quant/raw/stock_daily/300535.SZ.csv
正在获取1984/5426 农尚环境(300536.SZ) [20150105 , 20250827 )的数据...
  获取到 2167 条数据，保存到 /data/data_liy/quant/raw/stock_daily/300536.SZ.csv
正在获取1985/5426 广信材料(300537.SZ) [20150105 , 20250827 )的数据...
  获取到 2104 条数据，保存到 /data/data_liy/quant/raw/stock_daily/300537.SZ.csv
正在获取1986/5426 同益股份(300538.SZ) [20150105 , 20250827 )的数据...
  获取到 2184 条数据，保存到 /data/data_liy/quant/raw/stock_daily/300538.SZ.csv
正在获取1987/5426 横河精密(300539.SZ) [20150105 , 20250827 )的数据...
HTTPConnectionPool(host='api.waditu.com', port=80): Max retries exceeded with url: /dataapi/daily (Caused by NameResolutionError("<urllib3.connection.HTTPConnection object at 0x7f6a0459c7f0>: Failed to resolve 'api.waditu.com' ([Errno -2] Name or service not known)"))
  获取到 2181 条数据，保存到 /data/data_liy/quant/raw/stock_daily/300539.SZ.csv
正在获取1988/5426 蜀道装备(300540.SZ) [20150105 , 20250827 )的数据...
  获取到 2177 条数据，保存到 /data/data_liy/quant/raw/stock_daily/300540.SZ.csv
正在获取1989/5426 先进数通(300541.SZ) [20150105 , 20250827 )的数据...
  获取到 2172 条数据，保存到 /data/data_liy/quant/raw/stock_daily/300541.SZ.csv
正在获取1990/5426 新晨科技(300542.SZ) [20150105 , 20250827 )的数据...
  获取到 2159 条数据，保存到 /data/data_liy/quant/raw/stock_daily/300542.SZ.csv
正在获取1991/5426 朗科智能(300543.SZ) [20150105 , 20250827 )的数据...
  获取到 2093 条数据，保存到 /data/data_liy/quant/raw/stock_daily/300543.SZ.csv
正在获取1992/5426 联得装备(300545.SZ) [20150105 , 20250827 )的数据...
  获取到 2163 条数据，保存到 /data/data_liy/quant/raw/stock_daily/300545.SZ.csv
正在获取1993/5426 雄帝科技(300546.SZ) [20150105 , 20250827 )的数据...
  获取到 2163 条数据，保存到 /data/data_liy/quant/raw/stock_daily/300546.SZ.csv
正在获取1994/5426 川环科技(300547.SZ) [20150105 , 20250827 )的数据...
  获取到 2161 条数据，保存到 /data/data_liy/quant/raw/stock_daily/300547.SZ.csv
正在获取1995/5426 长芯博创(300548.SZ) [20150105 , 20250827 )的数据...
  获取到 2154 条数据，保存到 /data/data_liy/quant/raw/stock_daily/300548.SZ.csv
正在获取1996/5426 优德精密(300549.SZ) [20150105 , 20250827 )的数据...
  获取到 2161 条数据，保存到 /data/data_liy/quant/raw/stock_daily/300549.SZ.csv
正在获取1997/5426 和仁科技(300550.SZ) [20150105 , 20250827 )的数据...
  获取到 2154 条数据，保存到 /data/data_liy/quant/raw/stock_daily/300550.SZ.csv
正在获取1998/5426 古鳌科技(300551.SZ) [20150105 , 20250827 )的数据...
  获取到 2146 条数据，保存到 /data/data_liy/quant/raw/stock_daily/300551.SZ.csv
正在获取1999/5426 万集科技(300552.SZ) [20150105 , 20250827 )的数据...
  获取到 2151 条数据，保存到 /data/data_liy/quant/raw/stock_daily/300552.SZ.csv
正在获取2000/5426 集智股份(300553.SZ) [20150105 , 20250827 )的数据...
  获取到 2151 条数据，保存到 /data/data_liy/quant/raw/stock_daily/300553.SZ.csv
正在获取2001/5426 三超新材(300554.SZ) [20150105 , 20250827 )的数据...
  获取到 2026 条数据，保存到 /data/data_liy/quant/raw/stock_daily/300554.SZ.csv
正在获取2002/5426 ST路通(300555.SZ) [20150105 , 20250827 )的数据...
  获取到 2153 条数据，保存到 /data/data_liy/quant/raw/stock_daily/300555.SZ.csv
正在获取2003/5426 丝路视觉(300556.SZ) [20150105 , 20250827 )的数据...
  获取到 2141 条数据，保存到 /data/data_liy/quant/raw/stock_daily/300556.SZ.csv
正在获取2004/5426 理工光科(300557.SZ) [20150105 , 20250827 )的数据...
  获取到 2144 条数据，保存到 /data/data_liy/quant/raw/stock_daily/300557.SZ.csv
正在获取2005/5426 贝达药业(300558.SZ) [20150105 , 20250827 )的数据...
  获取到 2140 条数据，保存到 /data/data_liy/quant/raw/stock_daily/300558.SZ.csv
正在获取2006/5426 佳发教育(300559.SZ) [20150105 , 20250827 )的数据...
  获取到 2144 条数据，保存到 /data/data_liy/quant/raw/stock_daily/300559.SZ.csv
正在获取2007/5426 中富通(300560.SZ) [20150105 , 20250827 )的数据...
  获取到 2144 条数据，保存到 /data/data_liy/quant/raw/stock_daily/300560.SZ.csv
正在获取2008/5426 *ST汇科(300561.SZ) [20150105 , 20250827 )的数据...
  获取到 2065 条数据，保存到 /data/data_liy/quant/raw/stock_daily/300561.SZ.csv
正在获取2009/5426 乐心医疗(300562.SZ) [20150105 , 20250827 )的数据...
  获取到 2130 条数据，保存到 /data/data_liy/quant/raw/stock_daily/300562.SZ.csv
正在获取2010/5426 神宇股份(300563.SZ) [20150105 , 20250827 )的数据...
  获取到 2135 条数据，保存到 /data/data_liy/quant/raw/stock_daily/300563.SZ.csv
正在获取2011/5426 筑博设计(300564.SZ) [20150105 , 20250827 )的数据...
  获取到 1407 条数据，保存到 /data/data_liy/quant/raw/stock_daily/300564.SZ.csv
正在获取2012/5426 科信技术(300565.SZ) [20150105 , 20250827 )的数据...
  获取到 2129 条数据，保存到 /data/data_liy/quant/raw/stock_daily/300565.SZ.csv
正在获取2013/5426 激智科技(300566.SZ) [20150105 , 20250827 )的数据...
  获取到 2124 条数据，保存到 /data/data_liy/quant/raw/stock_daily/300566.SZ.csv
正在获取2014/5426 精测电子(300567.SZ) [20150105 , 20250827 )的数据...
  获取到 2129 条数据，保存到 /data/data_liy/quant/raw/stock_daily/300567.SZ.csv
正在获取2015/5426 星源材质(300568.SZ) [20150105 , 20250827 )的数据...
  获取到 2122 条数据，保存到 /data/data_liy/quant/raw/stock_daily/300568.SZ.csv
正在获取2016/5426 天能重工(300569.SZ) [20150105 , 20250827 )的数据...
  获取到 2121 条数据，保存到 /data/data_liy/quant/raw/stock_daily/300569.SZ.csv
正在获取2017/5426 太辰光(300570.SZ) [20150105 , 20250827 )的数据...
  获取到 2119 条数据，保存到 /data/data_liy/quant/raw/stock_daily/300570.SZ.csv
正在获取2018/5426 平治信息(300571.SZ) [20150105 , 20250827 )的数据...
  获取到 2109 条数据，保存到 /data/data_liy/quant/raw/stock_daily/300571.SZ.csv
正在获取2019/5426 安车检测(300572.SZ) [20150105 , 20250827 )的数据...
  获取到 2114 条数据，保存到 /data/data_liy/quant/raw/stock_daily/300572.SZ.csv
正在获取2020/5426 兴齐眼药(300573.SZ) [20150105 , 20250827 )的数据...
  获取到 2117 条数据，保存到 /data/data_liy/quant/raw/stock_daily/300573.SZ.csv
正在获取2021/5426 中旗股份(300575.SZ) [20150105 , 20250827 )的数据...
  获取到 2109 条数据，保存到 /data/data_liy/quant/raw/stock_daily/300575.SZ.csv
正在获取2022/5426 容大感光(300576.SZ) [20150105 , 20250827 )的数据...
  获取到 2099 条数据，保存到 /data/data_liy/quant/raw/stock_daily/300576.SZ.csv
正在获取2023/5426 开润股份(300577.SZ) [20150105 , 20250827 )的数据...
  获取到 2108 条数据，保存到 /data/data_liy/quant/raw/stock_daily/300577.SZ.csv
正在获取2024/5426 会畅通讯(300578.SZ) [20150105 , 20250827 )的数据...
  获取到 2010 条数据，保存到 /data/data_liy/quant/raw/stock_daily/300578.SZ.csv
正在获取2025/5426 数字认证(300579.SZ) [20150105 , 20250827 )的数据...
  获取到 2106 条数据，保存到 /data/data_liy/quant/raw/stock_daily/300579.SZ.csv
正在获取2026/5426 贝斯特(300580.SZ) [20150105 , 20250827 )的数据...
  获取到 1986 条数据，保存到 /data/data_liy/quant/raw/stock_daily/300580.SZ.csv
正在获取2027/5426 晨曦航空(300581.SZ) [20150105 , 20250827 )的数据...
  获取到 2109 条数据，保存到 /data/data_liy/quant/raw/stock_daily/300581.SZ.csv
正在获取2028/5426 英飞特(300582.SZ) [20150105 , 20250827 )的数据...
  获取到 2061 条数据，保存到 /data/data_liy/quant/raw/stock_daily/300582.SZ.csv
正在获取2029/5426 赛托生物(300583.SZ) [20150105 , 20250827 )的数据...
  获取到 2097 条数据，保存到 /data/data_liy/quant/raw/stock_daily/300583.SZ.csv
正在获取2030/5426 海辰药业(300584.SZ) [20150105 , 20250827 )的数据...
  获取到 2093 条数据，保存到 /data/data_liy/quant/raw/stock_daily/300584.SZ.csv
正在获取2031/5426 奥联电子(300585.SZ) [20150105 , 20250827 )的数据...
  获取到 2096 条数据，保存到 /data/data_liy/quant/raw/stock_daily/300585.SZ.csv
正在获取2032/5426 美联新材(300586.SZ) [20150105 , 20250827 )的数据...
  获取到 2007 条数据，保存到 /data/data_liy/quant/raw/stock_daily/300586.SZ.csv
正在获取2033/5426 天铁科技(300587.SZ) [20150105 , 20250827 )的数据...
  获取到 2098 条数据，保存到 /data/data_liy/quant/raw/stock_daily/300587.SZ.csv
正在获取2034/5426 熙菱信息(300588.SZ) [20150105 , 20250827 )的数据...
  获取到 2093 条数据，保存到 /data/data_liy/quant/raw/stock_daily/300588.SZ.csv
正在获取2035/5426 江龙船艇(300589.SZ) [20150105 , 20250827 )的数据...
  获取到 2092 条数据，保存到 /data/data_liy/quant/raw/stock_daily/300589.SZ.csv
正在获取2036/5426 移为通信(300590.SZ) [20150105 , 20250827 )的数据...
  获取到 1990 条数据，保存到 /data/data_liy/quant/raw/stock_daily/300590.SZ.csv
正在获取2037/5426 万里马(300591.SZ) [20150105 , 20250827 )的数据...
  获取到 2095 条数据，保存到 /data/data_liy/quant/raw/stock_daily/300591.SZ.csv
正在获取2038/5426 华凯易佰(300592.SZ) [20150105 , 20250827 )的数据...
  获取到 2066 条数据，保存到 /data/data_liy/quant/raw/stock_daily/300592.SZ.csv
正在获取2039/5426 新雷能(300593.SZ) [20150105 , 20250827 )的数据...
  获取到 2051 条数据，保存到 /data/data_liy/quant/raw/stock_daily/300593.SZ.csv
正在获取2040/5426 朗进科技(300594.SZ) [20150105 , 20250827 )的数据...
HTTPConnectionPool(host='api.waditu.com', port=80): Max retries exceeded with url: /dataapi/daily (Caused by NameResolutionError("<urllib3.connection.HTTPConnection object at 0x7f6a0459df60>: Failed to resolve 'api.waditu.com' ([Errno -2] Name or service not known)"))
  获取到 1501 条数据，保存到 /data/data_liy/quant/raw/stock_daily/300594.SZ.csv
正在获取2041/5426 欧普康视(300595.SZ) [20150105 , 20250827 )的数据...
  获取到 2090 条数据，保存到 /data/data_liy/quant/raw/stock_daily/300595.SZ.csv
正在获取2042/5426 利安隆(300596.SZ) [20150105 , 20250827 )的数据...
  获取到 2078 条数据，保存到 /data/data_liy/quant/raw/stock_daily/300596.SZ.csv
正在获取2043/5426 吉大通信(300597.SZ) [20150105 , 20250827 )的数据...
  获取到 2081 条数据，保存到 /data/data_liy/quant/raw/stock_daily/300597.SZ.csv
正在获取2044/5426 诚迈科技(300598.SZ) [20150105 , 20250827 )的数据...
  获取到 2082 条数据，保存到 /data/data_liy/quant/raw/stock_daily/300598.SZ.csv
正在获取2045/5426 雄塑科技(300599.SZ) [20150105 , 20250827 )的数据...
  获取到 2076 条数据，保存到 /data/data_liy/quant/raw/stock_daily/300599.SZ.csv
正在获取2046/5426 国瑞科技(300600.SZ) [20150105 , 20250827 )的数据...
  获取到 2082 条数据，保存到 /data/data_liy/quant/raw/stock_daily/300600.SZ.csv
正在获取2047/5426 康泰生物(300601.SZ) [20150105 , 20250827 )的数据...
  获取到 2080 条数据，保存到 /data/data_liy/quant/raw/stock_daily/300601.SZ.csv
正在获取2048/5426 飞荣达(300602.SZ) [20150105 , 20250827 )的数据...
  获取到 2083 条数据，保存到 /data/data_liy/quant/raw/stock_daily/300602.SZ.csv
正在获取2049/5426 立昂技术(300603.SZ) [20150105 , 20250827 )的数据...
  获取到 1922 条数据，保存到 /data/data_liy/quant/raw/stock_daily/300603.SZ.csv
正在获取2050/5426 长川科技(300604.SZ) [20150105 , 20250827 )的数据...
  获取到 2022 条数据，保存到 /data/data_liy/quant/raw/stock_daily/300604.SZ.csv
正在获取2051/5426 恒锋信息(300605.SZ) [20150105 , 20250827 )的数据...
  获取到 2079 条数据，保存到 /data/data_liy/quant/raw/stock_daily/300605.SZ.csv
正在获取2052/5426 金太阳(300606.SZ) [20150105 , 20250827 )的数据...
  获取到 2079 条数据，保存到 /data/data_liy/quant/raw/stock_daily/300606.SZ.csv
正在获取2053/5426 拓斯达(300607.SZ) [20150105 , 20250827 )的数据...
  获取到 2066 条数据，保存到 /data/data_liy/quant/raw/stock_daily/300607.SZ.csv
正在获取2054/5426 思特奇(300608.SZ) [20150105 , 20250827 )的数据...
  获取到 2076 条数据，保存到 /data/data_liy/quant/raw/stock_daily/300608.SZ.csv
正在获取2055/5426 汇纳科技(300609.SZ) [20150105 , 20250827 )的数据...
  获取到 2071 条数据，保存到 /data/data_liy/quant/raw/stock_daily/300609.SZ.csv
正在获取2056/5426 晨化股份(300610.SZ) [20150105 , 20250827 )的数据...
  获取到 2076 条数据，保存到 /data/data_liy/quant/raw/stock_daily/300610.SZ.csv
正在获取2057/5426 美力科技(300611.SZ) [20150105 , 20250827 )的数据...
HTTPConnectionPool(host='api.waditu.com', port=80): Max retries exceeded with url: /dataapi/adj_factor (Caused by NameResolutionError("<urllib3.connection.HTTPConnection object at 0x7f6a0459e230>: Failed to resolve 'api.waditu.com' ([Errno -2] Name or service not known)"))
  获取到 2071 条数据，保存到 /data/data_liy/quant/raw/stock_daily/300611.SZ.csv
正在获取2058/5426 宣亚国际(300612.SZ) [20150105 , 20250827 )的数据...
  获取到 1903 条数据，保存到 /data/data_liy/quant/raw/stock_daily/300612.SZ.csv
正在获取2059/5426 富瀚微(300613.SZ) [20150105 , 20250827 )的数据...
  获取到 2061 条数据，保存到 /data/data_liy/quant/raw/stock_daily/300613.SZ.csv
正在获取2060/5426 百川畅银(300614.SZ) [20150105 , 20250827 )的数据...
  获取到 1034 条数据，保存到 /data/data_liy/quant/raw/stock_daily/300614.SZ.csv
正在获取2061/5426 欣天科技(300615.SZ) [20150105 , 20250827 )的数据...
  获取到 2074 条数据，保存到 /data/data_liy/quant/raw/stock_daily/300615.SZ.csv
正在获取2062/5426 尚品宅配(300616.SZ) [20150105 , 20250827 )的数据...
  获取到 2060 条数据，保存到 /data/data_liy/quant/raw/stock_daily/300616.SZ.csv
正在获取2063/5426 安靠智电(300617.SZ) [20150105 , 20250827 )的数据...
  获取到 2065 条数据，保存到 /data/data_liy/quant/raw/stock_daily/300617.SZ.csv
正在获取2064/5426 寒锐钴业(300618.SZ) [20150105 , 20250827 )的数据...
  获取到 2059 条数据，保存到 /data/data_liy/quant/raw/stock_daily/300618.SZ.csv
正在获取2065/5426 金银河(300619.SZ) [20150105 , 20250827 )的数据...
  获取到 2064 条数据，保存到 /data/data_liy/quant/raw/stock_daily/300619.SZ.csv
正在获取2066/5426 光库科技(300620.SZ) [20150105 , 20250827 )的数据...
  获取到 2047 条数据，保存到 /data/data_liy/quant/raw/stock_daily/300620.SZ.csv
正在获取2067/5426 维业股份(300621.SZ) [20150105 , 20250827 )的数据...
  获取到 2053 条数据，保存到 /data/data_liy/quant/raw/stock_daily/300621.SZ.csv
正在获取2068/5426 博士眼镜(300622.SZ) [20150105 , 20250827 )的数据...
  获取到 2054 条数据，保存到 /data/data_liy/quant/raw/stock_daily/300622.SZ.csv
正在获取2069/5426 捷捷微电(300623.SZ) [20150105 , 20250827 )的数据...
  获取到 2055 条数据，保存到 /data/data_liy/quant/raw/stock_daily/300623.SZ.csv
正在获取2070/5426 万兴科技(300624.SZ) [20150105 , 20250827 )的数据...
  获取到 1834 条数据，保存到 /data/data_liy/quant/raw/stock_daily/300624.SZ.csv
正在获取2071/5426 三雄极光(300625.SZ) [20150105 , 20250827 )的数据...
  获取到 2052 条数据，保存到 /data/data_liy/quant/raw/stock_daily/300625.SZ.csv
正在获取2072/5426 华瑞股份(300626.SZ) [20150105 , 20250827 )的数据...
  获取到 2051 条数据，保存到 /data/data_liy/quant/raw/stock_daily/300626.SZ.csv
正在获取2073/5426 华测导航(300627.SZ) [20150105 , 20250827 )的数据...
  获取到 2050 条数据，保存到 /data/data_liy/quant/raw/stock_daily/300627.SZ.csv
正在获取2074/5426 亿联网络(300628.SZ) [20150105 , 20250827 )的数据...
  获取到 2052 条数据，保存到 /data/data_liy/quant/raw/stock_daily/300628.SZ.csv
正在获取2075/5426 新劲刚(300629.SZ) [20150105 , 20250827 )的数据...
  获取到 2004 条数据，保存到 /data/data_liy/quant/raw/stock_daily/300629.SZ.csv
正在获取2076/5426 久吾高科(300631.SZ) [20150105 , 20250827 )的数据...
  获取到 2048 条数据，保存到 /data/data_liy/quant/raw/stock_daily/300631.SZ.csv
正在获取2077/5426 光莆股份(300632.SZ) [20150105 , 20250827 )的数据...
  获取到 2040 条数据，保存到 /data/data_liy/quant/raw/stock_daily/300632.SZ.csv
正在获取2078/5426 开立医疗(300633.SZ) [20150105 , 20250827 )的数据...
  获取到 2040 条数据，保存到 /data/data_liy/quant/raw/stock_daily/300633.SZ.csv
正在获取2079/5426 彩讯股份(300634.SZ) [20150105 , 20250827 )的数据...
  获取到 1803 条数据，保存到 /data/data_liy/quant/raw/stock_daily/300634.SZ.csv
正在获取2080/5426 中达安(300635.SZ) [20150105 , 20250827 )的数据...
  获取到 2034 条数据，保存到 /data/data_liy/quant/raw/stock_daily/300635.SZ.csv
正在获取2081/5426 同和药业(300636.SZ) [20150105 , 20250827 )的数据...
  获取到 2041 条数据，保存到 /data/data_liy/quant/raw/stock_daily/300636.SZ.csv
正在获取2082/5426 扬帆新材(300637.SZ) [20150105 , 20250827 )的数据...
  获取到 2036 条数据，保存到 /data/data_liy/quant/raw/stock_daily/300637.SZ.csv
正在获取2083/5426 广和通(300638.SZ) [20150105 , 20250827 )的数据...
  获取到 2028 条数据，保存到 /data/data_liy/quant/raw/stock_daily/300638.SZ.csv
正在获取2084/5426 凯普生物(300639.SZ) [20150105 , 20250827 )的数据...
  获取到 2036 条数据，保存到 /data/data_liy/quant/raw/stock_daily/300639.SZ.csv
正在获取2085/5426 德艺文创(300640.SZ) [20150105 , 20250827 )的数据...
  获取到 2014 条数据，保存到 /data/data_liy/quant/raw/stock_daily/300640.SZ.csv
正在获取2086/5426 正丹股份(300641.SZ) [20150105 , 20250827 )的数据...
  获取到 2027 条数据，保存到 /data/data_liy/quant/raw/stock_daily/300641.SZ.csv
正在获取2087/5426 透景生命(300642.SZ) [20150105 , 20250827 )的数据...
  获取到 2029 条数据，保存到 /data/data_liy/quant/raw/stock_daily/300642.SZ.csv
正在获取2088/5426 万通智控(300643.SZ) [20150105 , 20250827 )的数据...
  获取到 2020 条数据，保存到 /data/data_liy/quant/raw/stock_daily/300643.SZ.csv
正在获取2089/5426 南京聚隆(300644.SZ) [20150105 , 20250827 )的数据...
  获取到 1828 条数据，保存到 /data/data_liy/quant/raw/stock_daily/300644.SZ.csv
正在获取2090/5426 正元智慧(300645.SZ) [20150105 , 20250827 )的数据...
  获取到 2019 条数据，保存到 /data/data_liy/quant/raw/stock_daily/300645.SZ.csv
正在获取2091/5426 超频三(300647.SZ) [20150105 , 20250827 )的数据...
  获取到 1980 条数据，保存到 /data/data_liy/quant/raw/stock_daily/300647.SZ.csv
正在获取2092/5426 星云股份(300648.SZ) [20150105 , 20250827 )的数据...
  获取到 2027 条数据，保存到 /data/data_liy/quant/raw/stock_daily/300648.SZ.csv
正在获取2093/5426 杭州园林(300649.SZ) [20150105 , 20250827 )的数据...
  获取到 2015 条数据，保存到 /data/data_liy/quant/raw/stock_daily/300649.SZ.csv
正在获取2094/5426 太龙股份(300650.SZ) [20150105 , 20250827 )的数据...
  获取到 2022 条数据，保存到 /data/data_liy/quant/raw/stock_daily/300650.SZ.csv
正在获取2095/5426 金陵体育(300651.SZ) [20150105 , 20250827 )的数据...
  获取到 2018 条数据，保存到 /data/data_liy/quant/raw/stock_daily/300651.SZ.csv
正在获取2096/5426 雷迪克(300652.SZ) [20150105 , 20250827 )的数据...
  获取到 2013 条数据，保存到 /data/data_liy/quant/raw/stock_daily/300652.SZ.csv
正在获取2097/5426 正海生物(300653.SZ) [20150105 , 20250827 )的数据...
  获取到 2013 条数据，保存到 /data/data_liy/quant/raw/stock_daily/300653.SZ.csv
正在获取2098/5426 世纪天鸿(300654.SZ) [20150105 , 20250827 )的数据...
  获取到 1920 条数据，保存到 /data/data_liy/quant/raw/stock_daily/300654.SZ.csv
正在获取2099/5426 晶瑞电材(300655.SZ) [20150105 , 20250827 )的数据...
  获取到 2001 条数据，保存到 /data/data_liy/quant/raw/stock_daily/300655.SZ.csv
正在获取2100/5426 民德电子(300656.SZ) [20150105 , 20250827 )的数据...
  获取到 1942 条数据，保存到 /data/data_liy/quant/raw/stock_daily/300656.SZ.csv
正在获取2101/5426 弘信电子(300657.SZ) [20150105 , 20250827 )的数据...
  获取到 1966 条数据，保存到 /data/data_liy/quant/raw/stock_daily/300657.SZ.csv
正在获取2102/5426 延江股份(300658.SZ) [20150105 , 20250827 )的数据...
  获取到 2002 条数据，保存到 /data/data_liy/quant/raw/stock_daily/300658.SZ.csv
正在获取2103/5426 中孚信息(300659.SZ) [20150105 , 20250827 )的数据...
  获取到 1897 条数据，保存到 /data/data_liy/quant/raw/stock_daily/300659.SZ.csv
正在获取2104/5426 江苏雷利(300660.SZ) [20150105 , 20250827 )的数据...
  获取到 1992 条数据，保存到 /data/data_liy/quant/raw/stock_daily/300660.SZ.csv
正在获取2105/5426 圣邦股份(300661.SZ) [20150105 , 20250827 )的数据...
  获取到 1990 条数据，保存到 /data/data_liy/quant/raw/stock_daily/300661.SZ.csv
正在获取2106/5426 科锐国际(300662.SZ) [20150105 , 20250827 )的数据...
  获取到 1950 条数据，保存到 /data/data_liy/quant/raw/stock_daily/300662.SZ.csv
正在获取2107/5426 科蓝软件(300663.SZ) [20150105 , 20250827 )的数据...
  获取到 1998 条数据，保存到 /data/data_liy/quant/raw/stock_daily/300663.SZ.csv
正在获取2108/5426 鹏鹞环保(300664.SZ) [20150105 , 20250827 )的数据...
  获取到 1853 条数据，保存到 /data/data_liy/quant/raw/stock_daily/300664.SZ.csv
正在获取2109/5426 飞鹿股份(300665.SZ) [20150105 , 20250827 )的数据...
  获取到 1983 条数据，保存到 /data/data_liy/quant/raw/stock_daily/300665.SZ.csv
正在获取2110/5426 江丰电子(300666.SZ) [20150105 , 20250827 )的数据...
  获取到 1977 条数据，保存到 /data/data_liy/quant/raw/stock_daily/300666.SZ.csv
正在获取2111/5426 必创科技(300667.SZ) [20150105 , 20250827 )的数据...
  获取到 1975 条数据，保存到 /data/data_liy/quant/raw/stock_daily/300667.SZ.csv
正在获取2112/5426 杰恩设计(300668.SZ) [20150105 , 20250827 )的数据...
  获取到 1991 条数据，保存到 /data/data_liy/quant/raw/stock_daily/300668.SZ.csv
正在获取2113/5426 沪宁股份(300669.SZ) [20150105 , 20250827 )的数据...
  获取到 1983 条数据，保存到 /data/data_liy/quant/raw/stock_daily/300669.SZ.csv
正在获取2114/5426 大烨智能(300670.SZ) [20150105 , 20250827 )的数据...
HTTPConnectionPool(host='api.waditu.com', port=80): Max retries exceeded with url: /dataapi/daily (Caused by NameResolutionError("<urllib3.connection.HTTPConnection object at 0x7f6a0459c490>: Failed to resolve 'api.waditu.com' ([Errno -2] Name or service not known)"))
HTTPConnectionPool(host='api.waditu.com', port=80): Max retries exceeded with url: /dataapi/daily (Caused by NameResolutionError("<urllib3.connection.HTTPConnection object at 0x7f6a0459eb00>: Failed to resolve 'api.waditu.com' ([Errno -2] Name or service not known)"))
  获取到 1885 条数据，保存到 /data/data_liy/quant/raw/stock_daily/300670.SZ.csv
正在获取2115/5426 富满微(300671.SZ) [20150105 , 20250827 )的数据...
  获取到 1979 条数据，保存到 /data/data_liy/quant/raw/stock_daily/300671.SZ.csv
正在获取2116/5426 国科微(300672.SZ) [20150105 , 20250827 )的数据...
  获取到 1951 条数据，保存到 /data/data_liy/quant/raw/stock_daily/300672.SZ.csv
正在获取2117/5426 佩蒂股份(300673.SZ) [20150105 , 20250827 )的数据...
  获取到 1975 条数据，保存到 /data/data_liy/quant/raw/stock_daily/300673.SZ.csv
正在获取2118/5426 宇信科技(300674.SZ) [20150105 , 20250827 )的数据...
  获取到 1651 条数据，保存到 /data/data_liy/quant/raw/stock_daily/300674.SZ.csv
正在获取2119/5426 建科院(300675.SZ) [20150105 , 20250827 )的数据...
  获取到 1969 条数据，保存到 /data/data_liy/quant/raw/stock_daily/300675.SZ.csv
正在获取2120/5426 华大基因(300676.SZ) [20150105 , 20250827 )的数据...
  获取到 1962 条数据，保存到 /data/data_liy/quant/raw/stock_daily/300676.SZ.csv
正在获取2121/5426 英科医疗(300677.SZ) [20150105 , 20250827 )的数据...
  获取到 1967 条数据，保存到 /data/data_liy/quant/raw/stock_daily/300677.SZ.csv
正在获取2122/5426 中科信息(300678.SZ) [20150105 , 20250827 )的数据...
  获取到 1937 条数据，保存到 /data/data_liy/quant/raw/stock_daily/300678.SZ.csv
正在获取2123/5426 电连技术(300679.SZ) [20150105 , 20250827 )的数据...
  获取到 1951 条数据，保存到 /data/data_liy/quant/raw/stock_daily/300679.SZ.csv
正在获取2124/5426 隆盛科技(300680.SZ) [20150105 , 20250827 )的数据...
  获取到 1881 条数据，保存到 /data/data_liy/quant/raw/stock_daily/300680.SZ.csv
正在获取2125/5426 英搏尔(300681.SZ) [20150105 , 20250827 )的数据...
  获取到 1965 条数据，保存到 /data/data_liy/quant/raw/stock_daily/300681.SZ.csv
正在获取2126/5426 朗新集团(300682.SZ) [20150105 , 20250827 )的数据...
  获取到 1909 条数据，保存到 /data/data_liy/quant/raw/stock_daily/300682.SZ.csv
正在获取2127/5426 海特生物(300683.SZ) [20150105 , 20250827 )的数据...
  获取到 1897 条数据，保存到 /data/data_liy/quant/raw/stock_daily/300683.SZ.csv
正在获取2128/5426 中石科技(300684.SZ) [20150105 , 20250827 )的数据...
  获取到 1859 条数据，保存到 /data/data_liy/quant/raw/stock_daily/300684.SZ.csv
正在获取2129/5426 艾德生物(300685.SZ) [20150105 , 20250827 )的数据...
  获取到 1959 条数据，保存到 /data/data_liy/quant/raw/stock_daily/300685.SZ.csv
正在获取2130/5426 智动力(300686.SZ) [20150105 , 20250827 )的数据...
  获取到 1957 条数据，保存到 /data/data_liy/quant/raw/stock_daily/300686.SZ.csv
正在获取2131/5426 赛意信息(300687.SZ) [20150105 , 20250827 )的数据...
  获取到 1948 条数据，保存到 /data/data_liy/quant/raw/stock_daily/300687.SZ.csv
正在获取2132/5426 创业黑马(300688.SZ) [20150105 , 20250827 )的数据...
  获取到 1932 条数据，保存到 /data/data_liy/quant/raw/stock_daily/300688.SZ.csv
正在获取2133/5426 澄天伟业(300689.SZ) [20150105 , 20250827 )的数据...
  获取到 1954 条数据，保存到 /data/data_liy/quant/raw/stock_daily/300689.SZ.csv
正在获取2134/5426 双一科技(300690.SZ) [20150105 , 20250827 )的数据...
  获取到 1955 条数据，保存到 /data/data_liy/quant/raw/stock_daily/300690.SZ.csv
正在获取2135/5426 联合光电(300691.SZ) [20150105 , 20250827 )的数据...
  获取到 1942 条数据，保存到 /data/data_liy/quant/raw/stock_daily/300691.SZ.csv
正在获取2136/5426 中环环保(300692.SZ) [20150105 , 20250827 )的数据...
  获取到 1941 条数据，保存到 /data/data_liy/quant/raw/stock_daily/300692.SZ.csv
正在获取2137/5426 盛弘股份(300693.SZ) [20150105 , 20250827 )的数据...
  获取到 1940 条数据，保存到 /data/data_liy/quant/raw/stock_daily/300693.SZ.csv
正在获取2138/5426 蠡湖股份(300694.SZ) [20150105 , 20250827 )的数据...
  获取到 1668 条数据，保存到 /data/data_liy/quant/raw/stock_daily/300694.SZ.csv
正在获取2139/5426 兆丰股份(300695.SZ) [20150105 , 20250827 )的数据...
  获取到 1932 条数据，保存到 /data/data_liy/quant/raw/stock_daily/300695.SZ.csv
正在获取2140/5426 爱乐达(300696.SZ) [20150105 , 20250827 )的数据...
  获取到 1945 条数据，保存到 /data/data_liy/quant/raw/stock_daily/300696.SZ.csv
正在获取2141/5426 电工合金(300697.SZ) [20150105 , 20250827 )的数据...
  获取到 1929 条数据，保存到 /data/data_liy/quant/raw/stock_daily/300697.SZ.csv
正在获取2142/5426 万马科技(300698.SZ) [20150105 , 20250827 )的数据...
  获取到 1938 条数据，保存到 /data/data_liy/quant/raw/stock_daily/300698.SZ.csv
正在获取2143/5426 光威复材(300699.SZ) [20150105 , 20250827 )的数据...
  获取到 1937 条数据，保存到 /data/data_liy/quant/raw/stock_daily/300699.SZ.csv
正在获取2144/5426 岱勒新材(300700.SZ) [20150105 , 20250827 )的数据...
  获取到 1920 条数据，保存到 /data/data_liy/quant/raw/stock_daily/300700.SZ.csv
正在获取2145/5426 森霸传感(300701.SZ) [20150105 , 20250827 )的数据...
  获取到 1927 条数据，保存到 /data/data_liy/quant/raw/stock_daily/300701.SZ.csv
正在获取2146/5426 天宇股份(300702.SZ) [20150105 , 20250827 )的数据...
  获取到 1925 条数据，保存到 /data/data_liy/quant/raw/stock_daily/300702.SZ.csv
正在获取2147/5426 创源股份(300703.SZ) [20150105 , 20250827 )的数据...
  获取到 1921 条数据，保存到 /data/data_liy/quant/raw/stock_daily/300703.SZ.csv
正在获取2148/5426 九典制药(300705.SZ) [20150105 , 20250827 )的数据...
  获取到 1915 条数据，保存到 /data/data_liy/quant/raw/stock_daily/300705.SZ.csv
正在获取2149/5426 阿石创(300706.SZ) [20150105 , 20250827 )的数据...
  获取到 1920 条数据，保存到 /data/data_liy/quant/raw/stock_daily/300706.SZ.csv
正在获取2150/5426 威唐工业(300707.SZ) [20150105 , 20250827 )的数据...
  获取到 1915 条数据，保存到 /data/data_liy/quant/raw/stock_daily/300707.SZ.csv
正在获取2151/5426 聚灿光电(300708.SZ) [20150105 , 20250827 )的数据...
  获取到 1911 条数据，保存到 /data/data_liy/quant/raw/stock_daily/300708.SZ.csv
正在获取2152/5426 精研科技(300709.SZ) [20150105 , 20250827 )的数据...
  获取到 1908 条数据，保存到 /data/data_liy/quant/raw/stock_daily/300709.SZ.csv
正在获取2153/5426 万隆光电(300710.SZ) [20150105 , 20250827 )的数据...
  获取到 1903 条数据，保存到 /data/data_liy/quant/raw/stock_daily/300710.SZ.csv
正在获取2154/5426 广哈通信(300711.SZ) [20150105 , 20250827 )的数据...
  获取到 1899 条数据，保存到 /data/data_liy/quant/raw/stock_daily/300711.SZ.csv
正在获取2155/5426 永福股份(300712.SZ) [20150105 , 20250827 )的数据...
  获取到 1900 条数据，保存到 /data/data_liy/quant/raw/stock_daily/300712.SZ.csv
正在获取2156/5426 英可瑞(300713.SZ) [20150105 , 20250827 )的数据...
  获取到 1899 条数据，保存到 /data/data_liy/quant/raw/stock_daily/300713.SZ.csv
正在获取2157/5426 凯伦股份(300715.SZ) [20150105 , 20250827 )的数据...
HTTPConnectionPool(host='api.waditu.com', port=80): Max retries exceeded with url: /dataapi/adj_factor (Caused by NameResolutionError("<urllib3.connection.HTTPConnection object at 0x7f6a0459e710>: Failed to resolve 'api.waditu.com' ([Errno -2] Name or service not known)"))
  获取到 1897 条数据，保存到 /data/data_liy/quant/raw/stock_daily/300715.SZ.csv
正在获取2158/5426 ST泉为(300716.SZ) [20150105 , 20250827 )的数据...
  获取到 1887 条数据，保存到 /data/data_liy/quant/raw/stock_daily/300716.SZ.csv
正在获取2159/5426 华信新材(300717.SZ) [20150105 , 20250827 )的数据...
  获取到 1888 条数据，保存到 /data/data_liy/quant/raw/stock_daily/300717.SZ.csv
正在获取2160/5426 长盛轴承(300718.SZ) [20150105 , 20250827 )的数据...
  获取到 1896 条数据，保存到 /data/data_liy/quant/raw/stock_daily/300718.SZ.csv
正在获取2161/5426 安达维尔(300719.SZ) [20150105 , 20250827 )的数据...
  获取到 1893 条数据，保存到 /data/data_liy/quant/raw/stock_daily/300719.SZ.csv
正在获取2162/5426 海川智能(300720.SZ) [20150105 , 20250827 )的数据...
  获取到 1886 条数据，保存到 /data/data_liy/quant/raw/stock_daily/300720.SZ.csv
正在获取2163/5426 怡达股份(300721.SZ) [20150105 , 20250827 )的数据...
  获取到 1889 条数据，保存到 /data/data_liy/quant/raw/stock_daily/300721.SZ.csv
正在获取2164/5426 新余国科(300722.SZ) [20150105 , 20250827 )的数据...
HTTPConnectionPool(host='api.waditu.com', port=80): Max retries exceeded with url: /dataapi/daily (Caused by NameResolutionError("<urllib3.connection.HTTPConnection object at 0x7f6a0459f6a0>: Failed to resolve 'api.waditu.com' ([Errno -2] Name or service not known)"))
  获取到 1890 条数据，保存到 /data/data_liy/quant/raw/stock_daily/300722.SZ.csv
正在获取2165/5426 一品红(300723.SZ) [20150105 , 20250827 )的数据...
  获取到 1888 条数据，保存到 /data/data_liy/quant/raw/stock_daily/300723.SZ.csv
正在获取2166/5426 捷佳伟创(300724.SZ) [20150105 , 20250827 )的数据...
  获取到 1708 条数据，保存到 /data/data_liy/quant/raw/stock_daily/300724.SZ.csv
正在获取2167/5426 药石科技(300725.SZ) [20150105 , 20250827 )的数据...
  获取到 1887 条数据，保存到 /data/data_liy/quant/raw/stock_daily/300725.SZ.csv
正在获取2168/5426 宏达电子(300726.SZ) [20150105 , 20250827 )的数据...
  获取到 1885 条数据，保存到 /data/data_liy/quant/raw/stock_daily/300726.SZ.csv
正在获取2169/5426 润禾材料(300727.SZ) [20150105 , 20250827 )的数据...
  获取到 1881 条数据，保存到 /data/data_liy/quant/raw/stock_daily/300727.SZ.csv
正在获取2170/5426 乐歌股份(300729.SZ) [20150105 , 20250827 )的数据...
  获取到 1877 条数据，保存到 /data/data_liy/quant/raw/stock_daily/300729.SZ.csv
正在获取2171/5426 科创信息(300730.SZ) [20150105 , 20250827 )的数据...
  获取到 1870 条数据，保存到 /data/data_liy/quant/raw/stock_daily/300730.SZ.csv
正在获取2172/5426 科创新源(300731.SZ) [20150105 , 20250827 )的数据...
  获取到 1857 条数据，保存到 /data/data_liy/quant/raw/stock_daily/300731.SZ.csv
正在获取2173/5426 设研院(300732.SZ) [20150105 , 20250827 )的数据...
  获取到 1826 条数据，保存到 /data/data_liy/quant/raw/stock_daily/300732.SZ.csv
正在获取2174/5426 西菱动力(300733.SZ) [20150105 , 20250827 )的数据...
  获取到 1846 条数据，保存到 /data/data_liy/quant/raw/stock_daily/300733.SZ.csv
正在获取2175/5426 光弘科技(300735.SZ) [20150105 , 20250827 )的数据...
  获取到 1857 条数据，保存到 /data/data_liy/quant/raw/stock_daily/300735.SZ.csv
正在获取2176/5426 百邦科技(300736.SZ) [20150105 , 20250827 )的数据...
  获取到 1851 条数据，保存到 /data/data_liy/quant/raw/stock_daily/300736.SZ.csv
正在获取2177/5426 科顺股份(300737.SZ) [20150105 , 20250827 )的数据...
  获取到 1829 条数据，保存到 /data/data_liy/quant/raw/stock_daily/300737.SZ.csv
正在获取2178/5426 奥飞数据(300738.SZ) [20150105 , 20250827 )的数据...
  获取到 1843 条数据，保存到 /data/data_liy/quant/raw/stock_daily/300738.SZ.csv
正在获取2179/5426 明阳电路(300739.SZ) [20150105 , 20250827 )的数据...
  获取到 1834 条数据，保存到 /data/data_liy/quant/raw/stock_daily/300739.SZ.csv
正在获取2180/5426 水羊股份(300740.SZ) [20150105 , 20250827 )的数据...
  获取到 1729 条数据，保存到 /data/data_liy/quant/raw/stock_daily/300740.SZ.csv
正在获取2181/5426 华宝股份(300741.SZ) [20150105 , 20250827 )的数据...
  获取到 1819 条数据，保存到 /data/data_liy/quant/raw/stock_daily/300741.SZ.csv
正在获取2182/5426 天地数码(300743.SZ) [20150105 , 20250827 )的数据...
  获取到 1780 条数据，保存到 /data/data_liy/quant/raw/stock_daily/300743.SZ.csv
正在获取2183/5426 欣锐科技(300745.SZ) [20150105 , 20250827 )的数据...
  获取到 1764 条数据，保存到 /data/data_liy/quant/raw/stock_daily/300745.SZ.csv
正在获取2184/5426 汉嘉设计(300746.SZ) [20150105 , 20250827 )的数据...
  获取到 1744 条数据，保存到 /data/data_liy/quant/raw/stock_daily/300746.SZ.csv
正在获取2185/5426 锐科激光(300747.SZ) [20150105 , 20250827 )的数据...
  获取到 1742 条数据，保存到 /data/data_liy/quant/raw/stock_daily/300747.SZ.csv
正在获取2186/5426 金力永磁(300748.SZ) [20150105 , 20250827 )的数据...
  获取到 1678 条数据，保存到 /data/data_liy/quant/raw/stock_daily/300748.SZ.csv
正在获取2187/5426 顶固集创(300749.SZ) [20150105 , 20250827 )的数据...
  获取到 1662 条数据，保存到 /data/data_liy/quant/raw/stock_daily/300749.SZ.csv
正在获取2188/5426 宁德时代(300750.SZ) [20150105 , 20250827 )的数据...
  获取到 1751 条数据，保存到 /data/data_liy/quant/raw/stock_daily/300750.SZ.csv
正在获取2189/5426 迈为股份(300751.SZ) [20150105 , 20250827 )的数据...
  获取到 1649 条数据，保存到 /data/data_liy/quant/raw/stock_daily/300751.SZ.csv
正在获取2190/5426 隆利科技(300752.SZ) [20150105 , 20250827 )的数据...
  获取到 1634 条数据，保存到 /data/data_liy/quant/raw/stock_daily/300752.SZ.csv
正在获取2191/5426 爱朋医疗(300753.SZ) [20150105 , 20250827 )的数据...
  获取到 1625 条数据，保存到 /data/data_liy/quant/raw/stock_daily/300753.SZ.csv
正在获取2192/5426 华致酒行(300755.SZ) [20150105 , 20250827 )的数据...
  获取到 1594 条数据，保存到 /data/data_liy/quant/raw/stock_daily/300755.SZ.csv
正在获取2193/5426 金马游乐(300756.SZ) [20150105 , 20250827 )的数据...
  获取到 1614 条数据，保存到 /data/data_liy/quant/raw/stock_daily/300756.SZ.csv
正在获取2194/5426 罗博特科(300757.SZ) [20150105 , 20250827 )的数据...
  获取到 1589 条数据，保存到 /data/data_liy/quant/raw/stock_daily/300757.SZ.csv
正在获取2195/5426 七彩化学(300758.SZ) [20150105 , 20250827 )的数据...
  获取到 1581 条数据，保存到 /data/data_liy/quant/raw/stock_daily/300758.SZ.csv
正在获取2196/5426 康龙化成(300759.SZ) [20150105 , 20250827 )的数据...
  获取到 1595 条数据，保存到 /data/data_liy/quant/raw/stock_daily/300759.SZ.csv
正在获取2197/5426 迈瑞医疗(300760.SZ) [20150105 , 20250827 )的数据...
  获取到 1667 条数据，保存到 /data/data_liy/quant/raw/stock_daily/300760.SZ.csv
正在获取2198/5426 立华股份(300761.SZ) [20150105 , 20250827 )的数据...
  获取到 1585 条数据，保存到 /data/data_liy/quant/raw/stock_daily/300761.SZ.csv
正在获取2199/5426 上海瀚讯(300762.SZ) [20150105 , 20250827 )的数据...
  获取到 1567 条数据，保存到 /data/data_liy/quant/raw/stock_daily/300762.SZ.csv
正在获取2200/5426 锦浪科技(300763.SZ) [20150105 , 20250827 )的数据...
  获取到 1564 条数据，保存到 /data/data_liy/quant/raw/stock_daily/300763.SZ.csv
正在获取2201/5426 新诺威(300765.SZ) [20150105 , 20250827 )的数据...
  获取到 1541 条数据，保存到 /data/data_liy/quant/raw/stock_daily/300765.SZ.csv
正在获取2202/5426 每日互动(300766.SZ) [20150105 , 20250827 )的数据...
  获取到 1560 条数据，保存到 /data/data_liy/quant/raw/stock_daily/300766.SZ.csv
正在获取2203/5426 震安科技(300767.SZ) [20150105 , 20250827 )的数据...
  获取到 1556 条数据，保存到 /data/data_liy/quant/raw/stock_daily/300767.SZ.csv
正在获取2204/5426 迪普科技(300768.SZ) [20150105 , 20250827 )的数据...
  获取到 1547 条数据，保存到 /data/data_liy/quant/raw/stock_daily/300768.SZ.csv
正在获取2205/5426 德方纳米(300769.SZ) [20150105 , 20250827 )的数据...
  获取到 1546 条数据，保存到 /data/data_liy/quant/raw/stock_daily/300769.SZ.csv
正在获取2206/5426 新媒股份(300770.SZ) [20150105 , 20250827 )的数据...
  获取到 1542 条数据，保存到 /data/data_liy/quant/raw/stock_daily/300770.SZ.csv
正在获取2207/5426 智莱科技(300771.SZ) [20150105 , 20250827 )的数据...
  获取到 1541 条数据，保存到 /data/data_liy/quant/raw/stock_daily/300771.SZ.csv
正在获取2208/5426 运达股份(300772.SZ) [20150105 , 20250827 )的数据...
  获取到 1531 条数据，保存到 /data/data_liy/quant/raw/stock_daily/300772.SZ.csv
正在获取2209/5426 拉卡拉(300773.SZ) [20150105 , 20250827 )的数据...
  获取到 1538 条数据，保存到 /data/data_liy/quant/raw/stock_daily/300773.SZ.csv
正在获取2210/5426 倍杰特(300774.SZ) [20150105 , 20250827 )的数据...
  获取到 984 条数据，保存到 /data/data_liy/quant/raw/stock_daily/300774.SZ.csv
正在获取2211/5426 三角防务(300775.SZ) [20150105 , 20250827 )的数据...
  获取到 1523 条数据，保存到 /data/data_liy/quant/raw/stock_daily/300775.SZ.csv
正在获取2212/5426 帝尔激光(300776.SZ) [20150105 , 20250827 )的数据...
  获取到 1525 条数据，保存到 /data/data_liy/quant/raw/stock_daily/300776.SZ.csv
正在获取2213/5426 中简科技(300777.SZ) [20150105 , 20250827 )的数据...
  获取到 1526 条数据，保存到 /data/data_liy/quant/raw/stock_daily/300777.SZ.csv
正在获取2214/5426 新城市(300778.SZ) [20150105 , 20250827 )的数据...
  获取到 1530 条数据，保存到 /data/data_liy/quant/raw/stock_daily/300778.SZ.csv
正在获取2215/5426 惠城环保(300779.SZ) [20150105 , 20250827 )的数据...
  获取到 1522 条数据，保存到 /data/data_liy/quant/raw/stock_daily/300779.SZ.csv
正在获取2216/5426 德恩精工(300780.SZ) [20150105 , 20250827 )的数据...
  获取到 1515 条数据，保存到 /data/data_liy/quant/raw/stock_daily/300780.SZ.csv
正在获取2217/5426 因赛集团(300781.SZ) [20150105 , 20250827 )的数据...
  获取到 1507 条数据，保存到 /data/data_liy/quant/raw/stock_daily/300781.SZ.csv
正在获取2218/5426 卓胜微(300782.SZ) [20150105 , 20250827 )的数据...
  获取到 1504 条数据，保存到 /data/data_liy/quant/raw/stock_daily/300782.SZ.csv
正在获取2219/5426 三只松鼠(300783.SZ) [20150105 , 20250827 )的数据...
  获取到 1486 条数据，保存到 /data/data_liy/quant/raw/stock_daily/300783.SZ.csv
正在获取2220/5426 利安科技(300784.SZ) [20150105 , 20250827 )的数据...
  获取到 297 条数据，保存到 /data/data_liy/quant/raw/stock_daily/300784.SZ.csv
正在获取2221/5426 值得买(300785.SZ) [20150105 , 20250827 )的数据...
  获取到 1485 条数据，保存到 /data/data_liy/quant/raw/stock_daily/300785.SZ.csv
正在获取2222/5426 国林科技(300786.SZ) [20150105 , 20250827 )的数据...
  获取到 1479 条数据，保存到 /data/data_liy/quant/raw/stock_daily/300786.SZ.csv
正在获取2223/5426 海能实业(300787.SZ) [20150105 , 20250827 )的数据...
  获取到 1462 条数据，保存到 /data/data_liy/quant/raw/stock_daily/300787.SZ.csv
正在获取2224/5426 中信出版(300788.SZ) [20150105 , 20250827 )的数据...
  获取到 1491 条数据，保存到 /data/data_liy/quant/raw/stock_daily/300788.SZ.csv
正在获取2225/5426 唐源电气(300789.SZ) [20150105 , 20250827 )的数据...
  获取到 1453 条数据，保存到 /data/data_liy/quant/raw/stock_daily/300789.SZ.csv
正在获取2226/5426 宇瞳光学(300790.SZ) [20150105 , 20250827 )的数据...
  获取到 1437 条数据，保存到 /data/data_liy/quant/raw/stock_daily/300790.SZ.csv
正在获取2227/5426 仙乐健康(300791.SZ) [20150105 , 20250827 )的数据...
  获取到 1434 条数据，保存到 /data/data_liy/quant/raw/stock_daily/300791.SZ.csv
正在获取2228/5426 壹网壹创(300792.SZ) [20150105 , 20250827 )的数据...
  获取到 1432 条数据，保存到 /data/data_liy/quant/raw/stock_daily/300792.SZ.csv
正在获取2229/5426 佳禾智能(300793.SZ) [20150105 , 20250827 )的数据...
HTTPConnectionPool(host='api.waditu.com', port=80): Max retries exceeded with url: /dataapi/daily (Caused by NameResolutionError("<urllib3.connection.HTTPConnection object at 0x7f6a0461cbb0>: Failed to resolve 'api.waditu.com' ([Errno -2] Name or service not known)"))
  获取到 1422 条数据，保存到 /data/data_liy/quant/raw/stock_daily/300793.SZ.csv
正在获取2230/5426 米奥会展(300795.SZ) [20150105 , 20250827 )的数据...
  获取到 1418 条数据，保存到 /data/data_liy/quant/raw/stock_daily/300795.SZ.csv
正在获取2231/5426 贝斯美(300796.SZ) [20150105 , 20250827 )的数据...
  获取到 1402 条数据，保存到 /data/data_liy/quant/raw/stock_daily/300796.SZ.csv
正在获取2232/5426 钢研纳克(300797.SZ) [20150105 , 20250827 )的数据...
  获取到 1412 条数据，保存到 /data/data_liy/quant/raw/stock_daily/300797.SZ.csv
正在获取2233/5426 锦鸡股份(300798.SZ) [20150105 , 20250827 )的数据...
  获取到 1397 条数据，保存到 /data/data_liy/quant/raw/stock_daily/300798.SZ.csv
正在获取2234/5426 力合科技(300800.SZ) [20150105 , 20250827 )的数据...
  获取到 1409 条数据，保存到 /data/data_liy/quant/raw/stock_daily/300800.SZ.csv
正在获取2235/5426 泰和科技(300801.SZ) [20150105 , 20250827 )的数据...
  获取到 1393 条数据，保存到 /data/data_liy/quant/raw/stock_daily/300801.SZ.csv
正在获取2236/5426 矩子科技(300802.SZ) [20150105 , 20250827 )的数据...
  获取到 1402 条数据，保存到 /data/data_liy/quant/raw/stock_daily/300802.SZ.csv
正在获取2237/5426 指南针(300803.SZ) [20150105 , 20250827 )的数据...
  获取到 1401 条数据，保存到 /data/data_liy/quant/raw/stock_daily/300803.SZ.csv
正在获取2238/5426 广康生化(300804.SZ) [20150105 , 20250827 )的数据...
  获取到 527 条数据，保存到 /data/data_liy/quant/raw/stock_daily/300804.SZ.csv
正在获取2239/5426 电声股份(300805.SZ) [20150105 , 20250827 )的数据...
  获取到 1398 条数据，保存到 /data/data_liy/quant/raw/stock_daily/300805.SZ.csv
正在获取2240/5426 斯迪克(300806.SZ) [20150105 , 20250827 )的数据...
  获取到 1396 条数据，保存到 /data/data_liy/quant/raw/stock_daily/300806.SZ.csv
正在获取2241/5426 天迈科技(300807.SZ) [20150105 , 20250827 )的数据...
  获取到 1373 条数据，保存到 /data/data_liy/quant/raw/stock_daily/300807.SZ.csv
正在获取2242/5426 久量股份(300808.SZ) [20150105 , 20250827 )的数据...
  获取到 1392 条数据，保存到 /data/data_liy/quant/raw/stock_daily/300808.SZ.csv
正在获取2243/5426 华辰装备(300809.SZ) [20150105 , 20250827 )的数据...
  获取到 1384 条数据，保存到 /data/data_liy/quant/raw/stock_daily/300809.SZ.csv
正在获取2244/5426 中科海讯(300810.SZ) [20150105 , 20250827 )的数据...
  获取到 1387 条数据，保存到 /data/data_liy/quant/raw/stock_daily/300810.SZ.csv
正在获取2245/5426 铂科新材(300811.SZ) [20150105 , 20250827 )的数据...
  获取到 1371 条数据，保存到 /data/data_liy/quant/raw/stock_daily/300811.SZ.csv
正在获取2246/5426 易天股份(300812.SZ) [20150105 , 20250827 )的数据...
  获取到 1364 条数据，保存到 /data/data_liy/quant/raw/stock_daily/300812.SZ.csv
正在获取2247/5426 泰林生物(300813.SZ) [20150105 , 20250827 )的数据...
  获取到 1361 条数据，保存到 /data/data_liy/quant/raw/stock_daily/300813.SZ.csv
正在获取2248/5426 中富电路(300814.SZ) [20150105 , 20250827 )的数据...
  获取到 978 条数据，保存到 /data/data_liy/quant/raw/stock_daily/300814.SZ.csv
正在获取2249/5426 玉禾田(300815.SZ) [20150105 , 20250827 )的数据...
  获取到 1354 条数据，保存到 /data/data_liy/quant/raw/stock_daily/300815.SZ.csv
正在获取2250/5426 艾可蓝(300816.SZ) [20150105 , 20250827 )的数据...
  获取到 1348 条数据，保存到 /data/data_liy/quant/raw/stock_daily/300816.SZ.csv
正在获取2251/5426 双飞集团(300817.SZ) [20150105 , 20250827 )的数据...
  获取到 1342 条数据，保存到 /data/data_liy/quant/raw/stock_daily/300817.SZ.csv
正在获取2252/5426 耐普矿机(300818.SZ) [20150105 , 20250827 )的数据...
  获取到 1346 条数据，保存到 /data/data_liy/quant/raw/stock_daily/300818.SZ.csv
正在获取2253/5426 聚杰微纤(300819.SZ) [20150105 , 20250827 )的数据...
  获取到 1325 条数据，保存到 /data/data_liy/quant/raw/stock_daily/300819.SZ.csv
正在获取2254/5426 英杰电气(300820.SZ) [20150105 , 20250827 )的数据...
  获取到 1345 条数据，保存到 /data/data_liy/quant/raw/stock_daily/300820.SZ.csv
正在获取2255/5426 东岳硅材(300821.SZ) [20150105 , 20250827 )的数据...
  获取到 1325 条数据，保存到 /data/data_liy/quant/raw/stock_daily/300821.SZ.csv
正在获取2256/5426 贝仕达克(300822.SZ) [20150105 , 20250827 )的数据...
  获取到 1324 条数据，保存到 /data/data_liy/quant/raw/stock_daily/300822.SZ.csv
正在获取2257/5426 建科智能(300823.SZ) [20150105 , 20250827 )的数据...
  获取到 1320 条数据，保存到 /data/data_liy/quant/raw/stock_daily/300823.SZ.csv
正在获取2258/5426 北鼎股份(300824.SZ) [20150105 , 20250827 )的数据...
  获取到 1258 条数据，保存到 /data/data_liy/quant/raw/stock_daily/300824.SZ.csv
正在获取2259/5426 阿尔特(300825.SZ) [20150105 , 20250827 )的数据...
  获取到 1314 条数据，保存到 /data/data_liy/quant/raw/stock_daily/300825.SZ.csv
正在获取2260/5426 测绘股份(300826.SZ) [20150105 , 20250827 )的数据...
  获取到 1309 条数据，保存到 /data/data_liy/quant/raw/stock_daily/300826.SZ.csv
正在获取2261/5426 上能电气(300827.SZ) [20150105 , 20250827 )的数据...
  获取到 1290 条数据，保存到 /data/data_liy/quant/raw/stock_daily/300827.SZ.csv
正在获取2262/5426 锐新科技(300828.SZ) [20150105 , 20250827 )的数据...
  获取到 1298 条数据，保存到 /data/data_liy/quant/raw/stock_daily/300828.SZ.csv
正在获取2263/5426 金丹科技(300829.SZ) [20150105 , 20250827 )的数据...
  获取到 1297 条数据，保存到 /data/data_liy/quant/raw/stock_daily/300829.SZ.csv
正在获取2264/5426 金现代(300830.SZ) [20150105 , 20250827 )的数据...
  获取到 1290 条数据，保存到 /data/data_liy/quant/raw/stock_daily/300830.SZ.csv
正在获取2265/5426 派瑞股份(300831.SZ) [20150105 , 20250827 )的数据...
  获取到 1289 条数据，保存到 /data/data_liy/quant/raw/stock_daily/300831.SZ.csv
正在获取2266/5426 新产业(300832.SZ) [20150105 , 20250827 )的数据...
  获取到 1286 条数据，保存到 /data/data_liy/quant/raw/stock_daily/300832.SZ.csv
正在获取2267/5426 浩洋股份(300833.SZ) [20150105 , 20250827 )的数据...
  获取到 1280 条数据，保存到 /data/data_liy/quant/raw/stock_daily/300833.SZ.csv
正在获取2268/5426 星辉环材(300834.SZ) [20150105 , 20250827 )的数据...
  获取到 876 条数据，保存到 /data/data_liy/quant/raw/stock_daily/300834.SZ.csv
正在获取2269/5426 龙磁科技(300835.SZ) [20150105 , 20250827 )的数据...
  获取到 1277 条数据，保存到 /data/data_liy/quant/raw/stock_daily/300835.SZ.csv
正在获取2270/5426 佰奥智能(300836.SZ) [20150105 , 20250827 )的数据...
  获取到 1274 条数据，保存到 /data/data_liy/quant/raw/stock_daily/300836.SZ.csv
正在获取2271/5426 浙矿股份(300837.SZ) [20150105 , 20250827 )的数据...
  获取到 1268 条数据，保存到 /data/data_liy/quant/raw/stock_daily/300837.SZ.csv
正在获取2272/5426 浙江力诺(300838.SZ) [20150105 , 20250827 )的数据...
  获取到 1267 条数据，保存到 /data/data_liy/quant/raw/stock_daily/300838.SZ.csv
正在获取2273/5426 博汇股份(300839.SZ) [20150105 , 20250827 )的数据...
  获取到 1248 条数据，保存到 /data/data_liy/quant/raw/stock_daily/300839.SZ.csv
正在获取2274/5426 酷特智能(300840.SZ) [20150105 , 20250827 )的数据...
  获取到 1247 条数据，保存到 /data/data_liy/quant/raw/stock_daily/300840.SZ.csv
正在获取2275/5426 康华生物(300841.SZ) [20150105 , 20250827 )的数据...
  获取到 1256 条数据，保存到 /data/data_liy/quant/raw/stock_daily/300841.SZ.csv
正在获取2276/5426 帝科股份(300842.SZ) [20150105 , 20250827 )的数据...
  获取到 1249 条数据，保存到 /data/data_liy/quant/raw/stock_daily/300842.SZ.csv
正在获取2277/5426 胜蓝股份(300843.SZ) [20150105 , 20250827 )的数据...
  获取到 1251 条数据，保存到 /data/data_liy/quant/raw/stock_daily/300843.SZ.csv
正在获取2278/5426 山水比德(300844.SZ) [20150105 , 20250827 )的数据...
  获取到 977 条数据，保存到 /data/data_liy/quant/raw/stock_daily/300844.SZ.csv
正在获取2279/5426 捷安高科(300845.SZ) [20150105 , 20250827 )的数据...
  获取到 1250 条数据，保存到 /data/data_liy/quant/raw/stock_daily/300845.SZ.csv
正在获取2280/5426 首都在线(300846.SZ) [20150105 , 20250827 )的数据...
  获取到 1252 条数据，保存到 /data/data_liy/quant/raw/stock_daily/300846.SZ.csv
正在获取2281/5426 中船汉光(300847.SZ) [20150105 , 20250827 )的数据...
  获取到 1246 条数据，保存到 /data/data_liy/quant/raw/stock_daily/300847.SZ.csv
正在获取2282/5426 美瑞新材(300848.SZ) [20150105 , 20250827 )的数据...
  获取到 1239 条数据，保存到 /data/data_liy/quant/raw/stock_daily/300848.SZ.csv
正在获取2283/5426 锦盛新材(300849.SZ) [20150105 , 20250827 )的数据...
  获取到 1245 条数据，保存到 /data/data_liy/quant/raw/stock_daily/300849.SZ.csv
正在获取2284/5426 新强联(300850.SZ) [20150105 , 20250827 )的数据...
  获取到 1238 条数据，保存到 /data/data_liy/quant/raw/stock_daily/300850.SZ.csv
正在获取2285/5426 交大思诺(300851.SZ) [20150105 , 20250827 )的数据...
  获取到 1240 条数据，保存到 /data/data_liy/quant/raw/stock_daily/300851.SZ.csv
正在获取2286/5426 四会富仕(300852.SZ) [20150105 , 20250827 )的数据...
  获取到 1244 条数据，保存到 /data/data_liy/quant/raw/stock_daily/300852.SZ.csv
正在获取2287/5426 申昊科技(300853.SZ) [20150105 , 20250827 )的数据...
  获取到 1235 条数据，保存到 /data/data_liy/quant/raw/stock_daily/300853.SZ.csv
正在获取2288/5426 中兰环保(300854.SZ) [20150105 , 20250827 )的数据...
  获取到 953 条数据，保存到 /data/data_liy/quant/raw/stock_daily/300854.SZ.csv
正在获取2289/5426 图南股份(300855.SZ) [20150105 , 20250827 )的数据...
  获取到 1236 条数据，保存到 /data/data_liy/quant/raw/stock_daily/300855.SZ.csv
正在获取2290/5426 科思股份(300856.SZ) [20150105 , 20250827 )的数据...
  获取到 1237 条数据，保存到 /data/data_liy/quant/raw/stock_daily/300856.SZ.csv
正在获取2291/5426 协创数据(300857.SZ) [20150105 , 20250827 )的数据...
  获取到 1234 条数据，保存到 /data/data_liy/quant/raw/stock_daily/300857.SZ.csv
正在获取2292/5426 科拓生物(300858.SZ) [20150105 , 20250827 )的数据...
  获取到 1234 条数据，保存到 /data/data_liy/quant/raw/stock_daily/300858.SZ.csv
正在获取2293/5426 西域旅游(300859.SZ) [20150105 , 20250827 )的数据...
  获取到 1222 条数据，保存到 /data/data_liy/quant/raw/stock_daily/300859.SZ.csv
正在获取2294/5426 锋尚文化(300860.SZ) [20150105 , 20250827 )的数据...
  获取到 1214 条数据，保存到 /data/data_liy/quant/raw/stock_daily/300860.SZ.csv
正在获取2295/5426 美畅股份(300861.SZ) [20150105 , 20250827 )的数据...
  获取到 1214 条数据，保存到 /data/data_liy/quant/raw/stock_daily/300861.SZ.csv
正在获取2296/5426 蓝盾光电(300862.SZ) [20150105 , 20250827 )的数据...
HTTPConnectionPool(host='api.waditu.com', port=80): Max retries exceeded with url: /dataapi/daily (Caused by NameResolutionError("<urllib3.connection.HTTPConnection object at 0x7f6a0461c370>: Failed to resolve 'api.waditu.com' ([Errno -2] Name or service not known)"))
  获取到 1214 条数据，保存到 /data/data_liy/quant/raw/stock_daily/300862.SZ.csv
正在获取2297/5426 卡倍亿(300863.SZ) [20150105 , 20250827 )的数据...
  获取到 1214 条数据，保存到 /data/data_liy/quant/raw/stock_daily/300863.SZ.csv
正在获取2298/5426 南大环境(300864.SZ) [20150105 , 20250827 )的数据...
  获取到 1214 条数据，保存到 /data/data_liy/quant/raw/stock_daily/300864.SZ.csv
正在获取2299/5426 大宏立(300865.SZ) [20150105 , 20250827 )的数据...
  获取到 1214 条数据，保存到 /data/data_liy/quant/raw/stock_daily/300865.SZ.csv
正在获取2300/5426 安克创新(300866.SZ) [20150105 , 20250827 )的数据...
  获取到 1214 条数据，保存到 /data/data_liy/quant/raw/stock_daily/300866.SZ.csv
正在获取2301/5426 圣元环保(300867.SZ) [20150105 , 20250827 )的数据...
  获取到 1214 条数据，保存到 /data/data_liy/quant/raw/stock_daily/300867.SZ.csv
正在获取2302/5426 杰美特(300868.SZ) [20150105 , 20250827 )的数据...
  获取到 1214 条数据，保存到 /data/data_liy/quant/raw/stock_daily/300868.SZ.csv
正在获取2303/5426 康泰医学(300869.SZ) [20150105 , 20250827 )的数据...
  获取到 1214 条数据，保存到 /data/data_liy/quant/raw/stock_daily/300869.SZ.csv
正在获取2304/5426 欧陆通(300870.SZ) [20150105 , 20250827 )的数据...
  获取到 1214 条数据，保存到 /data/data_liy/quant/raw/stock_daily/300870.SZ.csv
正在获取2305/5426 回盛生物(300871.SZ) [20150105 , 20250827 )的数据...
  获取到 1214 条数据，保存到 /data/data_liy/quant/raw/stock_daily/300871.SZ.csv
正在获取2306/5426 天阳科技(300872.SZ) [20150105 , 20250827 )的数据...
  获取到 1214 条数据，保存到 /data/data_liy/quant/raw/stock_daily/300872.SZ.csv
正在获取2307/5426 海晨股份(300873.SZ) [20150105 , 20250827 )的数据...
  获取到 1214 条数据，保存到 /data/data_liy/quant/raw/stock_daily/300873.SZ.csv
正在获取2308/5426 捷强装备(300875.SZ) [20150105 , 20250827 )的数据...
  获取到 1194 条数据，保存到 /data/data_liy/quant/raw/stock_daily/300875.SZ.csv
正在获取2309/5426 蒙泰高新(300876.SZ) [20150105 , 20250827 )的数据...
  获取到 1214 条数据，保存到 /data/data_liy/quant/raw/stock_daily/300876.SZ.csv
正在获取2310/5426 金春股份(300877.SZ) [20150105 , 20250827 )的数据...
  获取到 1214 条数据，保存到 /data/data_liy/quant/raw/stock_daily/300877.SZ.csv
正在获取2311/5426 维康药业(300878.SZ) [20150105 , 20250827 )的数据...
  获取到 1214 条数据，保存到 /data/data_liy/quant/raw/stock_daily/300878.SZ.csv
正在获取2312/5426 大叶股份(300879.SZ) [20150105 , 20250827 )的数据...
  获取到 1208 条数据，保存到 /data/data_liy/quant/raw/stock_daily/300879.SZ.csv
正在获取2313/5426 迦南智能(300880.SZ) [20150105 , 20250827 )的数据...
  获取到 1208 条数据，保存到 /data/data_liy/quant/raw/stock_daily/300880.SZ.csv
正在获取2314/5426 盛德鑫泰(300881.SZ) [20150105 , 20250827 )的数据...
  获取到 1208 条数据，保存到 /data/data_liy/quant/raw/stock_daily/300881.SZ.csv
正在获取2315/5426 万胜智能(300882.SZ) [20150105 , 20250827 )的数据...
  获取到 1201 条数据，保存到 /data/data_liy/quant/raw/stock_daily/300882.SZ.csv
正在获取2316/5426 龙利得(300883.SZ) [20150105 , 20250827 )的数据...
  获取到 1201 条数据，保存到 /data/data_liy/quant/raw/stock_daily/300883.SZ.csv
正在获取2317/5426 狄耐克(300884.SZ) [20150105 , 20250827 )的数据...
  获取到 1162 条数据，保存到 /data/data_liy/quant/raw/stock_daily/300884.SZ.csv
正在获取2318/5426 海昌新材(300885.SZ) [20150105 , 20250827 )的数据...
  获取到 1201 条数据，保存到 /data/data_liy/quant/raw/stock_daily/300885.SZ.csv
正在获取2319/5426 华业香料(300886.SZ) [20150105 , 20250827 )的数据...
  获取到 1187 条数据，保存到 /data/data_liy/quant/raw/stock_daily/300886.SZ.csv
正在获取2320/5426 谱尼测试(300887.SZ) [20150105 , 20250827 )的数据...
  获取到 1197 条数据，保存到 /data/data_liy/quant/raw/stock_daily/300887.SZ.csv
正在获取2321/5426 稳健医疗(300888.SZ) [20150105 , 20250827 )的数据...
  获取到 1196 条数据，保存到 /data/data_liy/quant/raw/stock_daily/300888.SZ.csv
正在获取2322/5426 爱克股份(300889.SZ) [20150105 , 20250827 )的数据...
  获取到 1197 条数据，保存到 /data/data_liy/quant/raw/stock_daily/300889.SZ.csv
正在获取2323/5426 翔丰华(300890.SZ) [20150105 , 20250827 )的数据...
  获取到 1196 条数据，保存到 /data/data_liy/quant/raw/stock_daily/300890.SZ.csv
正在获取2324/5426 惠云钛业(300891.SZ) [20150105 , 20250827 )的数据...
  获取到 1196 条数据，保存到 /data/data_liy/quant/raw/stock_daily/300891.SZ.csv
正在获取2325/5426 品渥食品(300892.SZ) [20150105 , 20250827 )的数据...
  获取到 1191 条数据，保存到 /data/data_liy/quant/raw/stock_daily/300892.SZ.csv
正在获取2326/5426 松原安全(300893.SZ) [20150105 , 20250827 )的数据...
  获取到 1191 条数据，保存到 /data/data_liy/quant/raw/stock_daily/300893.SZ.csv
正在获取2327/5426 火星人(300894.SZ) [20150105 , 20250827 )的数据...
  获取到 1127 条数据，保存到 /data/data_liy/quant/raw/stock_daily/300894.SZ.csv
正在获取2328/5426 铜牛信息(300895.SZ) [20150105 , 20250827 )的数据...
  获取到 1191 条数据，保存到 /data/data_liy/quant/raw/stock_daily/300895.SZ.csv
正在获取2329/5426 爱美客(300896.SZ) [20150105 , 20250827 )的数据...
  获取到 1189 条数据，保存到 /data/data_liy/quant/raw/stock_daily/300896.SZ.csv
正在获取2330/5426 山科智能(300897.SZ) [20150105 , 20250827 )的数据...
  获取到 1184 条数据，保存到 /data/data_liy/quant/raw/stock_daily/300897.SZ.csv
正在获取2331/5426 熊猫乳品(300898.SZ) [20150105 , 20250827 )的数据...
  获取到 1181 条数据，保存到 /data/data_liy/quant/raw/stock_daily/300898.SZ.csv
正在获取2332/5426 *ST凯鑫(300899.SZ) [20150105 , 20250827 )的数据...
  获取到 1180 条数据，保存到 /data/data_liy/quant/raw/stock_daily/300899.SZ.csv
正在获取2333/5426 广联航空(300900.SZ) [20150105 , 20250827 )的数据...
  获取到 1172 条数据，保存到 /data/data_liy/quant/raw/stock_daily/300900.SZ.csv
正在获取2334/5426 中胤时尚(300901.SZ) [20150105 , 20250827 )的数据...
  获取到 1172 条数据，保存到 /data/data_liy/quant/raw/stock_daily/300901.SZ.csv
正在获取2335/5426 国安达(300902.SZ) [20150105 , 20250827 )的数据...
  获取到 1172 条数据，保存到 /data/data_liy/quant/raw/stock_daily/300902.SZ.csv
正在获取2336/5426 科翔股份(300903.SZ) [20150105 , 20250827 )的数据...
  获取到 1167 条数据，保存到 /data/data_liy/quant/raw/stock_daily/300903.SZ.csv
正在获取2337/5426 威力传动(300904.SZ) [20150105 , 20250827 )的数据...
  获取到 496 条数据，保存到 /data/data_liy/quant/raw/stock_daily/300904.SZ.csv
正在获取2338/5426 宝丽迪(300905.SZ) [20150105 , 20250827 )的数据...
  获取到 1157 条数据，保存到 /data/data_liy/quant/raw/stock_daily/300905.SZ.csv
正在获取2339/5426 日月明(300906.SZ) [20150105 , 20250827 )的数据...
  获取到 1167 条数据，保存到 /data/data_liy/quant/raw/stock_daily/300906.SZ.csv
正在获取2340/5426 康平科技(300907.SZ) [20150105 , 20250827 )的数据...
  获取到 1158 条数据，保存到 /data/data_liy/quant/raw/stock_daily/300907.SZ.csv
正在获取2341/5426 仲景食品(300908.SZ) [20150105 , 20250827 )的数据...
  获取到 1155 条数据，保存到 /data/data_liy/quant/raw/stock_daily/300908.SZ.csv
正在获取2342/5426 汇创达(300909.SZ) [20150105 , 20250827 )的数据...
  获取到 1149 条数据，保存到 /data/data_liy/quant/raw/stock_daily/300909.SZ.csv
正在获取2343/5426 瑞丰新材(300910.SZ) [20150105 , 20250827 )的数据...
  获取到 1151 条数据，保存到 /data/data_liy/quant/raw/stock_daily/300910.SZ.csv
正在获取2344/5426 亿田智能(300911.SZ) [20150105 , 20250827 )的数据...
  获取到 1147 条数据，保存到 /data/data_liy/quant/raw/stock_daily/300911.SZ.csv
正在获取2345/5426 凯龙高科(300912.SZ) [20150105 , 20250827 )的数据...
  获取到 1145 条数据，保存到 /data/data_liy/quant/raw/stock_daily/300912.SZ.csv
正在获取2346/5426 兆龙互连(300913.SZ) [20150105 , 20250827 )的数据...
  获取到 1145 条数据，保存到 /data/data_liy/quant/raw/stock_daily/300913.SZ.csv
正在获取2347/5426 海融科技(300915.SZ) [20150105 , 20250827 )的数据...
  获取到 1148 条数据，保存到 /data/data_liy/quant/raw/stock_daily/300915.SZ.csv
正在获取2348/5426 朗特智能(300916.SZ) [20150105 , 20250827 )的数据...
  获取到 1148 条数据，保存到 /data/data_liy/quant/raw/stock_daily/300916.SZ.csv
正在获取2349/5426 特发服务(300917.SZ) [20150105 , 20250827 )的数据...
HTTPConnectionPool(host='api.waditu.com', port=80): Max retries exceeded with url: /dataapi/adj_factor (Caused by NameResolutionError("<urllib3.connection.HTTPConnection object at 0x7f6a0461dc30>: Failed to resolve 'api.waditu.com' ([Errno -2] Name or service not known)"))
  获取到 1135 条数据，保存到 /data/data_liy/quant/raw/stock_daily/300917.SZ.csv
正在获取2350/5426 南山智尚(300918.SZ) [20150105 , 20250827 )的数据...
  获取到 1134 条数据，保存到 /data/data_liy/quant/raw/stock_daily/300918.SZ.csv
正在获取2351/5426 中伟股份(300919.SZ) [20150105 , 20250827 )的数据...
  获取到 1133 条数据，保存到 /data/data_liy/quant/raw/stock_daily/300919.SZ.csv
正在获取2352/5426 润阳科技(300920.SZ) [20150105 , 20250827 )的数据...
  获取到 1131 条数据，保存到 /data/data_liy/quant/raw/stock_daily/300920.SZ.csv
正在获取2353/5426 南凌科技(300921.SZ) [20150105 , 20250827 )的数据...
  获取到 1134 条数据，保存到 /data/data_liy/quant/raw/stock_daily/300921.SZ.csv
正在获取2354/5426 天秦装备(300922.SZ) [20150105 , 20250827 )的数据...
  获取到 1131 条数据，保存到 /data/data_liy/quant/raw/stock_daily/300922.SZ.csv
正在获取2355/5426 研奥股份(300923.SZ) [20150105 , 20250827 )的数据...
  获取到 1132 条数据，保存到 /data/data_liy/quant/raw/stock_daily/300923.SZ.csv
正在获取2356/5426 法本信息(300925.SZ) [20150105 , 20250827 )的数据...
  获取到 1128 条数据，保存到 /data/data_liy/quant/raw/stock_daily/300925.SZ.csv
正在获取2357/5426 博俊科技(300926.SZ) [20150105 , 20250827 )的数据...
  获取到 1123 条数据，保存到 /data/data_liy/quant/raw/stock_daily/300926.SZ.csv
正在获取2358/5426 江天化学(300927.SZ) [20150105 , 20250827 )的数据...
  获取到 1123 条数据，保存到 /data/data_liy/quant/raw/stock_daily/300927.SZ.csv
正在获取2359/5426 华安鑫创(300928.SZ) [20150105 , 20250827 )的数据...
  获取到 1124 条数据，保存到 /data/data_liy/quant/raw/stock_daily/300928.SZ.csv
正在获取2360/5426 华骐环保(300929.SZ) [20150105 , 20250827 )的数据...
  获取到 1114 条数据，保存到 /data/data_liy/quant/raw/stock_daily/300929.SZ.csv
正在获取2361/5426 屹通新材(300930.SZ) [20150105 , 20250827 )的数据...
  获取到 1113 条数据，保存到 /data/data_liy/quant/raw/stock_daily/300930.SZ.csv
正在获取2362/5426 通用电梯(300931.SZ) [20150105 , 20250827 )的数据...
  获取到 1113 条数据，保存到 /data/data_liy/quant/raw/stock_daily/300931.SZ.csv
正在获取2363/5426 三友联众(300932.SZ) [20150105 , 20250827 )的数据...
  获取到 1112 条数据，保存到 /data/data_liy/quant/raw/stock_daily/300932.SZ.csv
正在获取2364/5426 中辰股份(300933.SZ) [20150105 , 20250827 )的数据...
  获取到 1112 条数据，保存到 /data/data_liy/quant/raw/stock_daily/300933.SZ.csv
正在获取2365/5426 盈建科(300935.SZ) [20150105 , 20250827 )的数据...
  获取到 1114 条数据，保存到 /data/data_liy/quant/raw/stock_daily/300935.SZ.csv
正在获取2366/5426 中英科技(300936.SZ) [20150105 , 20250827 )的数据...
  获取到 1110 条数据，保存到 /data/data_liy/quant/raw/stock_daily/300936.SZ.csv
正在获取2367/5426 药易购(300937.SZ) [20150105 , 20250827 )的数据...
  获取到 1109 条数据，保存到 /data/data_liy/quant/raw/stock_daily/300937.SZ.csv
正在获取2368/5426 信测标准(300938.SZ) [20150105 , 20250827 )的数据...
  获取到 1109 条数据，保存到 /data/data_liy/quant/raw/stock_daily/300938.SZ.csv
正在获取2369/5426 秋田微(300939.SZ) [20150105 , 20250827 )的数据...
  获取到 1108 条数据，保存到 /data/data_liy/quant/raw/stock_daily/300939.SZ.csv
正在获取2370/5426 南极光(300940.SZ) [20150105 , 20250827 )的数据...
  获取到 1104 条数据，保存到 /data/data_liy/quant/raw/stock_daily/300940.SZ.csv
正在获取2371/5426 创识科技(300941.SZ) [20150105 , 20250827 )的数据...
  获取到 1100 条数据，保存到 /data/data_liy/quant/raw/stock_daily/300941.SZ.csv
正在获取2372/5426 易瑞生物(300942.SZ) [20150105 , 20250827 )的数据...
  获取到 1100 条数据，保存到 /data/data_liy/quant/raw/stock_daily/300942.SZ.csv
正在获取2373/5426 春晖智控(300943.SZ) [20150105 , 20250827 )的数据...
  获取到 1089 条数据，保存到 /data/data_liy/quant/raw/stock_daily/300943.SZ.csv
正在获取2374/5426 曼卡龙(300945.SZ) [20150105 , 20250827 )的数据...
  获取到 1099 条数据，保存到 /data/data_liy/quant/raw/stock_daily/300945.SZ.csv
正在获取2375/5426 恒而达(300946.SZ) [20150105 , 20250827 )的数据...
  获取到 1101 条数据，保存到 /data/data_liy/quant/raw/stock_daily/300946.SZ.csv
正在获取2376/5426 德必集团(300947.SZ) [20150105 , 20250827 )的数据...
  获取到 1099 条数据，保存到 /data/data_liy/quant/raw/stock_daily/300947.SZ.csv
正在获取2377/5426 冠中生态(300948.SZ) [20150105 , 20250827 )的数据...
  获取到 1093 条数据，保存到 /data/data_liy/quant/raw/stock_daily/300948.SZ.csv
正在获取2378/5426 奥雅股份(300949.SZ) [20150105 , 20250827 )的数据...
  获取到 1092 条数据，保存到 /data/data_liy/quant/raw/stock_daily/300949.SZ.csv
正在获取2379/5426 德固特(300950.SZ) [20150105 , 20250827 )的数据...
HTTPConnectionPool(host='api.waditu.com', port=80): Max retries exceeded with url: /dataapi/adj_factor (Caused by NameResolutionError("<urllib3.connection.HTTPConnection object at 0x7f6a0461e170>: Failed to resolve 'api.waditu.com' ([Errno -2] Name or service not known)"))
  获取到 1079 条数据，保存到 /data/data_liy/quant/raw/stock_daily/300950.SZ.csv
正在获取2380/5426 博硕科技(300951.SZ) [20150105 , 20250827 )的数据...
  获取到 1092 条数据，保存到 /data/data_liy/quant/raw/stock_daily/300951.SZ.csv
正在获取2381/5426 恒辉安防(300952.SZ) [20150105 , 20250827 )的数据...
  获取到 1083 条数据，保存到 /data/data_liy/quant/raw/stock_daily/300952.SZ.csv
正在获取2382/5426 震裕科技(300953.SZ) [20150105 , 20250827 )的数据...
  获取到 1078 条数据，保存到 /data/data_liy/quant/raw/stock_daily/300953.SZ.csv
正在获取2383/5426 嘉亨家化(300955.SZ) [20150105 , 20250827 )的数据...
  获取到 1074 条数据，保存到 /data/data_liy/quant/raw/stock_daily/300955.SZ.csv
正在获取2384/5426 英力股份(300956.SZ) [20150105 , 20250827 )的数据...
  获取到 1062 条数据，保存到 /data/data_liy/quant/raw/stock_daily/300956.SZ.csv
正在获取2385/5426 贝泰妮(300957.SZ) [20150105 , 20250827 )的数据...
  获取到 1073 条数据，保存到 /data/data_liy/quant/raw/stock_daily/300957.SZ.csv
正在获取2386/5426 建工修复(300958.SZ) [20150105 , 20250827 )的数据...
  获取到 1071 条数据，保存到 /data/data_liy/quant/raw/stock_daily/300958.SZ.csv
正在获取2387/5426 线上线下(300959.SZ) [20150105 , 20250827 )的数据...
  获取到 1071 条数据，保存到 /data/data_liy/quant/raw/stock_daily/300959.SZ.csv
正在获取2388/5426 通业科技(300960.SZ) [20150105 , 20250827 )的数据...
  获取到 1071 条数据，保存到 /data/data_liy/quant/raw/stock_daily/300960.SZ.csv
正在获取2389/5426 深水海纳(300961.SZ) [20150105 , 20250827 )的数据...
HTTPConnectionPool(host='api.waditu.com', port=80): Max retries exceeded with url: /dataapi/daily (Caused by NameResolutionError("<urllib3.connection.HTTPConnection object at 0x7f6a0461eb60>: Failed to resolve 'api.waditu.com' ([Errno -2] Name or service not known)"))
  获取到 1070 条数据，保存到 /data/data_liy/quant/raw/stock_daily/300961.SZ.csv
正在获取2390/5426 中金辐照(300962.SZ) [20150105 , 20250827 )的数据...
  获取到 1063 条数据，保存到 /data/data_liy/quant/raw/stock_daily/300962.SZ.csv
正在获取2391/5426 中洲特材(300963.SZ) [20150105 , 20250827 )的数据...
  获取到 1063 条数据，保存到 /data/data_liy/quant/raw/stock_daily/300963.SZ.csv
正在获取2392/5426 本川智能(300964.SZ) [20150105 , 20250827 )的数据...
  获取到 983 条数据，保存到 /data/data_liy/quant/raw/stock_daily/300964.SZ.csv
正在获取2393/5426 恒宇信通(300965.SZ) [20150105 , 20250827 )的数据...
  获取到 1055 条数据，保存到 /data/data_liy/quant/raw/stock_daily/300965.SZ.csv
正在获取2394/5426 共同药业(300966.SZ) [20150105 , 20250827 )的数据...
  获取到 1063 条数据，保存到 /data/data_liy/quant/raw/stock_daily/300966.SZ.csv
正在获取2395/5426 晓鸣股份(300967.SZ) [20150105 , 20250827 )的数据...
  获取到 1061 条数据，保存到 /data/data_liy/quant/raw/stock_daily/300967.SZ.csv
正在获取2396/5426 格林精密(300968.SZ) [20150105 , 20250827 )的数据...
  获取到 1059 条数据，保存到 /data/data_liy/quant/raw/stock_daily/300968.SZ.csv
正在获取2397/5426 恒帅股份(300969.SZ) [20150105 , 20250827 )的数据...
  获取到 1062 条数据，保存到 /data/data_liy/quant/raw/stock_daily/300969.SZ.csv
正在获取2398/5426 华绿生物(300970.SZ) [20150105 , 20250827 )的数据...
  获取到 1062 条数据，保存到 /data/data_liy/quant/raw/stock_daily/300970.SZ.csv
正在获取2399/5426 博亚精工(300971.SZ) [20150105 , 20250827 )的数据...
  获取到 1059 条数据，保存到 /data/data_liy/quant/raw/stock_daily/300971.SZ.csv
正在获取2400/5426 万辰集团(300972.SZ) [20150105 , 20250827 )的数据...
  获取到 1057 条数据，保存到 /data/data_liy/quant/raw/stock_daily/300972.SZ.csv
正在获取2401/5426 立高食品(300973.SZ) [20150105 , 20250827 )的数据...
  获取到 1059 条数据，保存到 /data/data_liy/quant/raw/stock_daily/300973.SZ.csv
正在获取2402/5426 商络电子(300975.SZ) [20150105 , 20250827 )的数据...
  获取到 1055 条数据，保存到 /data/data_liy/quant/raw/stock_daily/300975.SZ.csv
正在获取2403/5426 达瑞电子(300976.SZ) [20150105 , 20250827 )的数据...
  获取到 1057 条数据，保存到 /data/data_liy/quant/raw/stock_daily/300976.SZ.csv
正在获取2404/5426 深圳瑞捷(300977.SZ) [20150105 , 20250827 )的数据...
  获取到 1056 条数据，保存到 /data/data_liy/quant/raw/stock_daily/300977.SZ.csv
正在获取2405/5426 东箭科技(300978.SZ) [20150105 , 20250827 )的数据...
  获取到 1052 条数据，保存到 /data/data_liy/quant/raw/stock_daily/300978.SZ.csv
正在获取2406/5426 华利集团(300979.SZ) [20150105 , 20250827 )的数据...
  获取到 1052 条数据，保存到 /data/data_liy/quant/raw/stock_daily/300979.SZ.csv
正在获取2407/5426 祥源新材(300980.SZ) [20150105 , 20250827 )的数据...
  获取到 1055 条数据，保存到 /data/data_liy/quant/raw/stock_daily/300980.SZ.csv
正在获取2408/5426 中红医疗(300981.SZ) [20150105 , 20250827 )的数据...
  获取到 1051 条数据，保存到 /data/data_liy/quant/raw/stock_daily/300981.SZ.csv
正在获取2409/5426 苏文电能(300982.SZ) [20150105 , 20250827 )的数据...
  获取到 1051 条数据，保存到 /data/data_liy/quant/raw/stock_daily/300982.SZ.csv
正在获取2410/5426 尤安设计(300983.SZ) [20150105 , 20250827 )的数据...
  获取到 1056 条数据，保存到 /data/data_liy/quant/raw/stock_daily/300983.SZ.csv
正在获取2411/5426 金沃股份(300984.SZ) [20150105 , 20250827 )的数据...
  获取到 1017 条数据，保存到 /data/data_liy/quant/raw/stock_daily/300984.SZ.csv
正在获取2412/5426 致远新能(300985.SZ) [20150105 , 20250827 )的数据...
  获取到 1049 条数据，保存到 /data/data_liy/quant/raw/stock_daily/300985.SZ.csv
正在获取2413/5426 志特新材(300986.SZ) [20150105 , 20250827 )的数据...
  获取到 1048 条数据，保存到 /data/data_liy/quant/raw/stock_daily/300986.SZ.csv
正在获取2414/5426 川网传媒(300987.SZ) [20150105 , 20250827 )的数据...
  获取到 1044 条数据，保存到 /data/data_liy/quant/raw/stock_daily/300987.SZ.csv
正在获取2415/5426 津荣天宇(300988.SZ) [20150105 , 20250827 )的数据...
  获取到 1043 条数据，保存到 /data/data_liy/quant/raw/stock_daily/300988.SZ.csv
正在获取2416/5426 蕾奥规划(300989.SZ) [20150105 , 20250827 )的数据...
  获取到 1046 条数据，保存到 /data/data_liy/quant/raw/stock_daily/300989.SZ.csv
正在获取2417/5426 同飞股份(300990.SZ) [20150105 , 20250827 )的数据...
  获取到 1043 条数据，保存到 /data/data_liy/quant/raw/stock_daily/300990.SZ.csv
正在获取2418/5426 创益通(300991.SZ) [20150105 , 20250827 )的数据...
  获取到 1037 条数据，保存到 /data/data_liy/quant/raw/stock_daily/300991.SZ.csv
正在获取2419/5426 泰福泵业(300992.SZ) [20150105 , 20250827 )的数据...
  获取到 1034 条数据，保存到 /data/data_liy/quant/raw/stock_daily/300992.SZ.csv
正在获取2420/5426 玉马科技(300993.SZ) [20150105 , 20250827 )的数据...
  获取到 1035 条数据，保存到 /data/data_liy/quant/raw/stock_daily/300993.SZ.csv
正在获取2421/5426 久祺股份(300994.SZ) [20150105 , 20250827 )的数据...
  获取到 978 条数据，保存到 /data/data_liy/quant/raw/stock_daily/300994.SZ.csv
正在获取2422/5426 奇德新材(300995.SZ) [20150105 , 20250827 )的数据...
  获取到 1033 条数据，保存到 /data/data_liy/quant/raw/stock_daily/300995.SZ.csv
正在获取2423/5426 普联软件(300996.SZ) [20150105 , 20250827 )的数据...
  获取到 1027 条数据，保存到 /data/data_liy/quant/raw/stock_daily/300996.SZ.csv
正在获取2424/5426 欢乐家(300997.SZ) [20150105 , 20250827 )的数据...
  获取到 1028 条数据，保存到 /data/data_liy/quant/raw/stock_daily/300997.SZ.csv
正在获取2425/5426 宁波方正(300998.SZ) [20150105 , 20250827 )的数据...
  获取到 1028 条数据，保存到 /data/data_liy/quant/raw/stock_daily/300998.SZ.csv
正在获取2426/5426 金龙鱼(300999.SZ) [20150105 , 20250827 )的数据...
  获取到 1182 条数据，保存到 /data/data_liy/quant/raw/stock_daily/300999.SZ.csv
正在获取2427/5426 肇民科技(301000.SZ) [20150105 , 20250827 )的数据...
  获取到 1031 条数据，保存到 /data/data_liy/quant/raw/stock_daily/301000.SZ.csv
正在获取2428/5426 凯淳股份(301001.SZ) [20150105 , 20250827 )的数据...
  获取到 1031 条数据，保存到 /data/data_liy/quant/raw/stock_daily/301001.SZ.csv
正在获取2429/5426 崧盛股份(301002.SZ) [20150105 , 20250827 )的数据...
  获取到 1025 条数据，保存到 /data/data_liy/quant/raw/stock_daily/301002.SZ.csv
正在获取2430/5426 江苏博云(301003.SZ) [20150105 , 20250827 )的数据...
HTTPConnectionPool(host='api.waditu.com', port=80): Max retries exceeded with url: /dataapi/adj_factor (Caused by NameResolutionError("<urllib3.connection.HTTPConnection object at 0x7f6a0461e3b0>: Failed to resolve 'api.waditu.com' ([Errno -2] Name or service not known)"))
  获取到 1029 条数据，保存到 /data/data_liy/quant/raw/stock_daily/301003.SZ.csv
正在获取2431/5426 嘉益股份(301004.SZ) [20150105 , 20250827 )的数据...
  获取到 1012 条数据，保存到 /data/data_liy/quant/raw/stock_daily/301004.SZ.csv
正在获取2432/5426 超捷股份(301005.SZ) [20150105 , 20250827 )的数据...
  获取到 1029 条数据，保存到 /data/data_liy/quant/raw/stock_daily/301005.SZ.csv
正在获取2433/5426 迈拓股份(301006.SZ) [20150105 , 20250827 )的数据...
  获取到 1025 条数据，保存到 /data/data_liy/quant/raw/stock_daily/301006.SZ.csv
正在获取2434/5426 德迈仕(301007.SZ) [20150105 , 20250827 )的数据...
  获取到 1017 条数据，保存到 /data/data_liy/quant/raw/stock_daily/301007.SZ.csv
正在获取2435/5426 宏昌科技(301008.SZ) [20150105 , 20250827 )的数据...
  获取到 1021 条数据，保存到 /data/data_liy/quant/raw/stock_daily/301008.SZ.csv
正在获取2436/5426 可靠股份(301009.SZ) [20150105 , 20250827 )的数据...
  获取到 1018 条数据，保存到 /data/data_liy/quant/raw/stock_daily/301009.SZ.csv
正在获取2437/5426 晶雪节能(301010.SZ) [20150105 , 20250827 )的数据...
  获取到 1017 条数据，保存到 /data/data_liy/quant/raw/stock_daily/301010.SZ.csv
正在获取2438/5426 华立科技(301011.SZ) [20150105 , 20250827 )的数据...
  获取到 1018 条数据，保存到 /data/data_liy/quant/raw/stock_daily/301011.SZ.csv
正在获取2439/5426 扬电科技(301012.SZ) [20150105 , 20250827 )的数据...
  获取到 1013 条数据，保存到 /data/data_liy/quant/raw/stock_daily/301012.SZ.csv
正在获取2440/5426 利和兴(301013.SZ) [20150105 , 20250827 )的数据...
  获取到 1010 条数据，保存到 /data/data_liy/quant/raw/stock_daily/301013.SZ.csv
正在获取2441/5426 百洋医药(301015.SZ) [20150105 , 20250827 )的数据...
  获取到 1009 条数据，保存到 /data/data_liy/quant/raw/stock_daily/301015.SZ.csv
正在获取2442/5426 雷尔伟(301016.SZ) [20150105 , 20250827 )的数据...
  获取到 999 条数据，保存到 /data/data_liy/quant/raw/stock_daily/301016.SZ.csv
正在获取2443/5426 漱玉平民(301017.SZ) [20150105 , 20250827 )的数据...
  获取到 1006 条数据，保存到 /data/data_liy/quant/raw/stock_daily/301017.SZ.csv
正在获取2444/5426 申菱环境(301018.SZ) [20150105 , 20250827 )的数据...
  获取到 1004 条数据，保存到 /data/data_liy/quant/raw/stock_daily/301018.SZ.csv
正在获取2445/5426 宁波色母(301019.SZ) [20150105 , 20250827 )的数据...
  获取到 1011 条数据，保存到 /data/data_liy/quant/raw/stock_daily/301019.SZ.csv
正在获取2446/5426 密封科技(301020.SZ) [20150105 , 20250827 )的数据...
  获取到 1005 条数据，保存到 /data/data_liy/quant/raw/stock_daily/301020.SZ.csv
正在获取2447/5426 英诺激光(301021.SZ) [20150105 , 20250827 )的数据...
  获取到 1005 条数据，保存到 /data/data_liy/quant/raw/stock_daily/301021.SZ.csv
正在获取2448/5426 海泰科(301022.SZ) [20150105 , 20250827 )的数据...
  获取到 1007 条数据，保存到 /data/data_liy/quant/raw/stock_daily/301022.SZ.csv
正在获取2449/5426 江南奕帆(301023.SZ) [20150105 , 20250827 )的数据...
  获取到 1004 条数据，保存到 /data/data_liy/quant/raw/stock_daily/301023.SZ.csv
正在获取2450/5426 霍普股份(301024.SZ) [20150105 , 20250827 )的数据...
  获取到 989 条数据，保存到 /data/data_liy/quant/raw/stock_daily/301024.SZ.csv
正在获取2451/5426 读客文化(301025.SZ) [20150105 , 20250827 )的数据...
  获取到 996 条数据，保存到 /data/data_liy/quant/raw/stock_daily/301025.SZ.csv
正在获取2452/5426 浩通科技(301026.SZ) [20150105 , 20250827 )的数据...
  获取到 997 条数据，保存到 /data/data_liy/quant/raw/stock_daily/301026.SZ.csv
正在获取2453/5426 华蓝集团(301027.SZ) [20150105 , 20250827 )的数据...
  获取到 998 条数据，保存到 /data/data_liy/quant/raw/stock_daily/301027.SZ.csv
正在获取2454/5426 东亚机械(301028.SZ) [20150105 , 20250827 )的数据...
  获取到 995 条数据，保存到 /data/data_liy/quant/raw/stock_daily/301028.SZ.csv
正在获取2455/5426 怡合达(301029.SZ) [20150105 , 20250827 )的数据...
  获取到 992 条数据，保存到 /data/data_liy/quant/raw/stock_daily/301029.SZ.csv
正在获取2456/5426 仕净科技(301030.SZ) [20150105 , 20250827 )的数据...
  获取到 993 条数据，保存到 /data/data_liy/quant/raw/stock_daily/301030.SZ.csv
正在获取2457/5426 中熔电气(301031.SZ) [20150105 , 20250827 )的数据...
  获取到 998 条数据，保存到 /data/data_liy/quant/raw/stock_daily/301031.SZ.csv
正在获取2458/5426 新柴股份(301032.SZ) [20150105 , 20250827 )的数据...
  获取到 993 条数据，保存到 /data/data_liy/quant/raw/stock_daily/301032.SZ.csv
正在获取2459/5426 迈普医学(301033.SZ) [20150105 , 20250827 )的数据...
  获取到 981 条数据，保存到 /data/data_liy/quant/raw/stock_daily/301033.SZ.csv
正在获取2460/5426 润丰股份(301035.SZ) [20150105 , 20250827 )的数据...
  获取到 989 条数据，保存到 /data/data_liy/quant/raw/stock_daily/301035.SZ.csv
正在获取2461/5426 双乐股份(301036.SZ) [20150105 , 20250827 )的数据...
  获取到 988 条数据，保存到 /data/data_liy/quant/raw/stock_daily/301036.SZ.csv
正在获取2462/5426 保立佳(301037.SZ) [20150105 , 20250827 )的数据...
  获取到 987 条数据，保存到 /data/data_liy/quant/raw/stock_daily/301037.SZ.csv
正在获取2463/5426 深水规院(301038.SZ) [20150105 , 20250827 )的数据...
  获取到 984 条数据，保存到 /data/data_liy/quant/raw/stock_daily/301038.SZ.csv
正在获取2464/5426 中集车辆(301039.SZ) [20150105 , 20250827 )的数据...
  获取到 1001 条数据，保存到 /data/data_liy/quant/raw/stock_daily/301039.SZ.csv
正在获取2465/5426 中环海陆(301040.SZ) [20150105 , 20250827 )的数据...
  获取到 985 条数据，保存到 /data/data_liy/quant/raw/stock_daily/301040.SZ.csv
正在获取2466/5426 金百泽(301041.SZ) [20150105 , 20250827 )的数据...
  获取到 979 条数据，保存到 /data/data_liy/quant/raw/stock_daily/301041.SZ.csv
正在获取2467/5426 安联锐视(301042.SZ) [20150105 , 20250827 )的数据...
  获取到 983 条数据，保存到 /data/data_liy/quant/raw/stock_daily/301042.SZ.csv
正在获取2468/5426 绿岛风(301043.SZ) [20150105 , 20250827 )的数据...
  获取到 979 条数据，保存到 /data/data_liy/quant/raw/stock_daily/301043.SZ.csv
正在获取2469/5426 天禄科技(301045.SZ) [20150105 , 20250827 )的数据...
  获取到 977 条数据，保存到 /data/data_liy/quant/raw/stock_daily/301045.SZ.csv
正在获取2470/5426 能辉科技(301046.SZ) [20150105 , 20250827 )的数据...
  获取到 975 条数据，保存到 /data/data_liy/quant/raw/stock_daily/301046.SZ.csv
正在获取2471/5426 义翘神州(301047.SZ) [20150105 , 20250827 )的数据...
  获取到 976 条数据，保存到 /data/data_liy/quant/raw/stock_daily/301047.SZ.csv
正在获取2472/5426 金鹰重工(301048.SZ) [20150105 , 20250827 )的数据...
  获取到 974 条数据，保存到 /data/data_liy/quant/raw/stock_daily/301048.SZ.csv
正在获取2473/5426 超越科技(301049.SZ) [20150105 , 20250827 )的数据...
  获取到 970 条数据，保存到 /data/data_liy/quant/raw/stock_daily/301049.SZ.csv
正在获取2474/5426 雷电微力(301050.SZ) [20150105 , 20250827 )的数据...
  获取到 970 条数据，保存到 /data/data_liy/quant/raw/stock_daily/301050.SZ.csv
正在获取2475/5426 信濠光电(301051.SZ) [20150105 , 20250827 )的数据...
  获取到 967 条数据，保存到 /data/data_liy/quant/raw/stock_daily/301051.SZ.csv
正在获取2476/5426 果麦文化(301052.SZ) [20150105 , 20250827 )的数据...
  获取到 966 条数据，保存到 /data/data_liy/quant/raw/stock_daily/301052.SZ.csv
正在获取2477/5426 远信工业(301053.SZ) [20150105 , 20250827 )的数据...
  获取到 964 条数据，保存到 /data/data_liy/quant/raw/stock_daily/301053.SZ.csv
正在获取2478/5426 张小泉(301055.SZ) [20150105 , 20250827 )的数据...
  获取到 961 条数据，保存到 /data/data_liy/quant/raw/stock_daily/301055.SZ.csv
正在获取2479/5426 森赫股份(301056.SZ) [20150105 , 20250827 )的数据...
  获取到 960 条数据，保存到 /data/data_liy/quant/raw/stock_daily/301056.SZ.csv
正在获取2480/5426 汇隆新材(301057.SZ) [20150105 , 20250827 )的数据...
  获取到 958 条数据，保存到 /data/data_liy/quant/raw/stock_daily/301057.SZ.csv
正在获取2481/5426 中粮科工(301058.SZ) [20150105 , 20250827 )的数据...
  获取到 958 条数据，保存到 /data/data_liy/quant/raw/stock_daily/301058.SZ.csv
正在获取2482/5426 金三江(301059.SZ) [20150105 , 20250827 )的数据...
  获取到 956 条数据，保存到 /data/data_liy/quant/raw/stock_daily/301059.SZ.csv
正在获取2483/5426 兰卫医学(301060.SZ) [20150105 , 20250827 )的数据...
  获取到 956 条数据，保存到 /data/data_liy/quant/raw/stock_daily/301060.SZ.csv
正在获取2484/5426 匠心家居(301061.SZ) [20150105 , 20250827 )的数据...
  获取到 956 条数据，保存到 /data/data_liy/quant/raw/stock_daily/301061.SZ.csv
正在获取2485/5426 上海艾录(301062.SZ) [20150105 , 20250827 )的数据...
  获取到 955 条数据，保存到 /data/data_liy/quant/raw/stock_daily/301062.SZ.csv
正在获取2486/5426 海锅股份(301063.SZ) [20150105 , 20250827 )的数据...
  获取到 949 条数据，保存到 /data/data_liy/quant/raw/stock_daily/301063.SZ.csv
正在获取2487/5426 本立科技(301065.SZ) [20150105 , 20250827 )的数据...
  获取到 955 条数据，保存到 /data/data_liy/quant/raw/stock_daily/301065.SZ.csv
正在获取2488/5426 万事利(301066.SZ) [20150105 , 20250827 )的数据...
  获取到 951 条数据，保存到 /data/data_liy/quant/raw/stock_daily/301066.SZ.csv
正在获取2489/5426 显盈科技(301067.SZ) [20150105 , 20250827 )的数据...
  获取到 951 条数据，保存到 /data/data_liy/quant/raw/stock_daily/301067.SZ.csv
正在获取2490/5426 大地海洋(301068.SZ) [20150105 , 20250827 )的数据...
  获取到 937 条数据，保存到 /data/data_liy/quant/raw/stock_daily/301068.SZ.csv
正在获取2491/5426 凯盛新材(301069.SZ) [20150105 , 20250827 )的数据...
  获取到 948 条数据，保存到 /data/data_liy/quant/raw/stock_daily/301069.SZ.csv
正在获取2492/5426 开勒股份(301070.SZ) [20150105 , 20250827 )的数据...
  获取到 950 条数据，保存到 /data/data_liy/quant/raw/stock_daily/301070.SZ.csv
正在获取2493/5426 力量钻石(301071.SZ) [20150105 , 20250827 )的数据...
  获取到 949 条数据，保存到 /data/data_liy/quant/raw/stock_daily/301071.SZ.csv
正在获取2494/5426 中捷精工(301072.SZ) [20150105 , 20250827 )的数据...
  获取到 946 条数据，保存到 /data/data_liy/quant/raw/stock_daily/301072.SZ.csv
正在获取2495/5426 君亭酒店(301073.SZ) [20150105 , 20250827 )的数据...
  获取到 945 条数据，保存到 /data/data_liy/quant/raw/stock_daily/301073.SZ.csv
正在获取2496/5426 多瑞医药(301075.SZ) [20150105 , 20250827 )的数据...
  获取到 946 条数据，保存到 /data/data_liy/quant/raw/stock_daily/301075.SZ.csv
正在获取2497/5426 新瀚新材(301076.SZ) [20150105 , 20250827 )的数据...
  获取到 943 条数据，保存到 /data/data_liy/quant/raw/stock_daily/301076.SZ.csv
正在获取2498/5426 星华新材(301077.SZ) [20150105 , 20250827 )的数据...
  获取到 945 条数据，保存到 /data/data_liy/quant/raw/stock_daily/301077.SZ.csv
正在获取2499/5426 孩子王(301078.SZ) [20150105 , 20250827 )的数据...
  获取到 940 条数据，保存到 /data/data_liy/quant/raw/stock_daily/301078.SZ.csv
正在获取2500/5426 邵阳液压(301079.SZ) [20150105 , 20250827 )的数据...
  获取到 927 条数据，保存到 /data/data_liy/quant/raw/stock_daily/301079.SZ.csv
正在获取2501/5426 百普赛斯(301080.SZ) [20150105 , 20250827 )的数据...
  获取到 938 条数据，保存到 /data/data_liy/quant/raw/stock_daily/301080.SZ.csv
正在获取2502/5426 严牌股份(301081.SZ) [20150105 , 20250827 )的数据...
  获取到 936 条数据，保存到 /data/data_liy/quant/raw/stock_daily/301081.SZ.csv
正在获取2503/5426 久盛电气(301082.SZ) [20150105 , 20250827 )的数据...
  获取到 931 条数据，保存到 /data/data_liy/quant/raw/stock_daily/301082.SZ.csv
正在获取2504/5426 百胜智能(301083.SZ) [20150105 , 20250827 )的数据...
  获取到 935 条数据，保存到 /data/data_liy/quant/raw/stock_daily/301083.SZ.csv
正在获取2505/5426 亚康股份(301085.SZ) [20150105 , 20250827 )的数据...
  获取到 938 条数据，保存到 /data/data_liy/quant/raw/stock_daily/301085.SZ.csv
正在获取2506/5426 鸿富瀚(301086.SZ) [20150105 , 20250827 )的数据...
  获取到 936 条数据，保存到 /data/data_liy/quant/raw/stock_daily/301086.SZ.csv
正在获取2507/5426 可孚医疗(301087.SZ) [20150105 , 20250827 )的数据...
  获取到 933 条数据，保存到 /data/data_liy/quant/raw/stock_daily/301087.SZ.csv
正在获取2508/5426 戎美股份(301088.SZ) [20150105 , 20250827 )的数据...
  获取到 930 条数据，保存到 /data/data_liy/quant/raw/stock_daily/301088.SZ.csv
正在获取2509/5426 拓新药业(301089.SZ) [20150105 , 20250827 )的数据...
  获取到 926 条数据，保存到 /data/data_liy/quant/raw/stock_daily/301089.SZ.csv
正在获取2510/5426 华润材料(301090.SZ) [20150105 , 20250827 )的数据...
  获取到 932 条数据，保存到 /data/data_liy/quant/raw/stock_daily/301090.SZ.csv
正在获取2511/5426 深城交(301091.SZ) [20150105 , 20250827 )的数据...
  获取到 929 条数据，保存到 /data/data_liy/quant/raw/stock_daily/301091.SZ.csv
正在获取2512/5426 争光股份(301092.SZ) [20150105 , 20250827 )的数据...
HTTPConnectionPool(host='api.waditu.com', port=80): Max retries exceeded with url: /dataapi/adj_factor (Caused by NameResolutionError("<urllib3.connection.HTTPConnection object at 0x7f6a0461ffd0>: Failed to resolve 'api.waditu.com' ([Errno -2] Name or service not known)"))
  获取到 927 条数据，保存到 /data/data_liy/quant/raw/stock_daily/301092.SZ.csv
正在获取2513/5426 华兰股份(301093.SZ) [20150105 , 20250827 )的数据...
  获取到 928 条数据，保存到 /data/data_liy/quant/raw/stock_daily/301093.SZ.csv
正在获取2514/5426 广立微(301095.SZ) [20150105 , 20250827 )的数据...
  获取到 741 条数据，保存到 /data/data_liy/quant/raw/stock_daily/301095.SZ.csv
正在获取2515/5426 百诚医药(301096.SZ) [20150105 , 20250827 )的数据...
  获取到 893 条数据，保存到 /data/data_liy/quant/raw/stock_daily/301096.SZ.csv
正在获取2516/5426 天益医疗(301097.SZ) [20150105 , 20250827 )的数据...
  获取到 823 条数据，保存到 /data/data_liy/quant/raw/stock_daily/301097.SZ.csv
正在获取2517/5426 金埔园林(301098.SZ) [20150105 , 20250827 )的数据...
  获取到 919 条数据，保存到 /data/data_liy/quant/raw/stock_daily/301098.SZ.csv
正在获取2518/5426 雅创电子(301099.SZ) [20150105 , 20250827 )的数据...
  获取到 913 条数据，保存到 /data/data_liy/quant/raw/stock_daily/301099.SZ.csv
正在获取2519/5426 风光股份(301100.SZ) [20150105 , 20250827 )的数据...
  获取到 894 条数据，保存到 /data/data_liy/quant/raw/stock_daily/301100.SZ.csv
正在获取2520/5426 明月镜片(301101.SZ) [20150105 , 20250827 )的数据...
  获取到 895 条数据，保存到 /data/data_liy/quant/raw/stock_daily/301101.SZ.csv
正在获取2521/5426 兆讯传媒(301102.SZ) [20150105 , 20250827 )的数据...
  获取到 829 条数据，保存到 /data/data_liy/quant/raw/stock_daily/301102.SZ.csv
正在获取2522/5426 何氏眼科(301103.SZ) [20150105 , 20250827 )的数据...
  获取到 833 条数据，保存到 /data/data_liy/quant/raw/stock_daily/301103.SZ.csv
正在获取2523/5426 鸿铭股份(301105.SZ) [20150105 , 20250827 )的数据...
  获取到 642 条数据，保存到 /data/data_liy/quant/raw/stock_daily/301105.SZ.csv
正在获取2524/5426 骏成科技(301106.SZ) [20150105 , 20250827 )的数据...
  获取到 855 条数据，保存到 /data/data_liy/quant/raw/stock_daily/301106.SZ.csv
正在获取2525/5426 瑜欣电子(301107.SZ) [20150105 , 20250827 )的数据...
  获取到 793 条数据，保存到 /data/data_liy/quant/raw/stock_daily/301107.SZ.csv
正在获取2526/5426 洁雅股份(301108.SZ) [20150105 , 20250827 )的数据...
  获取到 904 条数据，保存到 /data/data_liy/quant/raw/stock_daily/301108.SZ.csv
正在获取2527/5426 军信股份(301109.SZ) [20150105 , 20250827 )的数据...
  获取到 809 条数据，保存到 /data/data_liy/quant/raw/stock_daily/301109.SZ.csv
正在获取2528/5426 青木科技(301110.SZ) [20150105 , 20250827 )的数据...
  获取到 840 条数据，保存到 /data/data_liy/quant/raw/stock_daily/301110.SZ.csv
正在获取2529/5426 粤万年青(301111.SZ) [20150105 , 20250827 )的数据...
  获取到 902 条数据，保存到 /data/data_liy/quant/raw/stock_daily/301111.SZ.csv
正在获取2530/5426 信邦智能(301112.SZ) [20150105 , 20250827 )的数据...
  获取到 758 条数据，保存到 /data/data_liy/quant/raw/stock_daily/301112.SZ.csv
正在获取2531/5426 雅艺科技(301113.SZ) [20150105 , 20250827 )的数据...
  获取到 891 条数据，保存到 /data/data_liy/quant/raw/stock_daily/301113.SZ.csv
正在获取2532/5426 联检科技(301115.SZ) [20150105 , 20250827 )的数据...
  获取到 723 条数据，保存到 /data/data_liy/quant/raw/stock_daily/301115.SZ.csv
正在获取2533/5426 益客食品(301116.SZ) [20150105 , 20250827 )的数据...
  获取到 873 条数据，保存到 /data/data_liy/quant/raw/stock_daily/301116.SZ.csv
正在获取2534/5426 佳缘科技(301117.SZ) [20150105 , 20250827 )的数据...
  获取到 874 条数据，保存到 /data/data_liy/quant/raw/stock_daily/301117.SZ.csv
正在获取2535/5426 恒光股份(301118.SZ) [20150105 , 20250827 )的数据...
  获取到 915 条数据，保存到 /data/data_liy/quant/raw/stock_daily/301118.SZ.csv
正在获取2536/5426 正强股份(301119.SZ) [20150105 , 20250827 )的数据...
  获取到 913 条数据，保存到 /data/data_liy/quant/raw/stock_daily/301119.SZ.csv
正在获取2537/5426 新特电气(301120.SZ) [20150105 , 20250827 )的数据...
  获取到 815 条数据，保存到 /data/data_liy/quant/raw/stock_daily/301120.SZ.csv
正在获取2538/5426 紫建电子(301121.SZ) [20150105 , 20250827 )的数据...
  获取到 740 条数据，保存到 /data/data_liy/quant/raw/stock_daily/301121.SZ.csv
正在获取2539/5426 采纳股份(301122.SZ) [20150105 , 20250827 )的数据...
  获取到 867 条数据，保存到 /data/data_liy/quant/raw/stock_daily/301122.SZ.csv
正在获取2540/5426 奕东电子(301123.SZ) [20150105 , 20250827 )的数据...
  获取到 868 条数据，保存到 /data/data_liy/quant/raw/stock_daily/301123.SZ.csv
正在获取2541/5426 腾亚精工(301125.SZ) [20150105 , 20250827 )的数据...
  获取到 783 条数据，保存到 /data/data_liy/quant/raw/stock_daily/301125.SZ.csv
正在获取2542/5426 达嘉维康(301126.SZ) [20150105 , 20250827 )的数据...
  获取到 902 条数据，保存到 /data/data_liy/quant/raw/stock_daily/301126.SZ.csv
正在获取2543/5426 武汉天源(301127.SZ) [20150105 , 20250827 )的数据...
  获取到 885 条数据，保存到 /data/data_liy/quant/raw/stock_daily/301127.SZ.csv
正在获取2544/5426 强瑞技术(301128.SZ) [20150105 , 20250827 )的数据...
  获取到 921 条数据，保存到 /data/data_liy/quant/raw/stock_daily/301128.SZ.csv
正在获取2545/5426 瑞纳智能(301129.SZ) [20150105 , 20250827 )的数据...
  获取到 927 条数据，保存到 /data/data_liy/quant/raw/stock_daily/301129.SZ.csv
正在获取2546/5426 西点药业(301130.SZ) [20150105 , 20250827 )的数据...
  获取到 852 条数据，保存到 /data/data_liy/quant/raw/stock_daily/301130.SZ.csv
正在获取2547/5426 聚赛龙(301131.SZ) [20150105 , 20250827 )的数据...
  获取到 839 条数据，保存到 /data/data_liy/quant/raw/stock_daily/301131.SZ.csv
正在获取2548/5426 满坤科技(301132.SZ) [20150105 , 20250827 )的数据...
  获取到 738 条数据，保存到 /data/data_liy/quant/raw/stock_daily/301132.SZ.csv
正在获取2549/5426 金钟股份(301133.SZ) [20150105 , 20250827 )的数据...
  获取到 909 条数据，保存到 /data/data_liy/quant/raw/stock_daily/301133.SZ.csv
正在获取2550/5426 瑞德智能(301135.SZ) [20150105 , 20250827 )的数据...
  获取到 820 条数据，保存到 /data/data_liy/quant/raw/stock_daily/301135.SZ.csv
正在获取2551/5426 招标股份(301136.SZ) [20150105 , 20250827 )的数据...
  获取到 878 条数据，保存到 /data/data_liy/quant/raw/stock_daily/301136.SZ.csv
正在获取2552/5426 哈焊华通(301137.SZ) [20150105 , 20250827 )的数据...
  获取到 833 条数据，保存到 /data/data_liy/quant/raw/stock_daily/301137.SZ.csv
正在获取2553/5426 华研精机(301138.SZ) [20150105 , 20250827 )的数据...
  获取到 896 条数据，保存到 /data/data_liy/quant/raw/stock_daily/301138.SZ.csv
正在获取2554/5426 元道通信(301139.SZ) [20150105 , 20250827 )的数据...
  获取到 761 条数据，保存到 /data/data_liy/quant/raw/stock_daily/301139.SZ.csv
正在获取2555/5426 中科磁业(301141.SZ) [20150105 , 20250827 )的数据...
  获取到 582 条数据，保存到 /data/data_liy/quant/raw/stock_daily/301141.SZ.csv
正在获取2556/5426 嘉戎技术(301148.SZ) [20150105 , 20250827 )的数据...
  获取到 813 条数据，保存到 /data/data_liy/quant/raw/stock_daily/301148.SZ.csv
正在获取2557/5426 隆华新材(301149.SZ) [20150105 , 20250827 )的数据...
  获取到 921 条数据，保存到 /data/data_liy/quant/raw/stock_daily/301149.SZ.csv
正在获取2558/5426 中一科技(301150.SZ) [20150105 , 20250827 )的数据...
  获取到 813 条数据，保存到 /data/data_liy/quant/raw/stock_daily/301150.SZ.csv
正在获取2559/5426 冠龙节能(301151.SZ) [20150105 , 20250827 )的数据...
  获取到 821 条数据，保存到 /data/data_liy/quant/raw/stock_daily/301151.SZ.csv
正在获取2560/5426 天力锂能(301152.SZ) [20150105 , 20250827 )的数据...
  获取到 725 条数据，保存到 /data/data_liy/quant/raw/stock_daily/301152.SZ.csv
正在获取2561/5426 中科江南(301153.SZ) [20150105 , 20250827 )的数据...
  获取到 797 条数据，保存到 /data/data_liy/quant/raw/stock_daily/301153.SZ.csv
正在获取2562/5426 海力风电(301155.SZ) [20150105 , 20250827 )的数据...
  获取到 911 条数据，保存到 /data/data_liy/quant/raw/stock_daily/301155.SZ.csv
正在获取2563/5426 美农生物(301156.SZ) [20150105 , 20250827 )的数据...
  获取到 776 条数据，保存到 /data/data_liy/quant/raw/stock_daily/301156.SZ.csv
正在获取2564/5426 华塑科技(301157.SZ) [20150105 , 20250827 )的数据...
  获取到 599 条数据，保存到 /data/data_liy/quant/raw/stock_daily/301157.SZ.csv
正在获取2565/5426 德石股份(301158.SZ) [20150105 , 20250827 )的数据...
  获取到 874 条数据，保存到 /data/data_liy/quant/raw/stock_daily/301158.SZ.csv
正在获取2566/5426 三维天地(301159.SZ) [20150105 , 20250827 )的数据...
  获取到 880 条数据，保存到 /data/data_liy/quant/raw/stock_daily/301159.SZ.csv
正在获取2567/5426 翔楼新材(301160.SZ) [20150105 , 20250827 )的数据...
  获取到 785 条数据，保存到 /data/data_liy/quant/raw/stock_daily/301160.SZ.csv
正在获取2568/5426 唯万密封(301161.SZ) [20150105 , 20250827 )的数据...
  获取到 714 条数据，保存到 /data/data_liy/quant/raw/stock_daily/301161.SZ.csv
正在获取2569/5426 国能日新(301162.SZ) [20150105 , 20250827 )的数据...
  获取到 807 条数据，保存到 /data/data_liy/quant/raw/stock_daily/301162.SZ.csv
正在获取2570/5426 宏德股份(301163.SZ) [20150105 , 20250827 )的数据...
  获取到 815 条数据，保存到 /data/data_liy/quant/raw/stock_daily/301163.SZ.csv
正在获取2571/5426 锐捷网络(301165.SZ) [20150105 , 20250827 )的数据...
  获取到 671 条数据，保存到 /data/data_liy/quant/raw/stock_daily/301165.SZ.csv
正在获取2572/5426 优宁维(301166.SZ) [20150105 , 20250827 )的数据...
  获取到 887 条数据，保存到 /data/data_liy/quant/raw/stock_daily/301166.SZ.csv
正在获取2573/5426 建研设计(301167.SZ) [20150105 , 20250827 )的数据...
  获取到 903 条数据，保存到 /data/data_liy/quant/raw/stock_daily/301167.SZ.csv
正在获取2574/5426 通灵股份(301168.SZ) [20150105 , 20250827 )的数据...
  获取到 899 条数据，保存到 /data/data_liy/quant/raw/stock_daily/301168.SZ.csv
正在获取2575/5426 零点有数(301169.SZ) [20150105 , 20250827 )的数据...
  获取到 926 条数据，保存到 /data/data_liy/quant/raw/stock_daily/301169.SZ.csv
正在获取2576/5426 锡南科技(301170.SZ) [20150105 , 20250827 )的数据...
  获取到 527 条数据，保存到 /data/data_liy/quant/raw/stock_daily/301170.SZ.csv
正在获取2577/5426 易点天下(301171.SZ) [20150105 , 20250827 )的数据...
  获取到 731 条数据，保存到 /data/data_liy/quant/raw/stock_daily/301171.SZ.csv
正在获取2578/5426 君逸数码(301172.SZ) [20150105 , 20250827 )的数据...
  获取到 506 条数据，保存到 /data/data_liy/quant/raw/stock_daily/301172.SZ.csv
正在获取2579/5426 毓恬冠佳(301173.SZ) [20150105 , 20250827 )的数据...
  获取到 121 条数据，保存到 /data/data_liy/quant/raw/stock_daily/301173.SZ.csv
正在获取2580/5426 中科环保(301175.SZ) [20150105 , 20250827 )的数据...
  获取到 761 条数据，保存到 /data/data_liy/quant/raw/stock_daily/301175.SZ.csv
正在获取2581/5426 逸豪新材(301176.SZ) [20150105 , 20250827 )的数据...
  获取到 704 条数据，保存到 /data/data_liy/quant/raw/stock_daily/301176.SZ.csv
正在获取2582/5426 迪阿股份(301177.SZ) [20150105 , 20250827 )的数据...
  获取到 896 条数据，保存到 /data/data_liy/quant/raw/stock_daily/301177.SZ.csv
正在获取2583/5426 天亿马(301178.SZ) [20150105 , 20250827 )的数据...
  获取到 909 条数据，保存到 /data/data_liy/quant/raw/stock_daily/301178.SZ.csv
正在获取2584/5426 泽宇智能(301179.SZ) [20150105 , 20250827 )的数据...
  获取到 901 条数据，保存到 /data/data_liy/quant/raw/stock_daily/301179.SZ.csv
正在获取2585/5426 万祥科技(301180.SZ) [20150105 , 20250827 )的数据...
  获取到 917 条数据，保存到 /data/data_liy/quant/raw/stock_daily/301180.SZ.csv
正在获取2586/5426 标榜股份(301181.SZ) [20150105 , 20250827 )的数据...
  获取到 854 条数据，保存到 /data/data_liy/quant/raw/stock_daily/301181.SZ.csv
正在获取2587/5426 凯旺科技(301182.SZ) [20150105 , 20250827 )的数据...
  获取到 890 条数据，保存到 /data/data_liy/quant/raw/stock_daily/301182.SZ.csv
正在获取2588/5426 东田微(301183.SZ) [20150105 , 20250827 )的数据...
  获取到 793 条数据，保存到 /data/data_liy/quant/raw/stock_daily/301183.SZ.csv
正在获取2589/5426 鸥玛软件(301185.SZ) [20150105 , 20250827 )的数据...
  获取到 914 条数据，保存到 /data/data_liy/quant/raw/stock_daily/301185.SZ.csv
正在获取2590/5426 超达装备(301186.SZ) [20150105 , 20250827 )的数据...
  获取到 888 条数据，保存到 /data/data_liy/quant/raw/stock_daily/301186.SZ.csv
正在获取2591/5426 欧圣电气(301187.SZ) [20150105 , 20250827 )的数据...
  获取到 812 条数据，保存到 /data/data_liy/quant/raw/stock_daily/301187.SZ.csv
正在获取2592/5426 力诺药包(301188.SZ) [20150105 , 20250827 )的数据...
  获取到 920 条数据，保存到 /data/data_liy/quant/raw/stock_daily/301188.SZ.csv
正在获取2593/5426 奥尼电子(301189.SZ) [20150105 , 20250827 )的数据...
  获取到 887 条数据，保存到 /data/data_liy/quant/raw/stock_daily/301189.SZ.csv
正在获取2594/5426 善水科技(301190.SZ) [20150105 , 20250827 )的数据...
  获取到 889 条数据，保存到 /data/data_liy/quant/raw/stock_daily/301190.SZ.csv
正在获取2595/5426 菲菱科思(301191.SZ) [20150105 , 20250827 )的数据...
  获取到 791 条数据，保存到 /data/data_liy/quant/raw/stock_daily/301191.SZ.csv
正在获取2596/5426 泰祥股份(301192.SZ) [20150105 , 20250827 )的数据...
  获取到 737 条数据，保存到 /data/data_liy/quant/raw/stock_daily/301192.SZ.csv
正在获取2597/5426 家联科技(301193.SZ) [20150105 , 20250827 )的数据...
  获取到 900 条数据，保存到 /data/data_liy/quant/raw/stock_daily/301193.SZ.csv
正在获取2598/5426 北路智控(301195.SZ) [20150105 , 20250827 )的数据...
  获取到 745 条数据，保存到 /data/data_liy/quant/raw/stock_daily/301195.SZ.csv
正在获取2599/5426 唯科科技(301196.SZ) [20150105 , 20250827 )的数据...
  获取到 878 条数据，保存到 /data/data_liy/quant/raw/stock_daily/301196.SZ.csv
正在获取2600/5426 工大科雅(301197.SZ) [20150105 , 20250827 )的数据...
  获取到 740 条数据，保存到 /data/data_liy/quant/raw/stock_daily/301197.SZ.csv
正在获取2601/5426 喜悦智行(301198.SZ) [20150105 , 20250827 )的数据...
  获取到 905 条数据，保存到 /data/data_liy/quant/raw/stock_daily/301198.SZ.csv
正在获取2602/5426 迈赫股份(301199.SZ) [20150105 , 20250827 )的数据...
  获取到 902 条数据，保存到 /data/data_liy/quant/raw/stock_daily/301199.SZ.csv
正在获取2603/5426 大族数控(301200.SZ) [20150105 , 20250827 )的数据...
  获取到 849 条数据，保存到 /data/data_liy/quant/raw/stock_daily/301200.SZ.csv
正在获取2604/5426 诚达药业(301201.SZ) [20150105 , 20250827 )的数据...
  获取到 871 条数据，保存到 /data/data_liy/quant/raw/stock_daily/301201.SZ.csv
正在获取2605/5426 朗威股份(301202.SZ) [20150105 , 20250827 )的数据...
  获取到 521 条数据，保存到 /data/data_liy/quant/raw/stock_daily/301202.SZ.csv
正在获取2606/5426 国泰环保(301203.SZ) [20150105 , 20250827 )的数据...
  获取到 581 条数据，保存到 /data/data_liy/quant/raw/stock_daily/301203.SZ.csv
正在获取2607/5426 联特科技(301205.SZ) [20150105 , 20250827 )的数据...
  获取到 715 条数据，保存到 /data/data_liy/quant/raw/stock_daily/301205.SZ.csv
正在获取2608/5426 三元生物(301206.SZ) [20150105 , 20250827 )的数据...
  获取到 861 条数据，保存到 /data/data_liy/quant/raw/stock_daily/301206.SZ.csv
正在获取2609/5426 华兰疫苗(301207.SZ) [20150105 , 20250827 )的数据...
  获取到 855 条数据，保存到 /data/data_liy/quant/raw/stock_daily/301207.SZ.csv
正在获取2610/5426 中亦科技(301208.SZ) [20150105 , 20250827 )的数据...
  获取到 762 条数据，保存到 /data/data_liy/quant/raw/stock_daily/301208.SZ.csv
正在获取2611/5426 联合化学(301209.SZ) [20150105 , 20250827 )的数据...
  获取到 727 条数据，保存到 /data/data_liy/quant/raw/stock_daily/301209.SZ.csv
正在获取2612/5426 金杨股份(301210.SZ) [20150105 , 20250827 )的数据...
  获取到 524 条数据，保存到 /data/data_liy/quant/raw/stock_daily/301210.SZ.csv
正在获取2613/5426 亨迪药业(301211.SZ) [20150105 , 20250827 )的数据...
  获取到 891 条数据，保存到 /data/data_liy/quant/raw/stock_daily/301211.SZ.csv
正在获取2614/5426 联盛化学(301212.SZ) [20150105 , 20250827 )的数据...
  获取到 815 条数据，保存到 /data/data_liy/quant/raw/stock_daily/301212.SZ.csv
正在获取2615/5426 观想科技(301213.SZ) [20150105 , 20250827 )的数据...
  获取到 903 条数据，保存到 /data/data_liy/quant/raw/stock_daily/301213.SZ.csv
正在获取2616/5426 中汽股份(301215.SZ) [20150105 , 20250827 )的数据...
  获取到 843 条数据，保存到 /data/data_liy/quant/raw/stock_daily/301215.SZ.csv
正在获取2617/5426 万凯新材(301216.SZ) [20150105 , 20250827 )的数据...
  获取到 828 条数据，保存到 /data/data_liy/quant/raw/stock_daily/301216.SZ.csv
正在获取2618/5426 铜冠铜箔(301217.SZ) [20150105 , 20250827 )的数据...
  获取到 866 条数据，保存到 /data/data_liy/quant/raw/stock_daily/301217.SZ.csv
正在获取2619/5426 华是科技(301218.SZ) [20150105 , 20250827 )的数据...
  获取到 844 条数据，保存到 /data/data_liy/quant/raw/stock_daily/301218.SZ.csv
正在获取2620/5426 腾远钴业(301219.SZ) [20150105 , 20250827 )的数据...
  获取到 836 条数据，保存到 /data/data_liy/quant/raw/stock_daily/301219.SZ.csv
正在获取2621/5426 亚香股份(301220.SZ) [20150105 , 20250827 )的数据...
  获取到 773 条数据，保存到 /data/data_liy/quant/raw/stock_daily/301220.SZ.csv
正在获取2622/5426 光庭信息(301221.SZ) [20150105 , 20250827 )的数据...
  获取到 891 条数据，保存到 /data/data_liy/quant/raw/stock_daily/301221.SZ.csv
正在获取2623/5426 浙江恒威(301222.SZ) [20150105 , 20250827 )的数据...
  获取到 842 条数据，保存到 /data/data_liy/quant/raw/stock_daily/301222.SZ.csv
正在获取2624/5426 中荣股份(301223.SZ) [20150105 , 20250827 )的数据...
  获取到 689 条数据，保存到 /data/data_liy/quant/raw/stock_daily/301223.SZ.csv
正在获取2625/5426 恒勃股份(301225.SZ) [20150105 , 20250827 )的数据...
  获取到 532 条数据，保存到 /data/data_liy/quant/raw/stock_daily/301225.SZ.csv
正在获取2626/5426 祥明智能(301226.SZ) [20150105 , 20250827 )的数据...
  获取到 830 条数据，保存到 /data/data_liy/quant/raw/stock_daily/301226.SZ.csv
正在获取2627/5426 森鹰窗业(301227.SZ) [20150105 , 20250827 )的数据...
  获取到 706 条数据，保存到 /data/data_liy/quant/raw/stock_daily/301227.SZ.csv
正在获取2628/5426 实朴检测(301228.SZ) [20150105 , 20250827 )的数据...
HTTPConnectionPool(host='api.waditu.com', port=80): Max retries exceeded with url: /dataapi/daily (Caused by NameResolutionError("<urllib3.connection.HTTPConnection object at 0x7f6a04591630>: Failed to resolve 'api.waditu.com' ([Errno -2] Name or service not known)"))
  获取到 865 条数据，保存到 /data/data_liy/quant/raw/stock_daily/301228.SZ.csv
正在获取2629/5426 纽泰格(301229.SZ) [20150105 , 20250827 )的数据...
  获取到 853 条数据，保存到 /data/data_liy/quant/raw/stock_daily/301229.SZ.csv
正在获取2630/5426 泓博医药(301230.SZ) [20150105 , 20250827 )的数据...
  获取到 685 条数据，保存到 /data/data_liy/quant/raw/stock_daily/301230.SZ.csv
正在获取2631/5426 荣信文化(301231.SZ) [20150105 , 20250827 )的数据...
  获取到 717 条数据，保存到 /data/data_liy/quant/raw/stock_daily/301231.SZ.csv
正在获取2632/5426 飞沃科技(301232.SZ) [20150105 , 20250827 )的数据...
  获取到 533 条数据，保存到 /data/data_liy/quant/raw/stock_daily/301232.SZ.csv
正在获取2633/5426 盛帮股份(301233.SZ) [20150105 , 20250827 )的数据...
  获取到 763 条数据，保存到 /data/data_liy/quant/raw/stock_daily/301233.SZ.csv
正在获取2634/5426 五洲医疗(301234.SZ) [20150105 , 20250827 )的数据...
  获取到 764 条数据，保存到 /data/data_liy/quant/raw/stock_daily/301234.SZ.csv
正在获取2635/5426 华康洁净(301235.SZ) [20150105 , 20250827 )的数据...
  获取到 865 条数据，保存到 /data/data_liy/quant/raw/stock_daily/301235.SZ.csv
正在获取2636/5426 软通动力(301236.SZ) [20150105 , 20250827 )的数据...
  获取到 838 条数据，保存到 /data/data_liy/quant/raw/stock_daily/301236.SZ.csv
正在获取2637/5426 和顺科技(301237.SZ) [20150105 , 20250827 )的数据...
  获取到 832 条数据，保存到 /data/data_liy/quant/raw/stock_daily/301237.SZ.csv
正在获取2638/5426 瑞泰新材(301238.SZ) [20150105 , 20250827 )的数据...
  获取到 776 条数据，保存到 /data/data_liy/quant/raw/stock_daily/301238.SZ.csv
正在获取2639/5426 普瑞眼科(301239.SZ) [20150105 , 20250827 )的数据...
  获取到 764 条数据，保存到 /data/data_liy/quant/raw/stock_daily/301239.SZ.csv
正在获取2640/5426 宏源药业(301246.SZ) [20150105 , 20250827 )的数据...
  获取到 592 条数据，保存到 /data/data_liy/quant/raw/stock_daily/301246.SZ.csv
正在获取2641/5426 杰创智能(301248.SZ) [20150105 , 20250827 )的数据...
  获取到 814 条数据，保存到 /data/data_liy/quant/raw/stock_daily/301248.SZ.csv
正在获取2642/5426 威尔高(301251.SZ) [20150105 , 20250827 )的数据...
  获取到 476 条数据，保存到 /data/data_liy/quant/raw/stock_daily/301251.SZ.csv
正在获取2643/5426 同星科技(301252.SZ) [20150105 , 20250827 )的数据...
  获取到 548 条数据，保存到 /data/data_liy/quant/raw/stock_daily/301252.SZ.csv
正在获取2644/5426 通力科技(301255.SZ) [20150105 , 20250827 )的数据...
  获取到 645 条数据，保存到 /data/data_liy/quant/raw/stock_daily/301255.SZ.csv
正在获取2645/5426 华融化学(301256.SZ) [20150105 , 20250827 )的数据...
HTTPConnectionPool(host='api.waditu.com', port=80): Max retries exceeded with url: /dataapi/adj_factor (Caused by NameResolutionError("<urllib3.connection.HTTPConnection object at 0x7f6a04590040>: Failed to resolve 'api.waditu.com' ([Errno -2] Name or service not known)"))
  获取到 833 条数据，保存到 /data/data_liy/quant/raw/stock_daily/301256.SZ.csv
正在获取2646/5426 普蕊斯(301257.SZ) [20150105 , 20250827 )的数据...
  获取到 798 条数据，保存到 /data/data_liy/quant/raw/stock_daily/301257.SZ.csv
正在获取2647/5426 富士莱(301258.SZ) [20150105 , 20250827 )的数据...
  获取到 828 条数据，保存到 /data/data_liy/quant/raw/stock_daily/301258.SZ.csv
正在获取2648/5426 艾布鲁(301259.SZ) [20150105 , 20250827 )的数据...
  获取到 810 条数据，保存到 /data/data_liy/quant/raw/stock_daily/301259.SZ.csv
正在获取2649/5426 格力博(301260.SZ) [20150105 , 20250827 )的数据...
  获取到 620 条数据，保存到 /data/data_liy/quant/raw/stock_daily/301260.SZ.csv
正在获取2650/5426 恒工精密(301261.SZ) [20150105 , 20250827 )的数据...
  获取到 518 条数据，保存到 /data/data_liy/quant/raw/stock_daily/301261.SZ.csv
正在获取2651/5426 海看股份(301262.SZ) [20150105 , 20250827 )的数据...
  获取到 530 条数据，保存到 /data/data_liy/quant/raw/stock_daily/301262.SZ.csv
正在获取2652/5426 泰恩康(301263.SZ) [20150105 , 20250827 )的数据...
  获取到 828 条数据，保存到 /data/data_liy/quant/raw/stock_daily/301263.SZ.csv
正在获取2653/5426 华新环保(301265.SZ) [20150105 , 20250827 )的数据...
  获取到 652 条数据，保存到 /data/data_liy/quant/raw/stock_daily/301265.SZ.csv
正在获取2654/5426 宇邦新材(301266.SZ) [20150105 , 20250827 )的数据...
  获取到 783 条数据，保存到 /data/data_liy/quant/raw/stock_daily/301266.SZ.csv
正在获取2655/5426 华厦眼科(301267.SZ) [20150105 , 20250827 )的数据...
  获取到 681 条数据，保存到 /data/data_liy/quant/raw/stock_daily/301267.SZ.csv
正在获取2656/5426 铭利达(301268.SZ) [20150105 , 20250827 )的数据...
  获取到 823 条数据，保存到 /data/data_liy/quant/raw/stock_daily/301268.SZ.csv
正在获取2657/5426 华大九天(301269.SZ) [20150105 , 20250827 )的数据...
  获取到 736 条数据，保存到 /data/data_liy/quant/raw/stock_daily/301269.SZ.csv
正在获取2658/5426 汉仪股份(301270.SZ) [20150105 , 20250827 )的数据...
  获取到 723 条数据，保存到 /data/data_liy/quant/raw/stock_daily/301270.SZ.csv
正在获取2659/5426 英华特(301272.SZ) [20150105 , 20250827 )的数据...
  获取到 515 条数据，保存到 /data/data_liy/quant/raw/stock_daily/301272.SZ.csv
正在获取2660/5426 瑞晨环保(301273.SZ) [20150105 , 20250827 )的数据...
  获取到 690 条数据，保存到 /data/data_liy/quant/raw/stock_daily/301273.SZ.csv
正在获取2661/5426 汉朔科技(301275.SZ) [20150105 , 20250827 )的数据...
  获取到 115 条数据，保存到 /data/data_liy/quant/raw/stock_daily/301275.SZ.csv
正在获取2662/5426 嘉曼服饰(301276.SZ) [20150105 , 20250827 )的数据...
  获取到 716 条数据，保存到 /data/data_liy/quant/raw/stock_daily/301276.SZ.csv
正在获取2663/5426 新天地(301277.SZ) [20150105 , 20250827 )的数据...
  获取到 674 条数据，保存到 /data/data_liy/quant/raw/stock_daily/301277.SZ.csv
正在获取2664/5426 快可电子(301278.SZ) [20150105 , 20250827 )的数据...
  获取到 742 条数据，保存到 /data/data_liy/quant/raw/stock_daily/301278.SZ.csv
正在获取2665/5426 金道科技(301279.SZ) [20150105 , 20250827 )的数据...
HTTPConnectionPool(host='api.waditu.com', port=80): Max retries exceeded with url: /dataapi/daily (Caused by NameResolutionError("<urllib3.connection.HTTPConnection object at 0x7f6a04591570>: Failed to resolve 'api.waditu.com' ([Errno -2] Name or service not known)"))
  获取到 819 条数据，保存到 /data/data_liy/quant/raw/stock_daily/301279.SZ.csv
正在获取2666/5426 珠城科技(301280.SZ) [20150105 , 20250827 )的数据...
  获取到 646 条数据，保存到 /data/data_liy/quant/raw/stock_daily/301280.SZ.csv
正在获取2667/5426 科源制药(301281.SZ) [20150105 , 20250827 )的数据...
  获取到 571 条数据，保存到 /data/data_liy/quant/raw/stock_daily/301281.SZ.csv
正在获取2668/5426 金禄电子(301282.SZ) [20150105 , 20250827 )的数据...
  获取到 726 条数据，保存到 /data/data_liy/quant/raw/stock_daily/301282.SZ.csv
正在获取2669/5426 聚胶股份(301283.SZ) [20150105 , 20250827 )的数据...
HTTPConnectionPool(host='api.waditu.com', port=80): Max retries exceeded with url: /dataapi/daily (Caused by NameResolutionError("<urllib3.connection.HTTPConnection object at 0x7f6a04591420>: Failed to resolve 'api.waditu.com' ([Errno -2] Name or service not known)"))
  获取到 721 条数据，保存到 /data/data_liy/quant/raw/stock_daily/301283.SZ.csv
正在获取2670/5426 鸿日达(301285.SZ) [20150105 , 20250827 )的数据...
  获取到 704 条数据，保存到 /data/data_liy/quant/raw/stock_daily/301285.SZ.csv
正在获取2671/5426 侨源股份(301286.SZ) [20150105 , 20250827 )的数据...
  获取到 779 条数据，保存到 /data/data_liy/quant/raw/stock_daily/301286.SZ.csv
正在获取2672/5426 康力源(301287.SZ) [20150105 , 20250827 )的数据...
  获取到 534 条数据，保存到 /data/data_liy/quant/raw/stock_daily/301287.SZ.csv
正在获取2673/5426 *ST清研(301288.SZ) [20150105 , 20250827 )的数据...
  获取到 811 条数据，保存到 /data/data_liy/quant/raw/stock_daily/301288.SZ.csv
正在获取2674/5426 国缆检测(301289.SZ) [20150105 , 20250827 )的数据...
  获取到 773 条数据，保存到 /data/data_liy/quant/raw/stock_daily/301289.SZ.csv
正在获取2675/5426 东星医疗(301290.SZ) [20150105 , 20250827 )的数据...
  获取到 664 条数据，保存到 /data/data_liy/quant/raw/stock_daily/301290.SZ.csv
正在获取2676/5426 明阳电气(301291.SZ) [20150105 , 20250827 )的数据...
  获取到 524 条数据，保存到 /data/data_liy/quant/raw/stock_daily/301291.SZ.csv
正在获取2677/5426 海科新源(301292.SZ) [20150105 , 20250827 )的数据...
  获取到 519 条数据，保存到 /data/data_liy/quant/raw/stock_daily/301292.SZ.csv
正在获取2678/5426 三博脑科(301293.SZ) [20150105 , 20250827 )的数据...
  获取到 562 条数据，保存到 /data/data_liy/quant/raw/stock_daily/301293.SZ.csv
正在获取2679/5426 美硕科技(301295.SZ) [20150105 , 20250827 )的数据...
  获取到 526 条数据，保存到 /data/data_liy/quant/raw/stock_daily/301295.SZ.csv
正在获取2680/5426 新巨丰(301296.SZ) [20150105 , 20250827 )的数据...
  获取到 721 条数据，保存到 /data/data_liy/quant/raw/stock_daily/301296.SZ.csv
正在获取2681/5426 富乐德(301297.SZ) [20150105 , 20250827 )的数据...
  获取到 632 条数据，保存到 /data/data_liy/quant/raw/stock_daily/301297.SZ.csv
正在获取2682/5426 东利机械(301298.SZ) [20150105 , 20250827 )的数据...
HTTPConnectionPool(host='api.waditu.com', port=80): Max retries exceeded with url: /dataapi/daily (Caused by NameResolutionError("<urllib3.connection.HTTPConnection object at 0x7f6a04591b70>: Failed to resolve 'api.waditu.com' ([Errno -2] Name or service not known)"))
  获取到 785 条数据，保存到 /data/data_liy/quant/raw/stock_daily/301298.SZ.csv
正在获取2683/5426 卓创资讯(301299.SZ) [20150105 , 20250827 )的数据...
  获取到 694 条数据，保存到 /data/data_liy/quant/raw/stock_daily/301299.SZ.csv
正在获取2684/5426 远翔新材(301300.SZ) [20150105 , 20250827 )的数据...
  获取到 731 条数据，保存到 /data/data_liy/quant/raw/stock_daily/301300.SZ.csv
正在获取2685/5426 川宁生物(301301.SZ) [20150105 , 20250827 )的数据...
  获取到 645 条数据，保存到 /data/data_liy/quant/raw/stock_daily/301301.SZ.csv
正在获取2686/5426 华如科技(301302.SZ) [20150105 , 20250827 )的数据...
  获取到 772 条数据，保存到 /data/data_liy/quant/raw/stock_daily/301302.SZ.csv
正在获取2687/5426 真兰仪表(301303.SZ) [20150105 , 20250827 )的数据...
  获取到 612 条数据，保存到 /data/data_liy/quant/raw/stock_daily/301303.SZ.csv
正在获取2688/5426 朗坤科技(301305.SZ) [20150105 , 20250827 )的数据...
  获取到 550 条数据，保存到 /data/data_liy/quant/raw/stock_daily/301305.SZ.csv
正在获取2689/5426 西测测试(301306.SZ) [20150105 , 20250827 )的数据...
  获取到 749 条数据，保存到 /data/data_liy/quant/raw/stock_daily/301306.SZ.csv
正在获取2690/5426 美利信(301307.SZ) [20150105 , 20250827 )的数据...
  获取到 568 条数据，保存到 /data/data_liy/quant/raw/stock_daily/301307.SZ.csv
正在获取2691/5426 江波龙(301308.SZ) [20150105 , 20250827 )的数据...
  获取到 741 条数据，保存到 /data/data_liy/quant/raw/stock_daily/301308.SZ.csv
正在获取2692/5426 万得凯(301309.SZ) [20150105 , 20250827 )的数据...
  获取到 711 条数据，保存到 /data/data_liy/quant/raw/stock_daily/301309.SZ.csv
正在获取2693/5426 鑫宏业(301310.SZ) [20150105 , 20250827 )的数据...
  获取到 542 条数据，保存到 /data/data_liy/quant/raw/stock_daily/301310.SZ.csv
正在获取2694/5426 昆船智能(301311.SZ) [20150105 , 20250827 )的数据...
  获取到 664 条数据，保存到 /data/data_liy/quant/raw/stock_daily/301311.SZ.csv
正在获取2695/5426 智立方(301312.SZ) [20150105 , 20250827 )的数据...
  获取到 760 条数据，保存到 /data/data_liy/quant/raw/stock_daily/301312.SZ.csv
正在获取2696/5426 凡拓数创(301313.SZ) [20150105 , 20250827 )的数据...
  获取到 702 条数据，保存到 /data/data_liy/quant/raw/stock_daily/301313.SZ.csv
正在获取2697/5426 科瑞思(301314.SZ) [20150105 , 20250827 )的数据...
  获取到 586 条数据，保存到 /data/data_liy/quant/raw/stock_daily/301314.SZ.csv
正在获取2698/5426 威士顿(301315.SZ) [20150105 , 20250827 )的数据...
  获取到 529 条数据，保存到 /data/data_liy/quant/raw/stock_daily/301315.SZ.csv
正在获取2699/5426 慧博云通(301316.SZ) [20150105 , 20250827 )的数据...
  获取到 688 条数据，保存到 /data/data_liy/quant/raw/stock_daily/301316.SZ.csv
正在获取2700/5426 鑫磊股份(301317.SZ) [20150105 , 20250827 )的数据...
  获取到 629 条数据，保存到 /data/data_liy/quant/raw/stock_daily/301317.SZ.csv
正在获取2701/5426 维海德(301318.SZ) [20150105 , 20250827 )的数据...
  获取到 738 条数据，保存到 /data/data_liy/quant/raw/stock_daily/301318.SZ.csv
正在获取2702/5426 唯特偶(301319.SZ) [20150105 , 20250827 )的数据...
  获取到 703 条数据，保存到 /data/data_liy/quant/raw/stock_daily/301319.SZ.csv
正在获取2703/5426 豪江智能(301320.SZ) [20150105 , 20250827 )的数据...
  获取到 537 条数据，保存到 /data/data_liy/quant/raw/stock_daily/301320.SZ.csv
正在获取2704/5426 翰博高新(301321.SZ) [20150105 , 20250827 )的数据...
  获取到 732 条数据，保存到 /data/data_liy/quant/raw/stock_daily/301321.SZ.csv
正在获取2705/5426 绿通科技(301322.SZ) [20150105 , 20250827 )的数据...
  获取到 602 条数据，保存到 /data/data_liy/quant/raw/stock_daily/301322.SZ.csv
正在获取2706/5426 新莱福(301323.SZ) [20150105 , 20250827 )的数据...
  获取到 530 条数据，保存到 /data/data_liy/quant/raw/stock_daily/301323.SZ.csv
正在获取2707/5426 曼恩斯特(301325.SZ) [20150105 , 20250827 )的数据...
  获取到 557 条数据，保存到 /data/data_liy/quant/raw/stock_daily/301325.SZ.csv
正在获取2708/5426 捷邦科技(301326.SZ) [20150105 , 20250827 )的数据...
  获取到 709 条数据，保存到 /data/data_liy/quant/raw/stock_daily/301326.SZ.csv
正在获取2709/5426 华宝新能(301327.SZ) [20150105 , 20250827 )的数据...
  获取到 711 条数据，保存到 /data/data_liy/quant/raw/stock_daily/301327.SZ.csv
正在获取2710/5426 维峰电子(301328.SZ) [20150105 , 20250827 )的数据...
  获取到 717 条数据，保存到 /data/data_liy/quant/raw/stock_daily/301328.SZ.csv
正在获取2711/5426 信音电子(301329.SZ) [20150105 , 20250827 )的数据...
  获取到 513 条数据，保存到 /data/data_liy/quant/raw/stock_daily/301329.SZ.csv
正在获取2712/5426 熵基科技(301330.SZ) [20150105 , 20250827 )的数据...
  获取到 733 条数据，保存到 /data/data_liy/quant/raw/stock_daily/301330.SZ.csv
正在获取2713/5426 恩威医药(301331.SZ) [20150105 , 20250827 )的数据...
  获取到 709 条数据，保存到 /data/data_liy/quant/raw/stock_daily/301331.SZ.csv
正在获取2714/5426 德尔玛(301332.SZ) [20150105 , 20250827 )的数据...
  获取到 553 条数据，保存到 /data/data_liy/quant/raw/stock_daily/301332.SZ.csv
正在获取2715/5426 诺思格(301333.SZ) [20150105 , 20250827 )的数据...
  获取到 744 条数据，保存到 /data/data_liy/quant/raw/stock_daily/301333.SZ.csv
正在获取2716/5426 天元宠物(301335.SZ) [20150105 , 20250827 )的数据...
  获取到 662 条数据，保存到 /data/data_liy/quant/raw/stock_daily/301335.SZ.csv
正在获取2717/5426 趣睡科技(301336.SZ) [20150105 , 20250827 )的数据...
  获取到 736 条数据，保存到 /data/data_liy/quant/raw/stock_daily/301336.SZ.csv
正在获取2718/5426 亚华电子(301337.SZ) [20150105 , 20250827 )的数据...
  获取到 547 条数据，保存到 /data/data_liy/quant/raw/stock_daily/301337.SZ.csv
正在获取2719/5426 凯格精机(301338.SZ) [20150105 , 20250827 )的数据...
HTTPConnectionPool(host='api.waditu.com', port=80): Max retries exceeded with url: /dataapi/adj_factor (Caused by NameResolutionError("<urllib3.connection.HTTPConnection object at 0x7f6a04591540>: Failed to resolve 'api.waditu.com' ([Errno -2] Name or service not known)"))
  获取到 734 条数据，保存到 /data/data_liy/quant/raw/stock_daily/301338.SZ.csv
正在获取2720/5426 通行宝(301339.SZ) [20150105 , 20250827 )的数据...
  获取到 716 条数据，保存到 /data/data_liy/quant/raw/stock_daily/301339.SZ.csv
正在获取2721/5426 涛涛车业(301345.SZ) [20150105 , 20250827 )的数据...
  获取到 591 条数据，保存到 /data/data_liy/quant/raw/stock_daily/301345.SZ.csv
正在获取2722/5426 蓝箭电子(301348.SZ) [20150105 , 20250827 )的数据...
  获取到 495 条数据，保存到 /data/data_liy/quant/raw/stock_daily/301348.SZ.csv
正在获取2723/5426 信德新材(301349.SZ) [20150105 , 20250827 )的数据...
  获取到 716 条数据，保存到 /data/data_liy/quant/raw/stock_daily/301349.SZ.csv
正在获取2724/5426 普莱得(301353.SZ) [20150105 , 20250827 )的数据...
HTTPConnectionPool(host='api.waditu.com', port=80): Max retries exceeded with url: /dataapi/adj_factor (Caused by NameResolutionError("<urllib3.connection.HTTPConnection object at 0x7f6a04591390>: Failed to resolve 'api.waditu.com' ([Errno -2] Name or service not known)"))
  获取到 545 条数据，保存到 /data/data_liy/quant/raw/stock_daily/301353.SZ.csv
正在获取2725/5426 南王科技(301355.SZ) [20150105 , 20250827 )的数据...
HTTPConnectionPool(host='api.waditu.com', port=80): Max retries exceeded with url: /dataapi/daily (Caused by NameResolutionError("<urllib3.connection.HTTPConnection object at 0x7f6a04590df0>: Failed to resolve 'api.waditu.com' ([Errno -2] Name or service not known)"))
  获取到 536 条数据，保存到 /data/data_liy/quant/raw/stock_daily/301355.SZ.csv
正在获取2726/5426 天振股份(301356.SZ) [20150105 , 20250827 )的数据...
  获取到 676 条数据，保存到 /data/data_liy/quant/raw/stock_daily/301356.SZ.csv
正在获取2727/5426 北方长龙(301357.SZ) [20150105 , 20250827 )的数据...
  获取到 562 条数据，保存到 /data/data_liy/quant/raw/stock_daily/301357.SZ.csv
正在获取2728/5426 湖南裕能(301358.SZ) [20150105 , 20250827 )的数据...
  获取到 619 条数据，保存到 /data/data_liy/quant/raw/stock_daily/301358.SZ.csv
正在获取2729/5426 东南电子(301359.SZ) [20150105 , 20250827 )的数据...
  获取到 679 条数据，保存到 /data/data_liy/quant/raw/stock_daily/301359.SZ.csv
正在获取2730/5426 荣旗科技(301360.SZ) [20150105 , 20250827 )的数据...
HTTPConnectionPool(host='api.waditu.com', port=80): Max retries exceeded with url: /dataapi/adj_factor (Caused by NameResolutionError("<urllib3.connection.HTTPConnection object at 0x7f6a045904c0>: Failed to resolve 'api.waditu.com' ([Errno -2] Name or service not known)"))
  获取到 567 条数据，保存到 /data/data_liy/quant/raw/stock_daily/301360.SZ.csv
正在获取2731/5426 众智科技(301361.SZ) [20150105 , 20250827 )的数据...
  获取到 674 条数据，保存到 /data/data_liy/quant/raw/stock_daily/301361.SZ.csv
正在获取2732/5426 民爆光电(301362.SZ) [20150105 , 20250827 )的数据...
  获取到 499 条数据，保存到 /data/data_liy/quant/raw/stock_daily/301362.SZ.csv
正在获取2733/5426 美好医疗(301363.SZ) [20150105 , 20250827 )的数据...
  获取到 699 条数据，保存到 /data/data_liy/quant/raw/stock_daily/301363.SZ.csv
正在获取2734/5426 矩阵股份(301365.SZ) [20150105 , 20250827 )的数据...
  获取到 670 条数据，保存到 /data/data_liy/quant/raw/stock_daily/301365.SZ.csv
正在获取2735/5426 一博科技(301366.SZ) [20150105 , 20250827 )的数据...
  获取到 706 条数据，保存到 /data/data_liy/quant/raw/stock_daily/301366.SZ.csv
正在获取2736/5426 瑞迈特(301367.SZ) [20150105 , 20250827 )的数据...
  获取到 685 条数据，保存到 /data/data_liy/quant/raw/stock_daily/301367.SZ.csv
正在获取2737/5426 丰立智能(301368.SZ) [20150105 , 20250827 )的数据...
  获取到 653 条数据，保存到 /data/data_liy/quant/raw/stock_daily/301368.SZ.csv
正在获取2738/5426 联动科技(301369.SZ) [20150105 , 20250827 )的数据...
  获取到 708 条数据，保存到 /data/data_liy/quant/raw/stock_daily/301369.SZ.csv
正在获取2739/5426 国科恒泰(301370.SZ) [20150105 , 20250827 )的数据...
  获取到 516 条数据，保存到 /data/data_liy/quant/raw/stock_daily/301370.SZ.csv
正在获取2740/5426 敷尔佳(301371.SZ) [20150105 , 20250827 )的数据...
  获取到 502 条数据，保存到 /data/data_liy/quant/raw/stock_daily/301371.SZ.csv
正在获取2741/5426 科净源(301372.SZ) [20150105 , 20250827 )的数据...
  获取到 494 条数据，保存到 /data/data_liy/quant/raw/stock_daily/301372.SZ.csv
正在获取2742/5426 凌玮科技(301373.SZ) [20150105 , 20250827 )的数据...
  获取到 620 条数据，保存到 /data/data_liy/quant/raw/stock_daily/301373.SZ.csv
正在获取2743/5426 致欧科技(301376.SZ) [20150105 , 20250827 )的数据...
  获取到 529 条数据，保存到 /data/data_liy/quant/raw/stock_daily/301376.SZ.csv
正在获取2744/5426 鼎泰高科(301377.SZ) [20150105 , 20250827 )的数据...
  获取到 670 条数据，保存到 /data/data_liy/quant/raw/stock_daily/301377.SZ.csv
正在获取2745/5426 通达海(301378.SZ) [20150105 , 20250827 )的数据...
  获取到 592 条数据，保存到 /data/data_liy/quant/raw/stock_daily/301378.SZ.csv
正在获取2746/5426 天山电子(301379.SZ) [20150105 , 20250827 )的数据...
  获取到 685 条数据，保存到 /data/data_liy/quant/raw/stock_daily/301379.SZ.csv
正在获取2747/5426 挖金客(301380.SZ) [20150105 , 20250827 )的数据...
  获取到 690 条数据，保存到 /data/data_liy/quant/raw/stock_daily/301380.SZ.csv
正在获取2748/5426 赛维时代(301381.SZ) [20150105 , 20250827 )的数据...
  获取到 516 条数据，保存到 /data/data_liy/quant/raw/stock_daily/301381.SZ.csv
正在获取2749/5426 蜂助手(301382.SZ) [20150105 , 20250827 )的数据...
  获取到 554 条数据，保存到 /data/data_liy/quant/raw/stock_daily/301382.SZ.csv
正在获取2750/5426 天键股份(301383.SZ) [20150105 , 20250827 )的数据...
  获取到 537 条数据，保存到 /data/data_liy/quant/raw/stock_daily/301383.SZ.csv
正在获取2751/5426 未来电器(301386.SZ) [20150105 , 20250827 )的数据...
  获取到 585 条数据，保存到 /data/data_liy/quant/raw/stock_daily/301386.SZ.csv
正在获取2752/5426 光大同创(301387.SZ) [20150105 , 20250827 )的数据...
  获取到 572 条数据，保存到 /data/data_liy/quant/raw/stock_daily/301387.SZ.csv
正在获取2753/5426 欣灵电气(301388.SZ) [20150105 , 20250827 )的数据...
  获取到 679 条数据，保存到 /data/data_liy/quant/raw/stock_daily/301388.SZ.csv
正在获取2754/5426 隆扬电子(301389.SZ) [20150105 , 20250827 )的数据...
  获取到 686 条数据，保存到 /data/data_liy/quant/raw/stock_daily/301389.SZ.csv
正在获取2755/5426 经纬股份(301390.SZ) [20150105 , 20250827 )的数据...
  获取到 561 条数据，保存到 /data/data_liy/quant/raw/stock_daily/301390.SZ.csv
正在获取2756/5426 卡莱特(301391.SZ) [20150105 , 20250827 )的数据...
  获取到 663 条数据，保存到 /data/data_liy/quant/raw/stock_daily/301391.SZ.csv
正在获取2757/5426 汇成真空(301392.SZ) [20150105 , 20250827 )的数据...
  获取到 299 条数据，保存到 /data/data_liy/quant/raw/stock_daily/301392.SZ.csv
正在获取2758/5426 昊帆生物(301393.SZ) [20150105 , 20250827 )的数据...
  获取到 516 条数据，保存到 /data/data_liy/quant/raw/stock_daily/301393.SZ.csv
正在获取2759/5426 仁信新材(301395.SZ) [20150105 , 20250827 )的数据...
  获取到 523 条数据，保存到 /data/data_liy/quant/raw/stock_daily/301395.SZ.csv
正在获取2760/5426 宏景科技(301396.SZ) [20150105 , 20250827 )的数据...
  获取到 677 条数据，保存到 /data/data_liy/quant/raw/stock_daily/301396.SZ.csv
正在获取2761/5426 溯联股份(301397.SZ) [20150105 , 20250827 )的数据...
  获取到 526 条数据，保存到 /data/data_liy/quant/raw/stock_daily/301397.SZ.csv
正在获取2762/5426 星源卓镁(301398.SZ) [20150105 , 20250827 )的数据...
  获取到 653 条数据，保存到 /data/data_liy/quant/raw/stock_daily/301398.SZ.csv
正在获取2763/5426 英特科技(301399.SZ) [20150105 , 20250827 )的数据...
  获取到 550 条数据，保存到 /data/data_liy/quant/raw/stock_daily/301399.SZ.csv
正在获取2764/5426 华人健康(301408.SZ) [20150105 , 20250827 )的数据...
  获取到 605 条数据，保存到 /data/data_liy/quant/raw/stock_daily/301408.SZ.csv
正在获取2765/5426 安培龙(301413.SZ) [20150105 , 20250827 )的数据...
  获取到 409 条数据，保存到 /data/data_liy/quant/raw/stock_daily/301413.SZ.csv
正在获取2766/5426 协昌科技(301418.SZ) [20150105 , 20250827 )的数据...
  获取到 488 条数据，保存到 /data/data_liy/quant/raw/stock_daily/301418.SZ.csv
正在获取2767/5426 阿莱德(301419.SZ) [20150105 , 20250827 )的数据...
  获取到 619 条数据，保存到 /data/data_liy/quant/raw/stock_daily/301419.SZ.csv
正在获取2768/5426 波长光电(301421.SZ) [20150105 , 20250827 )的数据...
  获取到 486 条数据，保存到 /data/data_liy/quant/raw/stock_daily/301421.SZ.csv
正在获取2769/5426 世纪恒通(301428.SZ) [20150105 , 20250827 )的数据...
  获取到 552 条数据，保存到 /data/data_liy/quant/raw/stock_daily/301428.SZ.csv
正在获取2770/5426 森泰股份(301429.SZ) [20150105 , 20250827 )的数据...
  获取到 573 条数据，保存到 /data/data_liy/quant/raw/stock_daily/301429.SZ.csv
正在获取2771/5426 泓淋电力(301439.SZ) [20150105 , 20250827 )的数据...
  获取到 593 条数据，保存到 /data/data_liy/quant/raw/stock_daily/301439.SZ.csv
正在获取2772/5426 福事特(301446.SZ) [20150105 , 20250827 )的数据...
  获取到 507 条数据，保存到 /data/data_liy/quant/raw/stock_daily/301446.SZ.csv
正在获取2773/5426 开创电气(301448.SZ) [20150105 , 20250827 )的数据...
  获取到 531 条数据，保存到 /data/data_liy/quant/raw/stock_daily/301448.SZ.csv
正在获取2774/5426 盘古智能(301456.SZ) [20150105 , 20250827 )的数据...
  获取到 514 条数据，保存到 /data/data_liy/quant/raw/stock_daily/301456.SZ.csv
正在获取2775/5426 钧崴电子(301458.SZ) [20150105 , 20250827 )的数据...
  获取到 151 条数据，保存到 /data/data_liy/quant/raw/stock_daily/301458.SZ.csv
正在获取2776/5426 丰茂股份(301459.SZ) [20150105 , 20250827 )的数据...
  获取到 412 条数据，保存到 /data/data_liy/quant/raw/stock_daily/301459.SZ.csv
正在获取2777/5426 博盈特焊(301468.SZ) [20150105 , 20250827 )的数据...
  获取到 508 条数据，保存到 /data/data_liy/quant/raw/stock_daily/301468.SZ.csv
正在获取2778/5426 恒达新材(301469.SZ) [20150105 , 20250827 )的数据...
  获取到 487 条数据，保存到 /data/data_liy/quant/raw/stock_daily/301469.SZ.csv
正在获取2779/5426 弘景光电(301479.SZ) [20150105 , 20250827 )的数据...
  获取到 110 条数据，保存到 /data/data_liy/quant/raw/stock_daily/301479.SZ.csv
正在获取2780/5426 致尚科技(301486.SZ) [20150105 , 20250827 )的数据...
  获取到 509 条数据，保存到 /data/data_liy/quant/raw/stock_daily/301486.SZ.csv
正在获取2781/5426 盟固利(301487.SZ) [20150105 , 20250827 )的数据...
  获取到 496 条数据，保存到 /data/data_liy/quant/raw/stock_daily/301487.SZ.csv
正在获取2782/5426 豪恩汽电(301488.SZ) [20150105 , 20250827 )的数据...
  获取到 522 条数据，保存到 /data/data_liy/quant/raw/stock_daily/301488.SZ.csv
正在获取2783/5426 思泉新材(301489.SZ) [20150105 , 20250827 )的数据...
  获取到 448 条数据，保存到 /data/data_liy/quant/raw/stock_daily/301489.SZ.csv
正在获取2784/5426 汉桑科技(301491.SZ) [20150105 , 20250827 )的数据...
HTTPConnectionPool(host='api.waditu.com', port=80): Max retries exceeded with url: /dataapi/adj_factor (Caused by NameResolutionError("<urllib3.connection.HTTPConnection object at 0x7f6a04592110>: Failed to resolve 'api.waditu.com' ([Errno -2] Name or service not known)"))
  获取到 14 条数据，保存到 /data/data_liy/quant/raw/stock_daily/301491.SZ.csv
正在获取2785/5426 乖宝宠物(301498.SZ) [20150105 , 20250827 )的数据...
  获取到 491 条数据，保存到 /data/data_liy/quant/raw/stock_daily/301498.SZ.csv
正在获取2786/5426 维科精密(301499.SZ) [20150105 , 20250827 )的数据...
  获取到 509 条数据，保存到 /data/data_liy/quant/raw/stock_daily/301499.SZ.csv
正在获取2787/5426 飞南资源(301500.SZ) [20150105 , 20250827 )的数据...
  获取到 465 条数据，保存到 /data/data_liy/quant/raw/stock_daily/301500.SZ.csv
正在获取2788/5426 恒鑫生活(301501.SZ) [20150105 , 20250827 )的数据...
  获取到 109 条数据，保存到 /data/data_liy/quant/raw/stock_daily/301501.SZ.csv
正在获取2789/5426 华阳智能(301502.SZ) [20150105 , 20250827 )的数据...
  获取到 376 条数据，保存到 /data/data_liy/quant/raw/stock_daily/301502.SZ.csv
正在获取2790/5426 智迪科技(301503.SZ) [20150105 , 20250827 )的数据...
  获取到 513 条数据，保存到 /data/data_liy/quant/raw/stock_daily/301503.SZ.csv
正在获取2791/5426 苏州规划(301505.SZ) [20150105 , 20250827 )的数据...
  获取到 502 条数据，保存到 /data/data_liy/quant/raw/stock_daily/301505.SZ.csv
正在获取2792/5426 民生健康(301507.SZ) [20150105 , 20250827 )的数据...
  获取到 477 条数据，保存到 /data/data_liy/quant/raw/stock_daily/301507.SZ.csv
正在获取2793/5426 中机认检(301508.SZ) [20150105 , 20250827 )的数据...
  获取到 420 条数据，保存到 /data/data_liy/quant/raw/stock_daily/301508.SZ.csv
正在获取2794/5426 金凯生科(301509.SZ) [20150105 , 20250827 )的数据...
  获取到 500 条数据，保存到 /data/data_liy/quant/raw/stock_daily/301509.SZ.csv
正在获取2795/5426 固高科技(301510.SZ) [20150105 , 20250827 )的数据...
  获取到 492 条数据，保存到 /data/data_liy/quant/raw/stock_daily/301510.SZ.csv
正在获取2796/5426 德福科技(301511.SZ) [20150105 , 20250827 )的数据...
  获取到 490 条数据，保存到 /data/data_liy/quant/raw/stock_daily/301511.SZ.csv
正在获取2797/5426 智信精密(301512.SZ) [20150105 , 20250827 )的数据...
  获取到 510 条数据，保存到 /data/data_liy/quant/raw/stock_daily/301512.SZ.csv
正在获取2798/5426 港通医疗(301515.SZ) [20150105 , 20250827 )的数据...
  获取到 507 条数据，保存到 /data/data_liy/quant/raw/stock_daily/301515.SZ.csv
正在获取2799/5426 中远通(301516.SZ) [20150105 , 20250827 )的数据...
  获取到 415 条数据，保存到 /data/data_liy/quant/raw/stock_daily/301516.SZ.csv
正在获取2800/5426 陕西华达(301517.SZ) [20150105 , 20250827 )的数据...
  获取到 444 条数据，保存到 /data/data_liy/quant/raw/stock_daily/301517.SZ.csv
正在获取2801/5426 长华化学(301518.SZ) [20150105 , 20250827 )的数据...
  获取到 500 条数据，保存到 /data/data_liy/quant/raw/stock_daily/301518.SZ.csv
正在获取2802/5426 舜禹股份(301519.SZ) [20150105 , 20250827 )的数据...
  获取到 505 条数据，保存到 /data/data_liy/quant/raw/stock_daily/301519.SZ.csv
正在获取2803/5426 万邦医药(301520.SZ) [20150105 , 20250827 )的数据...
  获取到 463 条数据，保存到 /data/data_liy/quant/raw/stock_daily/301520.SZ.csv
正在获取2804/5426 上大股份(301522.SZ) [20150105 , 20250827 )的数据...
  获取到 212 条数据，保存到 /data/data_liy/quant/raw/stock_daily/301522.SZ.csv
正在获取2805/5426 儒竞科技(301525.SZ) [20150105 , 20250827 )的数据...
  获取到 481 条数据，保存到 /data/data_liy/quant/raw/stock_daily/301525.SZ.csv
正在获取2806/5426 国际复材(301526.SZ) [20150105 , 20250827 )的数据...
  获取到 403 条数据，保存到 /data/data_liy/quant/raw/stock_daily/301526.SZ.csv
正在获取2807/5426 多浦乐(301528.SZ) [20150105 , 20250827 )的数据...
  获取到 483 条数据，保存到 /data/data_liy/quant/raw/stock_daily/301528.SZ.csv
正在获取2808/5426 福赛科技(301529.SZ) [20150105 , 20250827 )的数据...
  获取到 473 条数据，保存到 /data/data_liy/quant/raw/stock_daily/301529.SZ.csv
正在获取2809/5426 威马农机(301533.SZ) [20150105 , 20250827 )的数据...
  获取到 489 条数据，保存到 /data/data_liy/quant/raw/stock_daily/301533.SZ.csv
正在获取2810/5426 浙江华远(301535.SZ) [20150105 , 20250827 )的数据...
  获取到 103 条数据，保存到 /data/data_liy/quant/raw/stock_daily/301535.SZ.csv
正在获取2811/5426 星宸科技(301536.SZ) [20150105 , 20250827 )的数据...
  获取到 343 条数据，保存到 /data/data_liy/quant/raw/stock_daily/301536.SZ.csv
正在获取2812/5426 骏鼎达(301538.SZ) [20150105 , 20250827 )的数据...
  获取到 349 条数据，保存到 /data/data_liy/quant/raw/stock_daily/301538.SZ.csv
正在获取2813/5426 宏鑫科技(301539.SZ) [20150105 , 20250827 )的数据...
  获取到 333 条数据，保存到 /data/data_liy/quant/raw/stock_daily/301539.SZ.csv
正在获取2814/5426 崇德科技(301548.SZ) [20150105 , 20250827 )的数据...
  获取到 466 条数据，保存到 /data/data_liy/quant/raw/stock_daily/301548.SZ.csv
正在获取2815/5426 斯菱股份(301550.SZ) [20150105 , 20250827 )的数据...
  获取到 469 条数据，保存到 /data/data_liy/quant/raw/stock_daily/301550.SZ.csv
正在获取2816/5426 无线传媒(301551.SZ) [20150105 , 20250827 )的数据...
  获取到 221 条数据，保存到 /data/data_liy/quant/raw/stock_daily/301551.SZ.csv
正在获取2817/5426 科力装备(301552.SZ) [20150105 , 20250827 )的数据...
  获取到 267 条数据，保存到 /data/data_liy/quant/raw/stock_daily/301552.SZ.csv
正在获取2818/5426 惠柏新材(301555.SZ) [20150105 , 20250827 )的数据...
  获取到 443 条数据，保存到 /data/data_liy/quant/raw/stock_daily/301555.SZ.csv
正在获取2819/5426 托普云农(301556.SZ) [20150105 , 20250827 )的数据...
  获取到 211 条数据，保存到 /data/data_liy/quant/raw/stock_daily/301556.SZ.csv
正在获取2820/5426 常友科技(301557.SZ) [20150105 , 20250827 )的数据...
  获取到 120 条数据，保存到 /data/data_liy/quant/raw/stock_daily/301557.SZ.csv
正在获取2821/5426 三态股份(301558.SZ) [20150105 , 20250827 )的数据...
  获取到 460 条数据，保存到 /data/data_liy/quant/raw/stock_daily/301558.SZ.csv
正在获取2822/5426 中集环科(301559.SZ) [20150105 , 20250827 )的数据...
  获取到 457 条数据，保存到 /data/data_liy/quant/raw/stock_daily/301559.SZ.csv
正在获取2823/5426 众捷汽车(301560.SZ) [20150105 , 20250827 )的数据...
  获取到 83 条数据，保存到 /data/data_liy/quant/raw/stock_daily/301560.SZ.csv
正在获取2824/5426 中仑新材(301565.SZ) [20150105 , 20250827 )的数据...
  获取到 289 条数据，保存到 /data/data_liy/quant/raw/stock_daily/301565.SZ.csv
正在获取2825/5426 达利凯普(301566.SZ) [20150105 , 20250827 )的数据...
  获取到 400 条数据，保存到 /data/data_liy/quant/raw/stock_daily/301566.SZ.csv
正在获取2826/5426 贝隆精密(301567.SZ) [20150105 , 20250827 )的数据...
  获取到 389 条数据，保存到 /data/data_liy/quant/raw/stock_daily/301567.SZ.csv
正在获取2827/5426 思泰克(301568.SZ) [20150105 , 20250827 )的数据...
  获取到 423 条数据，保存到 /data/data_liy/quant/raw/stock_daily/301568.SZ.csv
正在获取2828/5426 国科天成(301571.SZ) [20150105 , 20250827 )的数据...
  获取到 245 条数据，保存到 /data/data_liy/quant/raw/stock_daily/301571.SZ.csv
正在获取2829/5426 美信科技(301577.SZ) [20150105 , 20250827 )的数据...
  获取到 383 条数据，保存到 /data/data_liy/quant/raw/stock_daily/301577.SZ.csv
正在获取2830/5426 辰奕智能(301578.SZ) [20150105 , 20250827 )的数据...
  获取到 401 条数据，保存到 /data/data_liy/quant/raw/stock_daily/301578.SZ.csv
正在获取2831/5426 爱迪特(301580.SZ) [20150105 , 20250827 )的数据...
HTTPConnectionPool(host='api.waditu.com', port=80): Max retries exceeded with url: /dataapi/adj_factor (Caused by NameResolutionError("<urllib3.connection.HTTPConnection object at 0x7f6a04590580>: Failed to resolve 'api.waditu.com' ([Errno -2] Name or service not known)"))
  获取到 285 条数据，保存到 /data/data_liy/quant/raw/stock_daily/301580.SZ.csv
正在获取2832/5426 黄山谷捷(301581.SZ) [20150105 , 20250827 )的数据...
  获取到 156 条数据，保存到 /data/data_liy/quant/raw/stock_daily/301581.SZ.csv
正在获取2833/5426 蓝宇股份(301585.SZ) [20150105 , 20250827 )的数据...
  获取到 165 条数据，保存到 /data/data_liy/quant/raw/stock_daily/301585.SZ.csv
正在获取2834/5426 佳力奇(301586.SZ) [20150105 , 20250827 )的数据...
  获取到 240 条数据，保存到 /data/data_liy/quant/raw/stock_daily/301586.SZ.csv
正在获取2835/5426 中瑞股份(301587.SZ) [20150105 , 20250827 )的数据...
  获取到 338 条数据，保存到 /data/data_liy/quant/raw/stock_daily/301587.SZ.csv
正在获取2836/5426 美新科技(301588.SZ) [20150105 , 20250827 )的数据...
  获取到 354 条数据，保存到 /data/data_liy/quant/raw/stock_daily/301588.SZ.csv
正在获取2837/5426 诺瓦星云(301589.SZ) [20150105 , 20250827 )的数据...
  获取到 372 条数据，保存到 /data/data_liy/quant/raw/stock_daily/301589.SZ.csv
正在获取2838/5426 优优绿能(301590.SZ) [20150105 , 20250827 )的数据...
  获取到 58 条数据，保存到 /data/data_liy/quant/raw/stock_daily/301590.SZ.csv
正在获取2839/5426 肯特股份(301591.SZ) [20150105 , 20250827 )的数据...
  获取到 364 条数据，保存到 /data/data_liy/quant/raw/stock_daily/301591.SZ.csv
正在获取2840/5426 六九一二(301592.SZ) [20150105 , 20250827 )的数据...
  获取到 206 条数据，保存到 /data/data_liy/quant/raw/stock_daily/301592.SZ.csv
正在获取2841/5426 太力科技(301595.SZ) [20150105 , 20250827 )的数据...
  获取到 70 条数据，保存到 /data/data_liy/quant/raw/stock_daily/301595.SZ.csv
正在获取2842/5426 瑞迪智驱(301596.SZ) [20150105 , 20250827 )的数据...
  获取到 316 条数据，保存到 /data/data_liy/quant/raw/stock_daily/301596.SZ.csv
正在获取2843/5426 博科测试(301598.SZ) [20150105 , 20250827 )的数据...
  获取到 165 条数据，保存到 /data/data_liy/quant/raw/stock_daily/301598.SZ.csv
正在获取2844/5426 慧翰股份(301600.SZ) [20150105 , 20250827 )的数据...
  获取到 230 条数据，保存到 /data/data_liy/quant/raw/stock_daily/301600.SZ.csv
正在获取2845/5426 惠通科技(301601.SZ) [20150105 , 20250827 )的数据...
  获取到 148 条数据，保存到 /data/data_liy/quant/raw/stock_daily/301601.SZ.csv
正在获取2846/5426 超研股份(301602.SZ) [20150105 , 20250827 )的数据...
  获取到 143 条数据，保存到 /data/data_liy/quant/raw/stock_daily/301602.SZ.csv
正在获取2847/5426 乔锋智能(301603.SZ) [20150105 , 20250827 )的数据...
  获取到 275 条数据，保存到 /data/data_liy/quant/raw/stock_daily/301603.SZ.csv
正在获取2848/5426 绿联科技(301606.SZ) [20150105 , 20250827 )的数据...
  获取到 263 条数据，保存到 /data/data_liy/quant/raw/stock_daily/301606.SZ.csv
正在获取2849/5426 富特科技(301607.SZ) [20150105 , 20250827 )的数据...
  获取到 235 条数据，保存到 /data/data_liy/quant/raw/stock_daily/301607.SZ.csv
正在获取2850/5426 博实结(301608.SZ) [20150105 , 20250827 )的数据...
  获取到 259 条数据，保存到 /data/data_liy/quant/raw/stock_daily/301608.SZ.csv
正在获取2851/5426 山大电力(301609.SZ) [20150105 , 20250827 )的数据...
  获取到 24 条数据，保存到 /data/data_liy/quant/raw/stock_daily/301609.SZ.csv
正在获取2852/5426 珂玛科技(301611.SZ) [20150105 , 20250827 )的数据...
  获取到 248 条数据，保存到 /data/data_liy/quant/raw/stock_daily/301611.SZ.csv
正在获取2853/5426 新铝时代(301613.SZ) [20150105 , 20250827 )的数据...
  获取到 195 条数据，保存到 /data/data_liy/quant/raw/stock_daily/301613.SZ.csv
正在获取2854/5426 浙江华业(301616.SZ) [20150105 , 20250827 )的数据...
  获取到 103 条数据，保存到 /data/data_liy/quant/raw/stock_daily/301616.SZ.csv
正在获取2855/5426 博苑股份(301617.SZ) [20150105 , 20250827 )的数据...
  获取到 172 条数据，保存到 /data/data_liy/quant/raw/stock_daily/301617.SZ.csv
正在获取2856/5426 长联科技(301618.SZ) [20150105 , 20250827 )的数据...
  获取到 219 条数据，保存到 /data/data_liy/quant/raw/stock_daily/301618.SZ.csv
正在获取2857/5426 英思特(301622.SZ) [20150105 , 20250827 )的数据...
  获取到 177 条数据，保存到 /data/data_liy/quant/raw/stock_daily/301622.SZ.csv
正在获取2858/5426 苏州天脉(301626.SZ) [20150105 , 20250827 )的数据...
  获取到 206 条数据，保存到 /data/data_liy/quant/raw/stock_daily/301626.SZ.csv
正在获取2859/5426 强达电路(301628.SZ) [20150105 , 20250827 )的数据...
  获取到 201 条数据，保存到 /data/data_liy/quant/raw/stock_daily/301628.SZ.csv
正在获取2860/5426 矽电股份(301629.SZ) [20150105 , 20250827 )的数据...
  获取到 106 条数据，保存到 /data/data_liy/quant/raw/stock_daily/301629.SZ.csv
正在获取2861/5426 同宇新材(301630.SZ) [20150105 , 20250827 )的数据...
  获取到 33 条数据，保存到 /data/data_liy/quant/raw/stock_daily/301630.SZ.csv
正在获取2862/5426 壹连科技(301631.SZ) [20150105 , 20250827 )的数据...
  获取到 185 条数据，保存到 /data/data_liy/quant/raw/stock_daily/301631.SZ.csv
正在获取2863/5426 广东建科(301632.SZ) [20150105 , 20250827 )的数据...
  获取到 10 条数据，保存到 /data/data_liy/quant/raw/stock_daily/301632.SZ.csv
正在获取2864/5426 港迪技术(301633.SZ) [20150105 , 20250827 )的数据...
HTTPConnectionPool(host='api.waditu.com', port=80): Max retries exceeded with url: /dataapi/adj_factor (Caused by NameResolutionError("<urllib3.connection.HTTPConnection object at 0x7f6a04593b20>: Failed to resolve 'api.waditu.com' ([Errno -2] Name or service not known)"))
  获取到 196 条数据，保存到 /data/data_liy/quant/raw/stock_daily/301633.SZ.csv
正在获取2865/5426 泽润新能(301636.SZ) [20150105 , 20250827 )的数据...
  获取到 71 条数据，保存到 /data/data_liy/quant/raw/stock_daily/301636.SZ.csv
正在获取2866/5426 首航新能(301658.SZ) [20150105 , 20250827 )的数据...
  获取到 99 条数据，保存到 /data/data_liy/quant/raw/stock_daily/301658.SZ.csv
正在获取2867/5426 宏工科技(301662.SZ) [20150105 , 20250827 )的数据...
  获取到 89 条数据，保存到 /data/data_liy/quant/raw/stock_daily/301662.SZ.csv
正在获取2868/5426 泰禾股份(301665.SZ) [20150105 , 20250827 )的数据...
  获取到 93 条数据，保存到 /data/data_liy/quant/raw/stock_daily/301665.SZ.csv
正在获取2869/5426 新恒汇(301678.SZ) [20150105 , 20250827 )的数据...
  获取到 47 条数据，保存到 /data/data_liy/quant/raw/stock_daily/301678.SZ.csv
正在获取2870/5426 中航成飞(302132.SZ) [20150105 , 20250827 )的数据...
HTTPConnectionPool(host='api.waditu.com', port=80): Max retries exceeded with url: /dataapi/daily (Caused by NameResolutionError("<urllib3.connection.HTTPConnection object at 0x7f6a045a0190>: Failed to resolve 'api.waditu.com' ([Errno -2] Name or service not known)"))
  获取到 2578 条数据，保存到 /data/data_liy/quant/raw/stock_daily/302132.SZ.csv
正在获取2871/5426 星昊医药(430017.BJ) [20150105 , 20250827 )的数据...
  获取到 1504 条数据，保存到 /data/data_liy/quant/raw/stock_daily/430017.BJ.csv
正在获取2872/5426 诺思兰德(430047.BJ) [20150105 , 20250827 )的数据...
  获取到 1829 条数据，保存到 /data/data_liy/quant/raw/stock_daily/430047.BJ.csv
正在获取2873/5426 同辉信息(430090.BJ) [20150105 , 20250827 )的数据...
  获取到 1749 条数据，保存到 /data/data_liy/quant/raw/stock_daily/430090.BJ.csv
正在获取2874/5426 华岭股份(430139.BJ) [20150105 , 20250827 )的数据...
  获取到 2334 条数据，保存到 /data/data_liy/quant/raw/stock_daily/430139.BJ.csv
正在获取2875/5426 微创光电(430198.BJ) [20150105 , 20250827 )的数据...
  获取到 1824 条数据，保存到 /data/data_liy/quant/raw/stock_daily/430198.BJ.csv
正在获取2876/5426 辰光医疗(430300.BJ) [20150105 , 20250827 )的数据...
  获取到 2028 条数据，保存到 /data/data_liy/quant/raw/stock_daily/430300.BJ.csv
正在获取2877/5426 苏轴股份(430418.BJ) [20150105 , 20250827 )的数据...
  获取到 2326 条数据，保存到 /data/data_liy/quant/raw/stock_daily/430418.BJ.csv
正在获取2878/5426 乐创技术(430425.BJ) [20150105 , 20250827 )的数据...
  获取到 1140 条数据，保存到 /data/data_liy/quant/raw/stock_daily/430425.BJ.csv
正在获取2879/5426 海能技术(430476.BJ) [20150105 , 20250827 )的数据...
  获取到 1916 条数据，保存到 /data/data_liy/quant/raw/stock_daily/430476.BJ.csv
正在获取2880/5426 峆一药业(430478.BJ) [20150105 , 20250827 )的数据...
  获取到 1299 条数据，保存到 /data/data_liy/quant/raw/stock_daily/430478.BJ.csv
正在获取2881/5426 丰光精密(430510.BJ) [20150105 , 20250827 )的数据...
  获取到 1327 条数据，保存到 /data/data_liy/quant/raw/stock_daily/430510.BJ.csv
正在获取2882/5426 雅达股份(430556.BJ) [20150105 , 20250827 )的数据...
  获取到 2007 条数据，保存到 /data/data_liy/quant/raw/stock_daily/430556.BJ.csv
正在获取2883/5426 天润科技(430564.BJ) [20150105 , 20250827 )的数据...
  获取到 1028 条数据，保存到 /data/data_liy/quant/raw/stock_daily/430564.BJ.csv
正在获取2884/5426 新芝生物(430685.BJ) [20150105 , 20250827 )的数据...
  获取到 1217 条数据，保存到 /data/data_liy/quant/raw/stock_daily/430685.BJ.csv
正在获取2885/5426 合肥高科(430718.BJ) [20150105 , 20250827 )的数据...
  获取到 1442 条数据，保存到 /data/data_liy/quant/raw/stock_daily/430718.BJ.csv
正在获取2886/5426 浦发银行(600000.SH) [20150105 , 20250827 )的数据...
  获取到 2556 条数据，保存到 /data/data_liy/quant/raw/stock_daily/600000.SH.csv
正在获取2887/5426 白云机场(600004.SH) [20150105 , 20250827 )的数据...
  获取到 2588 条数据，保存到 /data/data_liy/quant/raw/stock_daily/600004.SH.csv
正在获取2888/5426 东风股份(600006.SH) [20150105 , 20250827 )的数据...
  获取到 2536 条数据，保存到 /data/data_liy/quant/raw/stock_daily/600006.SH.csv
正在获取2889/5426 中国国贸(600007.SH) [20150105 , 20250827 )的数据...
  获取到 2588 条数据，保存到 /data/data_liy/quant/raw/stock_daily/600007.SH.csv
正在获取2890/5426 首创环保(600008.SH) [20150105 , 20250827 )的数据...
  获取到 2572 条数据，保存到 /data/data_liy/quant/raw/stock_daily/600008.SH.csv
正在获取2891/5426 上海机场(600009.SH) [20150105 , 20250827 )的数据...
  获取到 2577 条数据，保存到 /data/data_liy/quant/raw/stock_daily/600009.SH.csv
正在获取2892/5426 包钢股份(600010.SH) [20150105 , 20250827 )的数据...
  获取到 2579 条数据，保存到 /data/data_liy/quant/raw/stock_daily/600010.SH.csv
正在获取2893/5426 华能国际(600011.SH) [20150105 , 20250827 )的数据...
  获取到 2588 条数据，保存到 /data/data_liy/quant/raw/stock_daily/600011.SH.csv
正在获取2894/5426 皖通高速(600012.SH) [20150105 , 20250827 )的数据...
  获取到 2578 条数据，保存到 /data/data_liy/quant/raw/stock_daily/600012.SH.csv
正在获取2895/5426 华夏银行(600015.SH) [20150105 , 20250827 )的数据...
  获取到 2588 条数据，保存到 /data/data_liy/quant/raw/stock_daily/600015.SH.csv
正在获取2896/5426 民生银行(600016.SH) [20150105 , 20250827 )的数据...
  获取到 2588 条数据，保存到 /data/data_liy/quant/raw/stock_daily/600016.SH.csv
正在获取2897/5426 日照港(600017.SH) [20150105 , 20250827 )的数据...
  获取到 2588 条数据，保存到 /data/data_liy/quant/raw/stock_daily/600017.SH.csv
正在获取2898/5426 上港集团(600018.SH) [20150105 , 20250827 )的数据...
  获取到 2585 条数据，保存到 /data/data_liy/quant/raw/stock_daily/600018.SH.csv
正在获取2899/5426 宝钢股份(600019.SH) [20150105 , 20250827 )的数据...
  获取到 2496 条数据，保存到 /data/data_liy/quant/raw/stock_daily/600019.SH.csv
正在获取2900/5426 中原高速(600020.SH) [20150105 , 20250827 )的数据...
  获取到 2588 条数据，保存到 /data/data_liy/quant/raw/stock_daily/600020.SH.csv
正在获取2901/5426 上海电力(600021.SH) [20150105 , 20250827 )的数据...
  获取到 2511 条数据，保存到 /data/data_liy/quant/raw/stock_daily/600021.SH.csv
正在获取2902/5426 山东钢铁(600022.SH) [20150105 , 20250827 )的数据...
  获取到 2491 条数据，保存到 /data/data_liy/quant/raw/stock_daily/600022.SH.csv
正在获取2903/5426 浙能电力(600023.SH) [20150105 , 20250827 )的数据...
  获取到 2588 条数据，保存到 /data/data_liy/quant/raw/stock_daily/600023.SH.csv
正在获取2904/5426 华能水电(600025.SH) [20150105 , 20250827 )的数据...
  获取到 1867 条数据，保存到 /data/data_liy/quant/raw/stock_daily/600025.SH.csv
正在获取2905/5426 中远海能(600026.SH) [20150105 , 20250827 )的数据...
  获取到 2490 条数据，保存到 /data/data_liy/quant/raw/stock_daily/600026.SH.csv
正在获取2906/5426 华电国际(600027.SH) [20150105 , 20250827 )的数据...
  获取到 2577 条数据，保存到 /data/data_liy/quant/raw/stock_daily/600027.SH.csv
正在获取2907/5426 中国石化(600028.SH) [20150105 , 20250827 )的数据...
  获取到 2588 条数据，保存到 /data/data_liy/quant/raw/stock_daily/600028.SH.csv
正在获取2908/5426 南方航空(600029.SH) [20150105 , 20250827 )的数据...
  获取到 2585 条数据，保存到 /data/data_liy/quant/raw/stock_daily/600029.SH.csv
正在获取2909/5426 中信证券(600030.SH) [20150105 , 20250827 )的数据...
  获取到 2571 条数据，保存到 /data/data_liy/quant/raw/stock_daily/600030.SH.csv
正在获取2910/5426 三一重工(600031.SH) [20150105 , 20250827 )的数据...
  获取到 2587 条数据，保存到 /data/data_liy/quant/raw/stock_daily/600031.SH.csv
正在获取2911/5426 浙江新能(600032.SH) [20150105 , 20250827 )的数据...
  获取到 1034 条数据，保存到 /data/data_liy/quant/raw/stock_daily/600032.SH.csv
正在获取2912/5426 福建高速(600033.SH) [20150105 , 20250827 )的数据...
  获取到 2588 条数据，保存到 /data/data_liy/quant/raw/stock_daily/600033.SH.csv
正在获取2913/5426 楚天高速(600035.SH) [20150105 , 20250827 )的数据...
  获取到 2450 条数据，保存到 /data/data_liy/quant/raw/stock_daily/600035.SH.csv
正在获取2914/5426 招商银行(600036.SH) [20150105 , 20250827 )的数据...
  获取到 2583 条数据，保存到 /data/data_liy/quant/raw/stock_daily/600036.SH.csv
正在获取2915/5426 歌华有线(600037.SH) [20150105 , 20250827 )的数据...
  获取到 2559 条数据，保存到 /data/data_liy/quant/raw/stock_daily/600037.SH.csv
正在获取2916/5426 中直股份(600038.SH) [20150105 , 20250827 )的数据...
  获取到 2578 条数据，保存到 /data/data_liy/quant/raw/stock_daily/600038.SH.csv
正在获取2917/5426 四川路桥(600039.SH) [20150105 , 20250827 )的数据...
  获取到 2566 条数据，保存到 /data/data_liy/quant/raw/stock_daily/600039.SH.csv
正在获取2918/5426 保利发展(600048.SH) [20150105 , 20250827 )的数据...
  获取到 2581 条数据，保存到 /data/data_liy/quant/raw/stock_daily/600048.SH.csv
正在获取2919/5426 中国联通(600050.SH) [20150105 , 20250827 )的数据...
  获取到 2493 条数据，保存到 /data/data_liy/quant/raw/stock_daily/600050.SH.csv
正在获取2920/5426 宁波联合(600051.SH) [20150105 , 20250827 )的数据...
  获取到 2517 条数据，保存到 /data/data_liy/quant/raw/stock_daily/600051.SH.csv
正在获取2921/5426 东望时代(600052.SH) [20150105 , 20250827 )的数据...
  获取到 2450 条数据，保存到 /data/data_liy/quant/raw/stock_daily/600052.SH.csv
正在获取2922/5426 九鼎投资(600053.SH) [20150105 , 20250827 )的数据...
  获取到 2403 条数据，保存到 /data/data_liy/quant/raw/stock_daily/600053.SH.csv
正在获取2923/5426 黄山旅游(600054.SH) [20150105 , 20250827 )的数据...
  获取到 2583 条数据，保存到 /data/data_liy/quant/raw/stock_daily/600054.SH.csv
正在获取2924/5426 万东医疗(600055.SH) [20150105 , 20250827 )的数据...
  获取到 2560 条数据，保存到 /data/data_liy/quant/raw/stock_daily/600055.SH.csv
正在获取2925/5426 中国医药(600056.SH) [20150105 , 20250827 )的数据...
  获取到 2573 条数据，保存到 /data/data_liy/quant/raw/stock_daily/600056.SH.csv
正在获取2926/5426 厦门象屿(600057.SH) [20150105 , 20250827 )的数据...
  获取到 2565 条数据，保存到 /data/data_liy/quant/raw/stock_daily/600057.SH.csv
正在获取2927/5426 五矿发展(600058.SH) [20150105 , 20250827 )的数据...
  获取到 2518 条数据，保存到 /data/data_liy/quant/raw/stock_daily/600058.SH.csv
正在获取2928/5426 古越龙山(600059.SH) [20150105 , 20250827 )的数据...
HTTPConnectionPool(host='api.waditu.com', port=80): Max retries exceeded with url: /dataapi/daily (Caused by NameResolutionError("<urllib3.connection.HTTPConnection object at 0x7f6a045a17b0>: Failed to resolve 'api.waditu.com' ([Errno -2] Name or service not known)"))
  获取到 2588 条数据，保存到 /data/data_liy/quant/raw/stock_daily/600059.SH.csv
正在获取2929/5426 海信视像(600060.SH) [20150105 , 20250827 )的数据...
HTTPConnectionPool(host='api.waditu.com', port=80): Max retries exceeded with url: /dataapi/adj_factor (Caused by NameResolutionError("<urllib3.connection.HTTPConnection object at 0x7f6a045a07c0>: Failed to resolve 'api.waditu.com' ([Errno -2] Name or service not known)"))
  获取到 2585 条数据，保存到 /data/data_liy/quant/raw/stock_daily/600060.SH.csv
正在获取2930/5426 国投资本(600061.SH) [20150105 , 20250827 )的数据...
  获取到 2546 条数据，保存到 /data/data_liy/quant/raw/stock_daily/600061.SH.csv
正在获取2931/5426 华润双鹤(600062.SH) [20150105 , 20250827 )的数据...
  获取到 2556 条数据，保存到 /data/data_liy/quant/raw/stock_daily/600062.SH.csv
正在获取2932/5426 皖维高新(600063.SH) [20150105 , 20250827 )的数据...
  获取到 2582 条数据，保存到 /data/data_liy/quant/raw/stock_daily/600063.SH.csv
正在获取2933/5426 南京高科(600064.SH) [20150105 , 20250827 )的数据...
  获取到 2587 条数据，保存到 /data/data_liy/quant/raw/stock_daily/600064.SH.csv
正在获取2934/5426 宇通客车(600066.SH) [20150105 , 20250827 )的数据...
  获取到 2587 条数据，保存到 /data/data_liy/quant/raw/stock_daily/600066.SH.csv
正在获取2935/5426 冠城新材(600067.SH) [20150105 , 20250827 )的数据...
  获取到 2586 条数据，保存到 /data/data_liy/quant/raw/stock_daily/600067.SH.csv
正在获取2936/5426 凤凰光学(600071.SH) [20150105 , 20250827 )的数据...
  获取到 2464 条数据，保存到 /data/data_liy/quant/raw/stock_daily/600071.SH.csv
正在获取2937/5426 中船科技(600072.SH) [20150105 , 20250827 )的数据...
  获取到 2481 条数据，保存到 /data/data_liy/quant/raw/stock_daily/600072.SH.csv
正在获取2938/5426 光明肉业(600073.SH) [20150105 , 20250827 )的数据...
  获取到 2542 条数据，保存到 /data/data_liy/quant/raw/stock_daily/600073.SH.csv
正在获取2939/5426 新疆天业(600075.SH) [20150105 , 20250827 )的数据...
  获取到 2495 条数据，保存到 /data/data_liy/quant/raw/stock_daily/600075.SH.csv
正在获取2940/5426 康欣新材(600076.SH) [20150105 , 20250827 )的数据...
  获取到 2415 条数据，保存到 /data/data_liy/quant/raw/stock_daily/600076.SH.csv
正在获取2941/5426 澄星股份(600078.SH) [20150105 , 20250827 )的数据...
  获取到 2508 条数据，保存到 /data/data_liy/quant/raw/stock_daily/600078.SH.csv
正在获取2942/5426 人福医药(600079.SH) [20150105 , 20250827 )的数据...
  获取到 2564 条数据，保存到 /data/data_liy/quant/raw/stock_daily/600079.SH.csv
正在获取2943/5426 金花股份(600080.SH) [20150105 , 20250827 )的数据...
  获取到 2561 条数据，保存到 /data/data_liy/quant/raw/stock_daily/600080.SH.csv
正在获取2944/5426 东风科技(600081.SH) [20150105 , 20250827 )的数据...
  获取到 2565 条数据，保存到 /data/data_liy/quant/raw/stock_daily/600081.SH.csv
正在获取2945/5426 海泰发展(600082.SH) [20150105 , 20250827 )的数据...
  获取到 2579 条数据，保存到 /data/data_liy/quant/raw/stock_daily/600082.SH.csv
正在获取2946/5426 中信尼雅(600084.SH) [20150105 , 20250827 )的数据...
  获取到 2352 条数据，保存到 /data/data_liy/quant/raw/stock_daily/600084.SH.csv
正在获取2947/5426 同仁堂(600085.SH) [20150105 , 20250827 )的数据...
  获取到 2588 条数据，保存到 /data/data_liy/quant/raw/stock_daily/600085.SH.csv
正在获取2948/5426 中视传媒(600088.SH) [20150105 , 20250827 )的数据...
  获取到 2588 条数据，保存到 /data/data_liy/quant/raw/stock_daily/600088.SH.csv
正在获取2949/5426 特变电工(600089.SH) [20150105 , 20250827 )的数据...
  获取到 2578 条数据，保存到 /data/data_liy/quant/raw/stock_daily/600089.SH.csv
正在获取2950/5426 大名城(600094.SH) [20150105 , 20250827 )的数据...
  获取到 2556 条数据，保存到 /data/data_liy/quant/raw/stock_daily/600094.SH.csv
正在获取2951/5426 湘财股份(600095.SH) [20150105 , 20250827 )的数据...
  获取到 2550 条数据，保存到 /data/data_liy/quant/raw/stock_daily/600095.SH.csv
正在获取2952/5426 云天化(600096.SH) [20150105 , 20250827 )的数据...
  获取到 2586 条数据，保存到 /data/data_liy/quant/raw/stock_daily/600096.SH.csv
正在获取2953/5426 开创国际(600097.SH) [20150105 , 20250827 )的数据...
  获取到 2449 条数据，保存到 /data/data_liy/quant/raw/stock_daily/600097.SH.csv
正在获取2954/5426 广州发展(600098.SH) [20150105 , 20250827 )的数据...
  获取到 2586 条数据，保存到 /data/data_liy/quant/raw/stock_daily/600098.SH.csv
正在获取2955/5426 林海股份(600099.SH) [20150105 , 20250827 )的数据...
  获取到 2393 条数据，保存到 /data/data_liy/quant/raw/stock_daily/600099.SH.csv
正在获取2956/5426 同方股份(600100.SH) [20150105 , 20250827 )的数据...
  获取到 2472 条数据，保存到 /data/data_liy/quant/raw/stock_daily/600100.SH.csv
正在获取2957/5426 明星电力(600101.SH) [20150105 , 20250827 )的数据...
  获取到 2588 条数据，保存到 /data/data_liy/quant/raw/stock_daily/600101.SH.csv
正在获取2958/5426 青山纸业(600103.SH) [20150105 , 20250827 )的数据...
  获取到 2557 条数据，保存到 /data/data_liy/quant/raw/stock_daily/600103.SH.csv
正在获取2959/5426 上汽集团(600104.SH) [20150105 , 20250827 )的数据...
  获取到 2568 条数据，保存到 /data/data_liy/quant/raw/stock_daily/600104.SH.csv
正在获取2960/5426 永鼎股份(600105.SH) [20150105 , 20250827 )的数据...
  获取到 2556 条数据，保存到 /data/data_liy/quant/raw/stock_daily/600105.SH.csv
正在获取2961/5426 重庆路桥(600106.SH) [20150105 , 20250827 )的数据...
  获取到 2491 条数据，保存到 /data/data_liy/quant/raw/stock_daily/600106.SH.csv
正在获取2962/5426 ST尔雅(600107.SH) [20150105 , 20250827 )的数据...
  获取到 2542 条数据，保存到 /data/data_liy/quant/raw/stock_daily/600107.SH.csv
正在获取2963/5426 亚盛集团(600108.SH) [20150105 , 20250827 )的数据...
  获取到 2587 条数据，保存到 /data/data_liy/quant/raw/stock_daily/600108.SH.csv
正在获取2964/5426 国金证券(600109.SH) [20150105 , 20250827 )的数据...
  获取到 2568 条数据，保存到 /data/data_liy/quant/raw/stock_daily/600109.SH.csv
正在获取2965/5426 诺德股份(600110.SH) [20150105 , 20250827 )的数据...
  获取到 2388 条数据，保存到 /data/data_liy/quant/raw/stock_daily/600110.SH.csv
正在获取2966/5426 北方稀土(600111.SH) [20150105 , 20250827 )的数据...
  获取到 2588 条数据，保存到 /data/data_liy/quant/raw/stock_daily/600111.SH.csv
正在获取2967/5426 浙江东日(600113.SH) [20150105 , 20250827 )的数据...
  获取到 2479 条数据，保存到 /data/data_liy/quant/raw/stock_daily/600113.SH.csv
正在获取2968/5426 东睦股份(600114.SH) [20150105 , 20250827 )的数据...
  获取到 2562 条数据，保存到 /data/data_liy/quant/raw/stock_daily/600114.SH.csv
正在获取2969/5426 中国东航(600115.SH) [20150105 , 20250827 )的数据...
  获取到 2574 条数据，保存到 /data/data_liy/quant/raw/stock_daily/600115.SH.csv
正在获取2970/5426 三峡水利(600116.SH) [20150105 , 20250827 )的数据...
  获取到 2576 条数据，保存到 /data/data_liy/quant/raw/stock_daily/600116.SH.csv
正在获取2971/5426 西宁特钢(600117.SH) [20150105 , 20250827 )的数据...
  获取到 2521 条数据，保存到 /data/data_liy/quant/raw/stock_daily/600117.SH.csv
正在获取2972/5426 中国卫星(600118.SH) [20150105 , 20250827 )的数据...
  获取到 2588 条数据，保存到 /data/data_liy/quant/raw/stock_daily/600118.SH.csv
正在获取2973/5426 长江投资(600119.SH) [20150105 , 20250827 )的数据...
  获取到 2582 条数据，保存到 /data/data_liy/quant/raw/stock_daily/600119.SH.csv
正在获取2974/5426 浙江东方(600120.SH) [20150105 , 20250827 )的数据...
  获取到 2405 条数据，保存到 /data/data_liy/quant/raw/stock_daily/600120.SH.csv
正在获取2975/5426 郑州煤电(600121.SH) [20150105 , 20250827 )的数据...
  获取到 2566 条数据，保存到 /data/data_liy/quant/raw/stock_daily/600121.SH.csv
正在获取2976/5426 兰花科创(600123.SH) [20150105 , 20250827 )的数据...
  获取到 2588 条数据，保存到 /data/data_liy/quant/raw/stock_daily/600123.SH.csv
正在获取2977/5426 铁龙物流(600125.SH) [20150105 , 20250827 )的数据...
  获取到 2585 条数据，保存到 /data/data_liy/quant/raw/stock_daily/600125.SH.csv
正在获取2978/5426 杭钢股份(600126.SH) [20150105 , 20250827 )的数据...
  获取到 2517 条数据，保存到 /data/data_liy/quant/raw/stock_daily/600126.SH.csv
正在获取2979/5426 金健米业(600127.SH) [20150105 , 20250827 )的数据...
  获取到 2558 条数据，保存到 /data/data_liy/quant/raw/stock_daily/600127.SH.csv
正在获取2980/5426 苏豪弘业(600128.SH) [20150105 , 20250827 )的数据...
  获取到 2588 条数据，保存到 /data/data_liy/quant/raw/stock_daily/600128.SH.csv
正在获取2981/5426 太极集团(600129.SH) [20150105 , 20250827 )的数据...
  获取到 2488 条数据，保存到 /data/data_liy/quant/raw/stock_daily/600129.SH.csv
正在获取2982/5426 *ST波导(600130.SH) [20150105 , 20250827 )的数据...
  获取到 2582 条数据，保存到 /data/data_liy/quant/raw/stock_daily/600130.SH.csv
正在获取2983/5426 国网信通(600131.SH) [20150105 , 20250827 )的数据...
  获取到 2577 条数据，保存到 /data/data_liy/quant/raw/stock_daily/600131.SH.csv
正在获取2984/5426 重庆啤酒(600132.SH) [20150105 , 20250827 )的数据...
  获取到 2588 条数据，保存到 /data/data_liy/quant/raw/stock_daily/600132.SH.csv
正在获取2985/5426 东湖高新(600133.SH) [20150105 , 20250827 )的数据...
  获取到 2498 条数据，保存到 /data/data_liy/quant/raw/stock_daily/600133.SH.csv
正在获取2986/5426 乐凯胶片(600135.SH) [20150105 , 20250827 )的数据...
HTTPConnectionPool(host='api.waditu.com', port=80): Max retries exceeded with url: /dataapi/daily (Caused by NameResolutionError("<urllib3.connection.HTTPConnection object at 0x7f6a045a14b0>: Failed to resolve 'api.waditu.com' ([Errno -2] Name or service not known)"))
  获取到 2577 条数据，保存到 /data/data_liy/quant/raw/stock_daily/600135.SH.csv
正在获取2987/5426 ST明诚(600136.SH) [20150105 , 20250827 )的数据...
  获取到 2326 条数据，保存到 /data/data_liy/quant/raw/stock_daily/600136.SH.csv
正在获取2988/5426 浪莎股份(600137.SH) [20150105 , 20250827 )的数据...
  获取到 2517 条数据，保存到 /data/data_liy/quant/raw/stock_daily/600137.SH.csv
正在获取2989/5426 中青旅(600138.SH) [20150105 , 20250827 )的数据...
  获取到 2578 条数据，保存到 /data/data_liy/quant/raw/stock_daily/600138.SH.csv
正在获取2990/5426 兴发集团(600141.SH) [20150105 , 20250827 )的数据...
  获取到 2554 条数据，保存到 /data/data_liy/quant/raw/stock_daily/600141.SH.csv
正在获取2991/5426 金发科技(600143.SH) [20150105 , 20250827 )的数据...
  获取到 2501 条数据，保存到 /data/data_liy/quant/raw/stock_daily/600143.SH.csv
正在获取2992/5426 长春一东(600148.SH) [20150105 , 20250827 )的数据...
  获取到 2495 条数据，保存到 /data/data_liy/quant/raw/stock_daily/600148.SH.csv
正在获取2993/5426 廊坊发展(600149.SH) [20150105 , 20250827 )的数据...
  获取到 2511 条数据，保存到 /data/data_liy/quant/raw/stock_daily/600149.SH.csv
正在获取2994/5426 中国船舶(600150.SH) [20150105 , 20250827 )的数据...
  获取到 2447 条数据，保存到 /data/data_liy/quant/raw/stock_daily/600150.SH.csv
正在获取2995/5426 航天机电(600151.SH) [20150105 , 20250827 )的数据...
  获取到 2411 条数据，保存到 /data/data_liy/quant/raw/stock_daily/600151.SH.csv
正在获取2996/5426 维科技术(600152.SH) [20150105 , 20250827 )的数据...
  获取到 2507 条数据，保存到 /data/data_liy/quant/raw/stock_daily/600152.SH.csv
正在获取2997/5426 建发股份(600153.SH) [20150105 , 20250827 )的数据...
  获取到 2354 条数据，保存到 /data/data_liy/quant/raw/stock_daily/600153.SH.csv
正在获取2998/5426 华创云信(600155.SH) [20150105 , 20250827 )的数据...
  获取到 2360 条数据，保存到 /data/data_liy/quant/raw/stock_daily/600155.SH.csv
正在获取2999/5426 华升股份(600156.SH) [20150105 , 20250827 )的数据...
  获取到 2551 条数据，保存到 /data/data_liy/quant/raw/stock_daily/600156.SH.csv
正在获取3000/5426 永泰能源(600157.SH) [20150105 , 20250827 )的数据...
  获取到 2332 条数据，保存到 /data/data_liy/quant/raw/stock_daily/600157.SH.csv
正在获取3001/5426 中体产业(600158.SH) [20150105 , 20250827 )的数据...
  获取到 2454 条数据，保存到 /data/data_liy/quant/raw/stock_daily/600158.SH.csv
正在获取3002/5426 大龙地产(600159.SH) [20150105 , 20250827 )的数据...
  获取到 2588 条数据，保存到 /data/data_liy/quant/raw/stock_daily/600159.SH.csv
正在获取3003/5426 巨化股份(600160.SH) [20150105 , 20250827 )的数据...
  获取到 2567 条数据，保存到 /data/data_liy/quant/raw/stock_daily/600160.SH.csv
正在获取3004/5426 天坛生物(600161.SH) [20150105 , 20250827 )的数据...
  获取到 2467 条数据，保存到 /data/data_liy/quant/raw/stock_daily/600161.SH.csv
正在获取3005/5426 香江控股(600162.SH) [20150105 , 20250827 )的数据...
  获取到 2489 条数据，保存到 /data/data_liy/quant/raw/stock_daily/600162.SH.csv
正在获取3006/5426 中闽能源(600163.SH) [20150105 , 20250827 )的数据...
  获取到 2559 条数据，保存到 /data/data_liy/quant/raw/stock_daily/600163.SH.csv
正在获取3007/5426 ST宁科(600165.SH) [20150105 , 20250827 )的数据...
  获取到 2337 条数据，保存到 /data/data_liy/quant/raw/stock_daily/600165.SH.csv
正在获取3008/5426 福田汽车(600166.SH) [20150105 , 20250827 )的数据...
  获取到 2584 条数据，保存到 /data/data_liy/quant/raw/stock_daily/600166.SH.csv
正在获取3009/5426 联美控股(600167.SH) [20150105 , 20250827 )的数据...
  获取到 2447 条数据，保存到 /data/data_liy/quant/raw/stock_daily/600167.SH.csv
正在获取3010/5426 武汉控股(600168.SH) [20150105 , 20250827 )的数据...
  获取到 2429 条数据，保存到 /data/data_liy/quant/raw/stock_daily/600168.SH.csv
正在获取3011/5426 太原重工(600169.SH) [20150105 , 20250827 )的数据...
  获取到 2583 条数据，保存到 /data/data_liy/quant/raw/stock_daily/600169.SH.csv
正在获取3012/5426 上海建工(600170.SH) [20150105 , 20250827 )的数据...
  获取到 2568 条数据，保存到 /data/data_liy/quant/raw/stock_daily/600170.SH.csv
正在获取3013/5426 上海贝岭(600171.SH) [20150105 , 20250827 )的数据...
  获取到 2542 条数据，保存到 /data/data_liy/quant/raw/stock_daily/600171.SH.csv
正在获取3014/5426 黄河旋风(600172.SH) [20150105 , 20250827 )的数据...
  获取到 2523 条数据，保存到 /data/data_liy/quant/raw/stock_daily/600172.SH.csv
正在获取3015/5426 卧龙新能(600173.SH) [20150105 , 20250827 )的数据...
  获取到 2358 条数据，保存到 /data/data_liy/quant/raw/stock_daily/600173.SH.csv
正在获取3016/5426 中国巨石(600176.SH) [20150105 , 20250827 )的数据...
  获取到 2566 条数据，保存到 /data/data_liy/quant/raw/stock_daily/600176.SH.csv
正在获取3017/5426 雅戈尔(600177.SH) [20150105 , 20250827 )的数据...
  获取到 2570 条数据，保存到 /data/data_liy/quant/raw/stock_daily/600177.SH.csv
正在获取3018/5426 东安动力(600178.SH) [20150105 , 20250827 )的数据...
  获取到 2587 条数据，保存到 /data/data_liy/quant/raw/stock_daily/600178.SH.csv
正在获取3019/5426 安通控股(600179.SH) [20150105 , 20250827 )的数据...
  获取到 2448 条数据，保存到 /data/data_liy/quant/raw/stock_daily/600179.SH.csv
正在获取3020/5426 瑞茂通(600180.SH) [20150105 , 20250827 )的数据...
  获取到 2574 条数据，保存到 /data/data_liy/quant/raw/stock_daily/600180.SH.csv
正在获取3021/5426 S佳通(600182.SH) [20150105 , 20250827 )的数据...
  获取到 2402 条数据，保存到 /data/data_liy/quant/raw/stock_daily/600182.SH.csv
正在获取3022/5426 生益科技(600183.SH) [20150105 , 20250827 )的数据...
  获取到 2588 条数据，保存到 /data/data_liy/quant/raw/stock_daily/600183.SH.csv
正在获取3023/5426 光电股份(600184.SH) [20150105 , 20250827 )的数据...
  获取到 2588 条数据，保存到 /data/data_liy/quant/raw/stock_daily/600184.SH.csv
正在获取3024/5426 珠免集团(600185.SH) [20150105 , 20250827 )的数据...
  获取到 2555 条数据，保存到 /data/data_liy/quant/raw/stock_daily/600185.SH.csv
正在获取3025/5426 莲花控股(600186.SH) [20150105 , 20250827 )的数据...
  获取到 2487 条数据，保存到 /data/data_liy/quant/raw/stock_daily/600186.SH.csv
正在获取3026/5426 国中水务(600187.SH) [20150105 , 20250827 )的数据...
  获取到 2470 条数据，保存到 /data/data_liy/quant/raw/stock_daily/600187.SH.csv
正在获取3027/5426 兖矿能源(600188.SH) [20150105 , 20250827 )的数据...
  获取到 2587 条数据，保存到 /data/data_liy/quant/raw/stock_daily/600188.SH.csv
正在获取3028/5426 泉阳泉(600189.SH) [20150105 , 20250827 )的数据...
  获取到 2280 条数据，保存到 /data/data_liy/quant/raw/stock_daily/600189.SH.csv
正在获取3029/5426 华资实业(600191.SH) [20150105 , 20250827 )的数据...
  获取到 2449 条数据，保存到 /data/data_liy/quant/raw/stock_daily/600191.SH.csv
正在获取3030/5426 长城电工(600192.SH) [20150105 , 20250827 )的数据...
  获取到 2588 条数据，保存到 /data/data_liy/quant/raw/stock_daily/600192.SH.csv
正在获取3031/5426 *ST创兴(600193.SH) [20150105 , 20250827 )的数据...
  获取到 2430 条数据，保存到 /data/data_liy/quant/raw/stock_daily/600193.SH.csv
正在获取3032/5426 中牧股份(600195.SH) [20150105 , 20250827 )的数据...
  获取到 2518 条数据，保存到 /data/data_liy/quant/raw/stock_daily/600195.SH.csv
正在获取3033/5426 复星医药(600196.SH) [20150105 , 20250827 )的数据...
  获取到 2573 条数据，保存到 /data/data_liy/quant/raw/stock_daily/600196.SH.csv
正在获取3034/5426 伊力特(600197.SH) [20150105 , 20250827 )的数据...
  获取到 2588 条数据，保存到 /data/data_liy/quant/raw/stock_daily/600197.SH.csv
正在获取3035/5426 大唐电信(600198.SH) [20150105 , 20250827 )的数据...
  获取到 2570 条数据，保存到 /data/data_liy/quant/raw/stock_daily/600198.SH.csv
正在获取3036/5426 金种子酒(600199.SH) [20150105 , 20250827 )的数据...
  获取到 2582 条数据，保存到 /data/data_liy/quant/raw/stock_daily/600199.SH.csv
正在获取3037/5426 *ST苏吴(600200.SH) [20150105 , 20250827 )的数据...
  获取到 2494 条数据，保存到 /data/data_liy/quant/raw/stock_daily/600200.SH.csv
正在获取3038/5426 生物股份(600201.SH) [20150105 , 20250827 )的数据...
  获取到 2576 条数据，保存到 /data/data_liy/quant/raw/stock_daily/600201.SH.csv
正在获取3039/5426 哈空调(600202.SH) [20150105 , 20250827 )的数据...
  获取到 2494 条数据，保存到 /data/data_liy/quant/raw/stock_daily/600202.SH.csv
正在获取3040/5426 福日电子(600203.SH) [20150105 , 20250827 )的数据...
  获取到 2575 条数据，保存到 /data/data_liy/quant/raw/stock_daily/600203.SH.csv
正在获取3041/5426 有研新材(600206.SH) [20150105 , 20250827 )的数据...
  获取到 2586 条数据，保存到 /data/data_liy/quant/raw/stock_daily/600206.SH.csv
正在获取3042/5426 安彩高科(600207.SH) [20150105 , 20250827 )的数据...
  获取到 2524 条数据，保存到 /data/data_liy/quant/raw/stock_daily/600207.SH.csv
正在获取3043/5426 衢州发展(600208.SH) [20150105 , 20250827 )的数据...
  获取到 2570 条数据，保存到 /data/data_liy/quant/raw/stock_daily/600208.SH.csv
正在获取3044/5426 紫江企业(600210.SH) [20150105 , 20250827 )的数据...
  获取到 2588 条数据，保存到 /data/data_liy/quant/raw/stock_daily/600210.SH.csv
正在获取3045/5426 西藏药业(600211.SH) [20150105 , 20250827 )的数据...
  获取到 2501 条数据，保存到 /data/data_liy/quant/raw/stock_daily/600211.SH.csv
正在获取3046/5426 绿能慧充(600212.SH) [20150105 , 20250827 )的数据...
  获取到 2193 条数据，保存到 /data/data_liy/quant/raw/stock_daily/600212.SH.csv
正在获取3047/5426 派斯林(600215.SH) [20150105 , 20250827 )的数据...
  获取到 2480 条数据，保存到 /data/data_liy/quant/raw/stock_daily/600215.SH.csv
正在获取3048/5426 浙江医药(600216.SH) [20150105 , 20250827 )的数据...
  获取到 2583 条数据，保存到 /data/data_liy/quant/raw/stock_daily/600216.SH.csv
正在获取3049/5426 中再资环(600217.SH) [20150105 , 20250827 )的数据...
  获取到 2401 条数据，保存到 /data/data_liy/quant/raw/stock_daily/600217.SH.csv
正在获取3050/5426 全柴动力(600218.SH) [20150105 , 20250827 )的数据...
  获取到 2581 条数据，保存到 /data/data_liy/quant/raw/stock_daily/600218.SH.csv
正在获取3051/5426 南山铝业(600219.SH) [20150105 , 20250827 )的数据...
  获取到 2482 条数据，保存到 /data/data_liy/quant/raw/stock_daily/600219.SH.csv
正在获取3052/5426 海航控股(600221.SH) [20150105 , 20250827 )的数据...
  获取到 2446 条数据，保存到 /data/data_liy/quant/raw/stock_daily/600221.SH.csv
正在获取3053/5426 太龙药业(600222.SH) [20150105 , 20250827 )的数据...
  获取到 2578 条数据，保存到 /data/data_liy/quant/raw/stock_daily/600222.SH.csv
正在获取3054/5426 福瑞达(600223.SH) [20150105 , 20250827 )的数据...
  获取到 2580 条数据，保存到 /data/data_liy/quant/raw/stock_daily/600223.SH.csv
正在获取3055/5426 亨通股份(600226.SH) [20150105 , 20250827 )的数据...
  获取到 2138 条数据，保存到 /data/data_liy/quant/raw/stock_daily/600226.SH.csv
正在获取3056/5426 赤天化(600227.SH) [20150105 , 20250827 )的数据...
  获取到 2419 条数据，保存到 /data/data_liy/quant/raw/stock_daily/600227.SH.csv
正在获取3057/5426 *ST返利(600228.SH) [20150105 , 20250827 )的数据...
  获取到 2372 条数据，保存到 /data/data_liy/quant/raw/stock_daily/600228.SH.csv
正在获取3058/5426 城市传媒(600229.SH) [20150105 , 20250827 )的数据...
  获取到 2580 条数据，保存到 /data/data_liy/quant/raw/stock_daily/600229.SH.csv
正在获取3059/5426 沧州大化(600230.SH) [20150105 , 20250827 )的数据...
  获取到 2543 条数据，保存到 /data/data_liy/quant/raw/stock_daily/600230.SH.csv
正在获取3060/5426 凌钢股份(600231.SH) [20150105 , 20250827 )的数据...
  获取到 2564 条数据，保存到 /data/data_liy/quant/raw/stock_daily/600231.SH.csv
正在获取3061/5426 金鹰股份(600232.SH) [20150105 , 20250827 )的数据...
  获取到 2412 条数据，保存到 /data/data_liy/quant/raw/stock_daily/600232.SH.csv
正在获取3062/5426 圆通速递(600233.SH) [20150105 , 20250827 )的数据...
  获取到 2491 条数据，保存到 /data/data_liy/quant/raw/stock_daily/600233.SH.csv
正在获取3063/5426 科新发展(600234.SH) [20150105 , 20250827 )的数据...
  获取到 2504 条数据，保存到 /data/data_liy/quant/raw/stock_daily/600234.SH.csv
正在获取3064/5426 民丰特纸(600235.SH) [20150105 , 20250827 )的数据...
  获取到 2588 条数据，保存到 /data/data_liy/quant/raw/stock_daily/600235.SH.csv
正在获取3065/5426 桂冠电力(600236.SH) [20150105 , 20250827 )的数据...
  获取到 2563 条数据，保存到 /data/data_liy/quant/raw/stock_daily/600236.SH.csv
正在获取3066/5426 铜峰电子(600237.SH) [20150105 , 20250827 )的数据...
  获取到 2501 条数据，保存到 /data/data_liy/quant/raw/stock_daily/600237.SH.csv
正在获取3067/5426 *ST椰岛(600238.SH) [20150105 , 20250827 )的数据...
  获取到 2449 条数据，保存到 /data/data_liy/quant/raw/stock_daily/600238.SH.csv
正在获取3068/5426 云南城投(600239.SH) [20150105 , 20250827 )的数据...
  获取到 2350 条数据，保存到 /data/data_liy/quant/raw/stock_daily/600239.SH.csv
正在获取3069/5426 时代万恒(600241.SH) [20150105 , 20250827 )的数据...
  获取到 2484 条数据，保存到 /data/data_liy/quant/raw/stock_daily/600241.SH.csv
正在获取3070/5426 *ST海华(600243.SH) [20150105 , 20250827 )的数据...
  获取到 2533 条数据，保存到 /data/data_liy/quant/raw/stock_daily/600243.SH.csv
正在获取3071/5426 万通发展(600246.SH) [20150105 , 20250827 )的数据...
  获取到 2439 条数据，保存到 /data/data_liy/quant/raw/stock_daily/600246.SH.csv
正在获取3072/5426 陕建股份(600248.SH) [20150105 , 20250827 )的数据...
  获取到 2454 条数据，保存到 /data/data_liy/quant/raw/stock_daily/600248.SH.csv
正在获取3073/5426 两面针(600249.SH) [20150105 , 20250827 )的数据...
  获取到 2587 条数据，保存到 /data/data_liy/quant/raw/stock_daily/600249.SH.csv
正在获取3074/5426 南京商旅(600250.SH) [20150105 , 20250827 )的数据...
  获取到 2454 条数据，保存到 /data/data_liy/quant/raw/stock_daily/600250.SH.csv
正在获取3075/5426 冠农股份(600251.SH) [20150105 , 20250827 )的数据...
  获取到 2585 条数据，保存到 /data/data_liy/quant/raw/stock_daily/600251.SH.csv
正在获取3076/5426 中恒集团(600252.SH) [20150105 , 20250827 )的数据...
  获取到 2572 条数据，保存到 /data/data_liy/quant/raw/stock_daily/600252.SH.csv
正在获取3077/5426 鑫科材料(600255.SH) [20150105 , 20250827 )的数据...
  获取到 2322 条数据，保存到 /data/data_liy/quant/raw/stock_daily/600255.SH.csv
正在获取3078/5426 广汇能源(600256.SH) [20150105 , 20250827 )的数据...
  获取到 2562 条数据，保存到 /data/data_liy/quant/raw/stock_daily/600256.SH.csv
正在获取3079/5426 大湖股份(600257.SH) [20150105 , 20250827 )的数据...
  获取到 2430 条数据，保存到 /data/data_liy/quant/raw/stock_daily/600257.SH.csv
正在获取3080/5426 首旅酒店(600258.SH) [20150105 , 20250827 )的数据...
  获取到 2390 条数据，保存到 /data/data_liy/quant/raw/stock_daily/600258.SH.csv
正在获取3081/5426 广晟有色(600259.SH) [20150105 , 20250827 )的数据...
  获取到 2474 条数据，保存到 /data/data_liy/quant/raw/stock_daily/600259.SH.csv
正在获取3082/5426 阳光照明(600261.SH) [20150105 , 20250827 )的数据...
  获取到 2588 条数据，保存到 /data/data_liy/quant/raw/stock_daily/600261.SH.csv
正在获取3083/5426 北方股份(600262.SH) [20150105 , 20250827 )的数据...
  获取到 2588 条数据，保存到 /data/data_liy/quant/raw/stock_daily/600262.SH.csv
正在获取3084/5426 ST景谷(600265.SH) [20150105 , 20250827 )的数据...
  获取到 2490 条数据，保存到 /data/data_liy/quant/raw/stock_daily/600265.SH.csv
正在获取3085/5426 城建发展(600266.SH) [20150105 , 20250827 )的数据...
  获取到 2585 条数据，保存到 /data/data_liy/quant/raw/stock_daily/600266.SH.csv
正在获取3086/5426 海正药业(600267.SH) [20150105 , 20250827 )的数据...
  获取到 2543 条数据，保存到 /data/data_liy/quant/raw/stock_daily/600267.SH.csv
正在获取3087/5426 国电南自(600268.SH) [20150105 , 20250827 )的数据...
  获取到 2583 条数据，保存到 /data/data_liy/quant/raw/stock_daily/600268.SH.csv
正在获取3088/5426 赣粤高速(600269.SH) [20150105 , 20250827 )的数据...
  获取到 2588 条数据，保存到 /data/data_liy/quant/raw/stock_daily/600269.SH.csv
正在获取3089/5426 航天信息(600271.SH) [20150105 , 20250827 )的数据...
  获取到 2440 条数据，保存到 /data/data_liy/quant/raw/stock_daily/600271.SH.csv
正在获取3090/5426 开开实业(600272.SH) [20150105 , 20250827 )的数据...
  获取到 2587 条数据，保存到 /data/data_liy/quant/raw/stock_daily/600272.SH.csv
正在获取3091/5426 嘉化能源(600273.SH) [20150105 , 20250827 )的数据...
  获取到 2483 条数据，保存到 /data/data_liy/quant/raw/stock_daily/600273.SH.csv
正在获取3092/5426 恒瑞医药(600276.SH) [20150105 , 20250827 )的数据...
  获取到 2587 条数据，保存到 /data/data_liy/quant/raw/stock_daily/600276.SH.csv
正在获取3093/5426 东方创业(600278.SH) [20150105 , 20250827 )的数据...
HTTPConnectionPool(host='api.waditu.com', port=80): Max retries exceeded with url: /dataapi/adj_factor (Caused by NameResolutionError("<urllib3.connection.HTTPConnection object at 0x7f6a045a2a70>: Failed to resolve 'api.waditu.com' ([Errno -2] Name or service not known)"))
  获取到 2570 条数据，保存到 /data/data_liy/quant/raw/stock_daily/600278.SH.csv
正在获取3094/5426 重庆港(600279.SH) [20150105 , 20250827 )的数据...
  获取到 2577 条数据，保存到 /data/data_liy/quant/raw/stock_daily/600279.SH.csv
正在获取3095/5426 中央商场(600280.SH) [20150105 , 20250827 )的数据...
  获取到 2516 条数据，保存到 /data/data_liy/quant/raw/stock_daily/600280.SH.csv
正在获取3096/5426 华阳新材(600281.SH) [20150105 , 20250827 )的数据...
  获取到 2559 条数据，保存到 /data/data_liy/quant/raw/stock_daily/600281.SH.csv
正在获取3097/5426 南钢股份(600282.SH) [20150105 , 20250827 )的数据...
  获取到 2560 条数据，保存到 /data/data_liy/quant/raw/stock_daily/600282.SH.csv
正在获取3098/5426 钱江水利(600283.SH) [20150105 , 20250827 )的数据...
  获取到 2578 条数据，保存到 /data/data_liy/quant/raw/stock_daily/600283.SH.csv
正在获取3099/5426 浦东建设(600284.SH) [20150105 , 20250827 )的数据...
  获取到 2587 条数据，保存到 /data/data_liy/quant/raw/stock_daily/600284.SH.csv
正在获取3100/5426 羚锐制药(600285.SH) [20150105 , 20250827 )的数据...
  获取到 2562 条数据，保存到 /data/data_liy/quant/raw/stock_daily/600285.SH.csv
正在获取3101/5426 江苏舜天(600287.SH) [20150105 , 20250827 )的数据...
  获取到 2586 条数据，保存到 /data/data_liy/quant/raw/stock_daily/600287.SH.csv
正在获取3102/5426 大恒科技(600288.SH) [20150105 , 20250827 )的数据...
  获取到 2578 条数据，保存到 /data/data_liy/quant/raw/stock_daily/600288.SH.csv
正在获取3103/5426 ST信通(600289.SH) [20150105 , 20250827 )的数据...
  获取到 2368 条数据，保存到 /data/data_liy/quant/raw/stock_daily/600289.SH.csv
正在获取3104/5426 远达环保(600292.SH) [20150105 , 20250827 )的数据...
  获取到 2576 条数据，保存到 /data/data_liy/quant/raw/stock_daily/600292.SH.csv
正在获取3105/5426 三峡新材(600293.SH) [20150105 , 20250827 )的数据...
  获取到 2435 条数据，保存到 /data/data_liy/quant/raw/stock_daily/600293.SH.csv
正在获取3106/5426 鄂尔多斯(600295.SH) [20150105 , 20250827 )的数据...
  获取到 2577 条数据，保存到 /data/data_liy/quant/raw/stock_daily/600295.SH.csv
正在获取3107/5426 安琪酵母(600298.SH) [20150105 , 20250827 )的数据...
  获取到 2588 条数据，保存到 /data/data_liy/quant/raw/stock_daily/600298.SH.csv
正在获取3108/5426 安迪苏(600299.SH) [20150105 , 20250827 )的数据...
  获取到 2574 条数据，保存到 /data/data_liy/quant/raw/stock_daily/600299.SH.csv
正在获取3109/5426 维维股份(600300.SH) [20150105 , 20250827 )的数据...
  获取到 2581 条数据，保存到 /data/data_liy/quant/raw/stock_daily/600300.SH.csv
正在获取3110/5426 华锡有色(600301.SH) [20150105 , 20250827 )的数据...
  获取到 2500 条数据，保存到 /data/data_liy/quant/raw/stock_daily/600301.SH.csv
正在获取3111/5426 标准股份(600302.SH) [20150105 , 20250827 )的数据...
  获取到 2588 条数据，保存到 /data/data_liy/quant/raw/stock_daily/600302.SH.csv
正在获取3112/5426 曙光股份(600303.SH) [20150105 , 20250827 )的数据...
  获取到 2515 条数据，保存到 /data/data_liy/quant/raw/stock_daily/600303.SH.csv
正在获取3113/5426 恒顺醋业(600305.SH) [20150105 , 20250827 )的数据...
  获取到 2588 条数据，保存到 /data/data_liy/quant/raw/stock_daily/600305.SH.csv
正在获取3114/5426 酒钢宏兴(600307.SH) [20150105 , 20250827 )的数据...
  获取到 2586 条数据，保存到 /data/data_liy/quant/raw/stock_daily/600307.SH.csv
正在获取3115/5426 华泰股份(600308.SH) [20150105 , 20250827 )的数据...
  获取到 2582 条数据，保存到 /data/data_liy/quant/raw/stock_daily/600308.SH.csv
正在获取3116/5426 万华化学(600309.SH) [20150105 , 20250827 )的数据...
  获取到 2455 条数据，保存到 /data/data_liy/quant/raw/stock_daily/600309.SH.csv
正在获取3117/5426 广西能源(600310.SH) [20150105 , 20250827 )的数据...
  获取到 2556 条数据，保存到 /data/data_liy/quant/raw/stock_daily/600310.SH.csv
正在获取3118/5426 平高电气(600312.SH) [20150105 , 20250827 )的数据...
  获取到 2501 条数据，保存到 /data/data_liy/quant/raw/stock_daily/600312.SH.csv
正在获取3119/5426 农发种业(600313.SH) [20150105 , 20250827 )的数据...
  获取到 2579 条数据，保存到 /data/data_liy/quant/raw/stock_daily/600313.SH.csv
正在获取3120/5426 上海家化(600315.SH) [20150105 , 20250827 )的数据...
  获取到 2532 条数据，保存到 /data/data_liy/quant/raw/stock_daily/600315.SH.csv
正在获取3121/5426 洪都航空(600316.SH) [20150105 , 20250827 )的数据...
  获取到 2588 条数据，保存到 /data/data_liy/quant/raw/stock_daily/600316.SH.csv
正在获取3122/5426 新力金融(600318.SH) [20150105 , 20250827 )的数据...
  获取到 2136 条数据，保存到 /data/data_liy/quant/raw/stock_daily/600318.SH.csv
正在获取3123/5426 亚星化学(600319.SH) [20150105 , 20250827 )的数据...
  获取到 2317 条数据，保存到 /data/data_liy/quant/raw/stock_daily/600319.SH.csv
正在获取3124/5426 振华重工(600320.SH) [20150105 , 20250827 )的数据...
  获取到 2588 条数据，保存到 /data/data_liy/quant/raw/stock_daily/600320.SH.csv
正在获取3125/5426 津投城开(600322.SH) [20150105 , 20250827 )的数据...
  获取到 2578 条数据，保存到 /data/data_liy/quant/raw/stock_daily/600322.SH.csv
正在获取3126/5426 瀚蓝环境(600323.SH) [20150105 , 20250827 )的数据...
  获取到 2571 条数据，保存到 /data/data_liy/quant/raw/stock_daily/600323.SH.csv
正在获取3127/5426 华发股份(600325.SH) [20150105 , 20250827 )的数据...
  获取到 2578 条数据，保存到 /data/data_liy/quant/raw/stock_daily/600325.SH.csv
正在获取3128/5426 西藏天路(600326.SH) [20150105 , 20250827 )的数据...
  获取到 2583 条数据，保存到 /data/data_liy/quant/raw/stock_daily/600326.SH.csv
正在获取3129/5426 大东方(600327.SH) [20150105 , 20250827 )的数据...
  获取到 2578 条数据，保存到 /data/data_liy/quant/raw/stock_daily/600327.SH.csv
正在获取3130/5426 中盐化工(600328.SH) [20150105 , 20250827 )的数据...
  获取到 2441 条数据，保存到 /data/data_liy/quant/raw/stock_daily/600328.SH.csv
正在获取3131/5426 达仁堂(600329.SH) [20150105 , 20250827 )的数据...
  获取到 2583 条数据，保存到 /data/data_liy/quant/raw/stock_daily/600329.SH.csv
正在获取3132/5426 天通股份(600330.SH) [20150105 , 20250827 )的数据...
HTTPConnectionPool(host='api.waditu.com', port=80): Max retries exceeded with url: /dataapi/daily (Caused by NameResolutionError("<urllib3.connection.HTTPConnection object at 0x7f6a045a0820>: Failed to resolve 'api.waditu.com' ([Errno -2] Name or service not known)"))
  获取到 2467 条数据，保存到 /data/data_liy/quant/raw/stock_daily/600330.SH.csv
正在获取3133/5426 宏达股份(600331.SH) [20150105 , 20250827 )的数据...
  获取到 2490 条数据，保存到 /data/data_liy/quant/raw/stock_daily/600331.SH.csv
正在获取3134/5426 白云山(600332.SH) [20150105 , 20250827 )的数据...
  获取到 2531 条数据，保存到 /data/data_liy/quant/raw/stock_daily/600332.SH.csv
正在获取3135/5426 长春燃气(600333.SH) [20150105 , 20250827 )的数据...
  获取到 2555 条数据，保存到 /data/data_liy/quant/raw/stock_daily/600333.SH.csv
正在获取3136/5426 国机汽车(600335.SH) [20150105 , 20250827 )的数据...
  获取到 2438 条数据，保存到 /data/data_liy/quant/raw/stock_daily/600335.SH.csv
正在获取3137/5426 澳柯玛(600336.SH) [20150105 , 20250827 )的数据...
  获取到 2578 条数据，保存到 /data/data_liy/quant/raw/stock_daily/600336.SH.csv
正在获取3138/5426 美克家居(600337.SH) [20150105 , 20250827 )的数据...
  获取到 2559 条数据，保存到 /data/data_liy/quant/raw/stock_daily/600337.SH.csv
正在获取3139/5426 西藏珠峰(600338.SH) [20150105 , 20250827 )的数据...
  获取到 2526 条数据，保存到 /data/data_liy/quant/raw/stock_daily/600338.SH.csv
正在获取3140/5426 中油工程(600339.SH) [20150105 , 20250827 )的数据...
  获取到 2433 条数据，保存到 /data/data_liy/quant/raw/stock_daily/600339.SH.csv
正在获取3141/5426 华夏幸福(600340.SH) [20150105 , 20250827 )的数据...
  获取到 2556 条数据，保存到 /data/data_liy/quant/raw/stock_daily/600340.SH.csv
正在获取3142/5426 航天动力(600343.SH) [20150105 , 20250827 )的数据...
  获取到 2579 条数据，保存到 /data/data_liy/quant/raw/stock_daily/600343.SH.csv
正在获取3143/5426 长江通信(600345.SH) [20150105 , 20250827 )的数据...
  获取到 2568 条数据，保存到 /data/data_liy/quant/raw/stock_daily/600345.SH.csv
正在获取3144/5426 恒力石化(600346.SH) [20150105 , 20250827 )的数据...
  获取到 2379 条数据，保存到 /data/data_liy/quant/raw/stock_daily/600346.SH.csv
正在获取3145/5426 华阳股份(600348.SH) [20150105 , 20250827 )的数据...
  获取到 2588 条数据，保存到 /data/data_liy/quant/raw/stock_daily/600348.SH.csv
正在获取3146/5426 山东高速(600350.SH) [20150105 , 20250827 )的数据...
  获取到 2578 条数据，保存到 /data/data_liy/quant/raw/stock_daily/600350.SH.csv
正在获取3147/5426 亚宝药业(600351.SH) [20150105 , 20250827 )的数据...
  获取到 2558 条数据，保存到 /data/data_liy/quant/raw/stock_daily/600351.SH.csv
正在获取3148/5426 浙江龙盛(600352.SH) [20150105 , 20250827 )的数据...
  获取到 2573 条数据，保存到 /data/data_liy/quant/raw/stock_daily/600352.SH.csv
正在获取3149/5426 旭光电子(600353.SH) [20150105 , 20250827 )的数据...
  获取到 2488 条数据，保存到 /data/data_liy/quant/raw/stock_daily/600353.SH.csv
正在获取3150/5426 敦煌种业(600354.SH) [20150105 , 20250827 )的数据...
  获取到 2550 条数据，保存到 /data/data_liy/quant/raw/stock_daily/600354.SH.csv
正在获取3151/5426 *ST精伦(600355.SH) [20150105 , 20250827 )的数据...
  获取到 2533 条数据，保存到 /data/data_liy/quant/raw/stock_daily/600355.SH.csv
正在获取3152/5426 恒丰纸业(600356.SH) [20150105 , 20250827 )的数据...
  获取到 2510 条数据，保存到 /data/data_liy/quant/raw/stock_daily/600356.SH.csv
正在获取3153/5426 ST联合(600358.SH) [20150105 , 20250827 )的数据...
  获取到 2326 条数据，保存到 /data/data_liy/quant/raw/stock_daily/600358.SH.csv
正在获取3154/5426 新农开发(600359.SH) [20150105 , 20250827 )的数据...
  获取到 2554 条数据，保存到 /data/data_liy/quant/raw/stock_daily/600359.SH.csv
正在获取3155/5426 *ST华微(600360.SH) [20150105 , 20250827 )的数据...
  获取到 2568 条数据，保存到 /data/data_liy/quant/raw/stock_daily/600360.SH.csv
正在获取3156/5426 创新新材(600361.SH) [20150105 , 20250827 )的数据...
  获取到 2577 条数据，保存到 /data/data_liy/quant/raw/stock_daily/600361.SH.csv
正在获取3157/5426 江西铜业(600362.SH) [20150105 , 20250827 )的数据...
  获取到 2580 条数据，保存到 /data/data_liy/quant/raw/stock_daily/600362.SH.csv
正在获取3158/5426 联创光电(600363.SH) [20150105 , 20250827 )的数据...
  获取到 2492 条数据，保存到 /data/data_liy/quant/raw/stock_daily/600363.SH.csv
正在获取3159/5426 ST通葡(600365.SH) [20150105 , 20250827 )的数据...
  获取到 2404 条数据，保存到 /data/data_liy/quant/raw/stock_daily/600365.SH.csv
正在获取3160/5426 宁波韵升(600366.SH) [20150105 , 20250827 )的数据...
  获取到 2520 条数据，保存到 /data/data_liy/quant/raw/stock_daily/600366.SH.csv
正在获取3161/5426 红星发展(600367.SH) [20150105 , 20250827 )的数据...
  获取到 2584 条数据，保存到 /data/data_liy/quant/raw/stock_daily/600367.SH.csv
正在获取3162/5426 五洲交通(600368.SH) [20150105 , 20250827 )的数据...
  获取到 2587 条数据，保存到 /data/data_liy/quant/raw/stock_daily/600368.SH.csv
正在获取3163/5426 西南证券(600369.SH) [20150105 , 20250827 )的数据...
  获取到 2586 条数据，保存到 /data/data_liy/quant/raw/stock_daily/600369.SH.csv
正在获取3164/5426 三房巷(600370.SH) [20150105 , 20250827 )的数据...
  获取到 2575 条数据，保存到 /data/data_liy/quant/raw/stock_daily/600370.SH.csv
正在获取3165/5426 万向德农(600371.SH) [20150105 , 20250827 )的数据...
  获取到 2587 条数据，保存到 /data/data_liy/quant/raw/stock_daily/600371.SH.csv
正在获取3166/5426 中航机载(600372.SH) [20150105 , 20250827 )的数据...
  获取到 2560 条数据，保存到 /data/data_liy/quant/raw/stock_daily/600372.SH.csv
正在获取3167/5426 中文传媒(600373.SH) [20150105 , 20250827 )的数据...
  获取到 2585 条数据，保存到 /data/data_liy/quant/raw/stock_daily/600373.SH.csv
正在获取3168/5426 汉马科技(600375.SH) [20150105 , 20250827 )的数据...
  获取到 2359 条数据，保存到 /data/data_liy/quant/raw/stock_daily/600375.SH.csv
正在获取3169/5426 首开股份(600376.SH) [20150105 , 20250827 )的数据...
  获取到 2571 条数据，保存到 /data/data_liy/quant/raw/stock_daily/600376.SH.csv
正在获取3170/5426 宁沪高速(600377.SH) [20150105 , 20250827 )的数据...
  获取到 2588 条数据，保存到 /data/data_liy/quant/raw/stock_daily/600377.SH.csv
正在获取3171/5426 昊华科技(600378.SH) [20150105 , 20250827 )的数据...
  获取到 2429 条数据，保存到 /data/data_liy/quant/raw/stock_daily/600378.SH.csv
正在获取3172/5426 宝光股份(600379.SH) [20150105 , 20250827 )的数据...
  获取到 2480 条数据，保存到 /data/data_liy/quant/raw/stock_daily/600379.SH.csv
正在获取3173/5426 健康元(600380.SH) [20150105 , 20250827 )的数据...
  获取到 2546 条数据，保存到 /data/data_liy/quant/raw/stock_daily/600380.SH.csv
正在获取3174/5426 *ST春天(600381.SH) [20150105 , 20250827 )的数据...
  获取到 2476 条数据，保存到 /data/data_liy/quant/raw/stock_daily/600381.SH.csv
正在获取3175/5426 广东明珠(600382.SH) [20150105 , 20250827 )的数据...
  获取到 2558 条数据，保存到 /data/data_liy/quant/raw/stock_daily/600382.SH.csv
正在获取3176/5426 金地集团(600383.SH) [20150105 , 20250827 )的数据...
  获取到 2587 条数据，保存到 /data/data_liy/quant/raw/stock_daily/600383.SH.csv
正在获取3177/5426 北巴传媒(600386.SH) [20150105 , 20250827 )的数据...
  获取到 2586 条数据，保存到 /data/data_liy/quant/raw/stock_daily/600386.SH.csv
正在获取3178/5426 龙净环保(600388.SH) [20150105 , 20250827 )的数据...
  获取到 2565 条数据，保存到 /data/data_liy/quant/raw/stock_daily/600388.SH.csv
正在获取3179/5426 江山股份(600389.SH) [20150105 , 20250827 )的数据...
  获取到 2437 条数据，保存到 /data/data_liy/quant/raw/stock_daily/600389.SH.csv
正在获取3180/5426 五矿资本(600390.SH) [20150105 , 20250827 )的数据...
  获取到 2463 条数据，保存到 /data/data_liy/quant/raw/stock_daily/600390.SH.csv
正在获取3181/5426 航发科技(600391.SH) [20150105 , 20250827 )的数据...
  获取到 2584 条数据，保存到 /data/data_liy/quant/raw/stock_daily/600391.SH.csv
正在获取3182/5426 盛和资源(600392.SH) [20150105 , 20250827 )的数据...
  获取到 2501 条数据，保存到 /data/data_liy/quant/raw/stock_daily/600392.SH.csv
正在获取3183/5426 盘江股份(600395.SH) [20150105 , 20250827 )的数据...
  获取到 2538 条数据，保存到 /data/data_liy/quant/raw/stock_daily/600395.SH.csv
正在获取3184/5426 华电辽能(600396.SH) [20150105 , 20250827 )的数据...
  获取到 2579 条数据，保存到 /data/data_liy/quant/raw/stock_daily/600396.SH.csv
正在获取3185/5426 安源煤业(600397.SH) [20150105 , 20250827 )的数据...
  获取到 2530 条数据，保存到 /data/data_liy/quant/raw/stock_daily/600397.SH.csv
正在获取3186/5426 海澜之家(600398.SH) [20150105 , 20250827 )的数据...
  获取到 2578 条数据，保存到 /data/data_liy/quant/raw/stock_daily/600398.SH.csv
正在获取3187/5426 抚顺特钢(600399.SH) [20150105 , 20250827 )的数据...
  获取到 2360 条数据，保存到 /data/data_liy/quant/raw/stock_daily/600399.SH.csv
正在获取3188/5426 红豆股份(600400.SH) [20150105 , 20250827 )的数据...
  获取到 2500 条数据，保存到 /data/data_liy/quant/raw/stock_daily/600400.SH.csv
正在获取3189/5426 大有能源(600403.SH) [20150105 , 20250827 )的数据...
  获取到 2584 条数据，保存到 /data/data_liy/quant/raw/stock_daily/600403.SH.csv
正在获取3190/5426 动力源(600405.SH) [20150105 , 20250827 )的数据...
  获取到 2570 条数据，保存到 /data/data_liy/quant/raw/stock_daily/600405.SH.csv
正在获取3191/5426 国电南瑞(600406.SH) [20150105 , 20250827 )的数据...
  获取到 2479 条数据，保存到 /data/data_liy/quant/raw/stock_daily/600406.SH.csv
正在获取3192/5426 安泰集团(600408.SH) [20150105 , 20250827 )的数据...
  获取到 2357 条数据，保存到 /data/data_liy/quant/raw/stock_daily/600408.SH.csv
正在获取3193/5426 三友化工(600409.SH) [20150105 , 20250827 )的数据...
  获取到 2582 条数据，保存到 /data/data_liy/quant/raw/stock_daily/600409.SH.csv
正在获取3194/5426 华胜天成(600410.SH) [20150105 , 20250827 )的数据...
  获取到 2539 条数据，保存到 /data/data_liy/quant/raw/stock_daily/600410.SH.csv
正在获取3195/5426 小商品城(600415.SH) [20150105 , 20250827 )的数据...
  获取到 2580 条数据，保存到 /data/data_liy/quant/raw/stock_daily/600415.SH.csv
正在获取3196/5426 湘电股份(600416.SH) [20150105 , 20250827 )的数据...
  获取到 2543 条数据，保存到 /data/data_liy/quant/raw/stock_daily/600416.SH.csv
正在获取3197/5426 江淮汽车(600418.SH) [20150105 , 20250827 )的数据...
  获取到 2575 条数据，保存到 /data/data_liy/quant/raw/stock_daily/600418.SH.csv
正在获取3198/5426 天润乳业(600419.SH) [20150105 , 20250827 )的数据...
  获取到 2576 条数据，保存到 /data/data_liy/quant/raw/stock_daily/600419.SH.csv
正在获取3199/5426 国药现代(600420.SH) [20150105 , 20250827 )的数据...
  获取到 2477 条数据，保存到 /data/data_liy/quant/raw/stock_daily/600420.SH.csv
正在获取3200/5426 *ST华嵘(600421.SH) [20150105 , 20250827 )的数据...
  获取到 2517 条数据，保存到 /data/data_liy/quant/raw/stock_daily/600421.SH.csv
正在获取3201/5426 昆药集团(600422.SH) [20150105 , 20250827 )的数据...
  获取到 2585 条数据，保存到 /data/data_liy/quant/raw/stock_daily/600422.SH.csv
正在获取3202/5426 柳化股份(600423.SH) [20150105 , 20250827 )的数据...
  获取到 2327 条数据，保存到 /data/data_liy/quant/raw/stock_daily/600423.SH.csv
正在获取3203/5426 青松建化(600425.SH) [20150105 , 20250827 )的数据...
  获取到 2586 条数据，保存到 /data/data_liy/quant/raw/stock_daily/600425.SH.csv
正在获取3204/5426 华鲁恒升(600426.SH) [20150105 , 20250827 )的数据...
  获取到 2581 条数据，保存到 /data/data_liy/quant/raw/stock_daily/600426.SH.csv
正在获取3205/5426 中远海特(600428.SH) [20150105 , 20250827 )的数据...
  获取到 2501 条数据，保存到 /data/data_liy/quant/raw/stock_daily/600428.SH.csv
正在获取3206/5426 三元股份(600429.SH) [20150105 , 20250827 )的数据...
  获取到 2491 条数据，保存到 /data/data_liy/quant/raw/stock_daily/600429.SH.csv
正在获取3207/5426 冠豪高新(600433.SH) [20150105 , 20250827 )的数据...
  获取到 2546 条数据，保存到 /data/data_liy/quant/raw/stock_daily/600433.SH.csv
正在获取3208/5426 北方导航(600435.SH) [20150105 , 20250827 )的数据...
  获取到 2587 条数据，保存到 /data/data_liy/quant/raw/stock_daily/600435.SH.csv
正在获取3209/5426 片仔癀(600436.SH) [20150105 , 20250827 )的数据...
  获取到 2582 条数据，保存到 /data/data_liy/quant/raw/stock_daily/600436.SH.csv
正在获取3210/5426 通威股份(600438.SH) [20150105 , 20250827 )的数据...
  获取到 2446 条数据，保存到 /data/data_liy/quant/raw/stock_daily/600438.SH.csv
正在获取3211/5426 瑞贝卡(600439.SH) [20150105 , 20250827 )的数据...
  获取到 2575 条数据，保存到 /data/data_liy/quant/raw/stock_daily/600439.SH.csv
正在获取3212/5426 国机通用(600444.SH) [20150105 , 20250827 )的数据...
  获取到 2581 条数据，保存到 /data/data_liy/quant/raw/stock_daily/600444.SH.csv
正在获取3213/5426 金证股份(600446.SH) [20150105 , 20250827 )的数据...
  获取到 2480 条数据，保存到 /data/data_liy/quant/raw/stock_daily/600446.SH.csv
正在获取3214/5426 华纺股份(600448.SH) [20150105 , 20250827 )的数据...
  获取到 2541 条数据，保存到 /data/data_liy/quant/raw/stock_daily/600448.SH.csv
正在获取3215/5426 宁夏建材(600449.SH) [20150105 , 20250827 )的数据...
  获取到 2575 条数据，保存到 /data/data_liy/quant/raw/stock_daily/600449.SH.csv
正在获取3216/5426 涪陵电力(600452.SH) [20150105 , 20250827 )的数据...
  获取到 2543 条数据，保存到 /data/data_liy/quant/raw/stock_daily/600452.SH.csv
正在获取3217/5426 博通股份(600455.SH) [20150105 , 20250827 )的数据...
HTTPConnectionPool(host='api.waditu.com', port=80): Max retries exceeded with url: /dataapi/adj_factor (Caused by NameResolutionError("<urllib3.connection.HTTPConnection object at 0x7f6a045a3d90>: Failed to resolve 'api.waditu.com' ([Errno -2] Name or service not known)"))
  获取到 2412 条数据，保存到 /data/data_liy/quant/raw/stock_daily/600455.SH.csv
正在获取3218/5426 宝钛股份(600456.SH) [20150105 , 20250827 )的数据...
  获取到 2588 条数据，保存到 /data/data_liy/quant/raw/stock_daily/600456.SH.csv
正在获取3219/5426 时代新材(600458.SH) [20150105 , 20250827 )的数据...
  获取到 2588 条数据，保存到 /data/data_liy/quant/raw/stock_daily/600458.SH.csv
正在获取3220/5426 贵研铂业(600459.SH) [20150105 , 20250827 )的数据...
  获取到 2576 条数据，保存到 /data/data_liy/quant/raw/stock_daily/600459.SH.csv
正在获取3221/5426 士兰微(600460.SH) [20150105 , 20250827 )的数据...
  获取到 2503 条数据，保存到 /data/data_liy/quant/raw/stock_daily/600460.SH.csv
正在获取3222/5426 洪城环境(600461.SH) [20150105 , 20250827 )的数据...
  获取到 2444 条数据，保存到 /data/data_liy/quant/raw/stock_daily/600461.SH.csv
正在获取3223/5426 空港股份(600463.SH) [20150105 , 20250827 )的数据...
  获取到 2571 条数据，保存到 /data/data_liy/quant/raw/stock_daily/600463.SH.csv
正在获取3224/5426 好当家(600467.SH) [20150105 , 20250827 )的数据...
  获取到 2583 条数据，保存到 /data/data_liy/quant/raw/stock_daily/600467.SH.csv
正在获取3225/5426 百利电气(600468.SH) [20150105 , 20250827 )的数据...
  获取到 2402 条数据，保存到 /data/data_liy/quant/raw/stock_daily/600468.SH.csv
正在获取3226/5426 风神股份(600469.SH) [20150105 , 20250827 )的数据...
  获取到 2406 条数据，保存到 /data/data_liy/quant/raw/stock_daily/600469.SH.csv
正在获取3227/5426 六国化工(600470.SH) [20150105 , 20250827 )的数据...
  获取到 2576 条数据，保存到 /data/data_liy/quant/raw/stock_daily/600470.SH.csv
正在获取3228/5426 华光环能(600475.SH) [20150105 , 20250827 )的数据...
  获取到 2452 条数据，保存到 /data/data_liy/quant/raw/stock_daily/600475.SH.csv
正在获取3229/5426 湘邮科技(600476.SH) [20150105 , 20250827 )的数据...
  获取到 2582 条数据，保存到 /data/data_liy/quant/raw/stock_daily/600476.SH.csv
正在获取3230/5426 杭萧钢构(600477.SH) [20150105 , 20250827 )的数据...
  获取到 2570 条数据，保存到 /data/data_liy/quant/raw/stock_daily/600477.SH.csv
正在获取3231/5426 科力远(600478.SH) [20150105 , 20250827 )的数据...
  获取到 2542 条数据，保存到 /data/data_liy/quant/raw/stock_daily/600478.SH.csv
正在获取3232/5426 千金药业(600479.SH) [20150105 , 20250827 )的数据...
  获取到 2575 条数据，保存到 /data/data_liy/quant/raw/stock_daily/600479.SH.csv
正在获取3233/5426 凌云股份(600480.SH) [20150105 , 20250827 )的数据...
  获取到 2460 条数据，保存到 /data/data_liy/quant/raw/stock_daily/600480.SH.csv
正在获取3234/5426 双良节能(600481.SH) [20150105 , 20250827 )的数据...
  获取到 2486 条数据，保存到 /data/data_liy/quant/raw/stock_daily/600481.SH.csv
正在获取3235/5426 中国动力(600482.SH) [20150105 , 20250827 )的数据...
  获取到 2465 条数据，保存到 /data/data_liy/quant/raw/stock_daily/600482.SH.csv
正在获取3236/5426 福能股份(600483.SH) [20150105 , 20250827 )的数据...
HTTPConnectionPool(host='api.waditu.com', port=80): Max retries exceeded with url: /dataapi/adj_factor (Caused by NameResolutionError("<urllib3.connection.HTTPConnection object at 0x7f6a04584640>: Failed to resolve 'api.waditu.com' ([Errno -2] Name or service not known)"))
  获取到 2547 条数据，保存到 /data/data_liy/quant/raw/stock_daily/600483.SH.csv
正在获取3237/5426 扬农化工(600486.SH) [20150105 , 20250827 )的数据...
  获取到 2582 条数据，保存到 /data/data_liy/quant/raw/stock_daily/600486.SH.csv
正在获取3238/5426 亨通光电(600487.SH) [20150105 , 20250827 )的数据...
  获取到 2526 条数据，保存到 /data/data_liy/quant/raw/stock_daily/600487.SH.csv
正在获取3239/5426 津药药业(600488.SH) [20150105 , 20250827 )的数据...
  获取到 2500 条数据，保存到 /data/data_liy/quant/raw/stock_daily/600488.SH.csv
正在获取3240/5426 中金黄金(600489.SH) [20150105 , 20250827 )的数据...
  获取到 2569 条数据，保存到 /data/data_liy/quant/raw/stock_daily/600489.SH.csv
正在获取3241/5426 鹏欣资源(600490.SH) [20150105 , 20250827 )的数据...
  获取到 2205 条数据，保存到 /data/data_liy/quant/raw/stock_daily/600490.SH.csv
正在获取3242/5426 龙元建设(600491.SH) [20150105 , 20250827 )的数据...
  获取到 2579 条数据，保存到 /data/data_liy/quant/raw/stock_daily/600491.SH.csv
正在获取3243/5426 凤竹纺织(600493.SH) [20150105 , 20250827 )的数据...
  获取到 2579 条数据，保存到 /data/data_liy/quant/raw/stock_daily/600493.SH.csv
正在获取3244/5426 晋西车轴(600495.SH) [20150105 , 20250827 )的数据...
  获取到 2588 条数据，保存到 /data/data_liy/quant/raw/stock_daily/600495.SH.csv
正在获取3245/5426 精工钢构(600496.SH) [20150105 , 20250827 )的数据...
  获取到 2574 条数据，保存到 /data/data_liy/quant/raw/stock_daily/600496.SH.csv
正在获取3246/5426 驰宏锌锗(600497.SH) [20150105 , 20250827 )的数据...
  获取到 2551 条数据，保存到 /data/data_liy/quant/raw/stock_daily/600497.SH.csv
正在获取3247/5426 烽火通信(600498.SH) [20150105 , 20250827 )的数据...
  获取到 2578 条数据，保存到 /data/data_liy/quant/raw/stock_daily/600498.SH.csv
正在获取3248/5426 科达制造(600499.SH) [20150105 , 20250827 )的数据...
  获取到 2478 条数据，保存到 /data/data_liy/quant/raw/stock_daily/600499.SH.csv
正在获取3249/5426 中化国际(600500.SH) [20150105 , 20250827 )的数据...
  获取到 2553 条数据，保存到 /data/data_liy/quant/raw/stock_daily/600500.SH.csv
正在获取3250/5426 航天晨光(600501.SH) [20150105 , 20250827 )的数据...
  获取到 2586 条数据，保存到 /data/data_liy/quant/raw/stock_daily/600501.SH.csv
正在获取3251/5426 安徽建工(600502.SH) [20150105 , 20250827 )的数据...
  获取到 2452 条数据，保存到 /data/data_liy/quant/raw/stock_daily/600502.SH.csv
正在获取3252/5426 华丽家族(600503.SH) [20150105 , 20250827 )的数据...
  获取到 2520 条数据，保存到 /data/data_liy/quant/raw/stock_daily/600503.SH.csv
正在获取3253/5426 西昌电力(600505.SH) [20150105 , 20250827 )的数据...
HTTPConnectionPool(host='api.waditu.com', port=80): Max retries exceeded with url: /dataapi/adj_factor (Caused by NameResolutionError("<urllib3.connection.HTTPConnection object at 0x7f6a045845e0>: Failed to resolve 'api.waditu.com' ([Errno -2] Name or service not known)"))
  获取到 2587 条数据，保存到 /data/data_liy/quant/raw/stock_daily/600505.SH.csv
正在获取3254/5426 统一股份(600506.SH) [20150105 , 20250827 )的数据...
  获取到 2508 条数据，保存到 /data/data_liy/quant/raw/stock_daily/600506.SH.csv
正在获取3255/5426 方大特钢(600507.SH) [20150105 , 20250827 )的数据...
  获取到 2588 条数据，保存到 /data/data_liy/quant/raw/stock_daily/600507.SH.csv
正在获取3256/5426 上海能源(600508.SH) [20150105 , 20250827 )的数据...
  获取到 2588 条数据，保存到 /data/data_liy/quant/raw/stock_daily/600508.SH.csv
正在获取3257/5426 天富能源(600509.SH) [20150105 , 20250827 )的数据...
  获取到 2573 条数据，保存到 /data/data_liy/quant/raw/stock_daily/600509.SH.csv
正在获取3258/5426 黑牡丹(600510.SH) [20150105 , 20250827 )的数据...
  获取到 2578 条数据，保存到 /data/data_liy/quant/raw/stock_daily/600510.SH.csv
正在获取3259/5426 国药股份(600511.SH) [20150105 , 20250827 )的数据...
  获取到 2467 条数据，保存到 /data/data_liy/quant/raw/stock_daily/600511.SH.csv
正在获取3260/5426 腾达建设(600512.SH) [20150105 , 20250827 )的数据...
  获取到 2535 条数据，保存到 /data/data_liy/quant/raw/stock_daily/600512.SH.csv
正在获取3261/5426 联环药业(600513.SH) [20150105 , 20250827 )的数据...
  获取到 2588 条数据，保存到 /data/data_liy/quant/raw/stock_daily/600513.SH.csv
正在获取3262/5426 海南机场(600515.SH) [20150105 , 20250827 )的数据...
  获取到 2306 条数据，保存到 /data/data_liy/quant/raw/stock_daily/600515.SH.csv
正在获取3263/5426 方大炭素(600516.SH) [20150105 , 20250827 )的数据...
  获取到 2540 条数据，保存到 /data/data_liy/quant/raw/stock_daily/600516.SH.csv
正在获取3264/5426 国网英大(600517.SH) [20150105 , 20250827 )的数据...
  获取到 2571 条数据，保存到 /data/data_liy/quant/raw/stock_daily/600517.SH.csv
正在获取3265/5426 康美药业(600518.SH) [20150105 , 20250827 )的数据...
  获取到 2539 条数据，保存到 /data/data_liy/quant/raw/stock_daily/600518.SH.csv
正在获取3266/5426 贵州茅台(600519.SH) [20150105 , 20250827 )的数据...
  获取到 2588 条数据，保存到 /data/data_liy/quant/raw/stock_daily/600519.SH.csv
正在获取3267/5426 三佳科技(600520.SH) [20150105 , 20250827 )的数据...
  获取到 2511 条数据，保存到 /data/data_liy/quant/raw/stock_daily/600520.SH.csv
正在获取3268/5426 华海药业(600521.SH) [20150105 , 20250827 )的数据...
  获取到 2574 条数据，保存到 /data/data_liy/quant/raw/stock_daily/600521.SH.csv
正在获取3269/5426 中天科技(600522.SH) [20150105 , 20250827 )的数据...
  获取到 2517 条数据，保存到 /data/data_liy/quant/raw/stock_daily/600522.SH.csv
正在获取3270/5426 贵航股份(600523.SH) [20150105 , 20250827 )的数据...
  获取到 2588 条数据，保存到 /data/data_liy/quant/raw/stock_daily/600523.SH.csv
正在获取3271/5426 ST长园(600525.SH) [20150105 , 20250827 )的数据...
  获取到 2437 条数据，保存到 /data/data_liy/quant/raw/stock_daily/600525.SH.csv
正在获取3272/5426 菲达环保(600526.SH) [20150105 , 20250827 )的数据...
  获取到 2550 条数据，保存到 /data/data_liy/quant/raw/stock_daily/600526.SH.csv
正在获取3273/5426 江南高纤(600527.SH) [20150105 , 20250827 )的数据...
  获取到 2578 条数据，保存到 /data/data_liy/quant/raw/stock_daily/600527.SH.csv
正在获取3274/5426 中铁工业(600528.SH) [20150105 , 20250827 )的数据...
  获取到 2518 条数据，保存到 /data/data_liy/quant/raw/stock_daily/600528.SH.csv
正在获取3275/5426 山东药玻(600529.SH) [20150105 , 20250827 )的数据...
  获取到 2551 条数据，保存到 /data/data_liy/quant/raw/stock_daily/600529.SH.csv
正在获取3276/5426 交大昂立(600530.SH) [20150105 , 20250827 )的数据...
  获取到 2368 条数据，保存到 /data/data_liy/quant/raw/stock_daily/600530.SH.csv
正在获取3277/5426 豫光金铅(600531.SH) [20150105 , 20250827 )的数据...
  获取到 2568 条数据，保存到 /data/data_liy/quant/raw/stock_daily/600531.SH.csv
正在获取3278/5426 栖霞建设(600533.SH) [20150105 , 20250827 )的数据...
  获取到 2488 条数据，保存到 /data/data_liy/quant/raw/stock_daily/600533.SH.csv
正在获取3279/5426 天士力(600535.SH) [20150105 , 20250827 )的数据...
  获取到 2586 条数据，保存到 /data/data_liy/quant/raw/stock_daily/600535.SH.csv
正在获取3280/5426 中国软件(600536.SH) [20150105 , 20250827 )的数据...
  获取到 2584 条数据，保存到 /data/data_liy/quant/raw/stock_daily/600536.SH.csv
正在获取3281/5426 亿晶光电(600537.SH) [20150105 , 20250827 )的数据...
  获取到 2563 条数据，保存到 /data/data_liy/quant/raw/stock_daily/600537.SH.csv
正在获取3282/5426 国发股份(600538.SH) [20150105 , 20250827 )的数据...
  获取到 2471 条数据，保存到 /data/data_liy/quant/raw/stock_daily/600538.SH.csv
正在获取3283/5426 狮头股份(600539.SH) [20150105 , 20250827 )的数据...
  获取到 2337 条数据，保存到 /data/data_liy/quant/raw/stock_daily/600539.SH.csv
正在获取3284/5426 新赛股份(600540.SH) [20150105 , 20250827 )的数据...
  获取到 2516 条数据，保存到 /data/data_liy/quant/raw/stock_daily/600540.SH.csv
正在获取3285/5426 莫高股份(600543.SH) [20150105 , 20250827 )的数据...
  获取到 2562 条数据，保存到 /data/data_liy/quant/raw/stock_daily/600543.SH.csv
正在获取3286/5426 卓郎智能(600545.SH) [20150105 , 20250827 )的数据...
  获取到 2467 条数据，保存到 /data/data_liy/quant/raw/stock_daily/600545.SH.csv
正在获取3287/5426 山煤国际(600546.SH) [20150105 , 20250827 )的数据...
  获取到 2538 条数据，保存到 /data/data_liy/quant/raw/stock_daily/600546.SH.csv
正在获取3288/5426 山东黄金(600547.SH) [20150105 , 20250827 )的数据...
  获取到 2552 条数据，保存到 /data/data_liy/quant/raw/stock_daily/600547.SH.csv
正在获取3289/5426 深高速(600548.SH) [20150105 , 20250827 )的数据...
  获取到 2587 条数据，保存到 /data/data_liy/quant/raw/stock_daily/600548.SH.csv
正在获取3290/5426 厦门钨业(600549.SH) [20150105 , 20250827 )的数据...
  获取到 2588 条数据，保存到 /data/data_liy/quant/raw/stock_daily/600549.SH.csv
正在获取3291/5426 保变电气(600550.SH) [20150105 , 20250827 )的数据...
  获取到 2564 条数据，保存到 /data/data_liy/quant/raw/stock_daily/600550.SH.csv
正在获取3292/5426 时代出版(600551.SH) [20150105 , 20250827 )的数据...
  获取到 2466 条数据，保存到 /data/data_liy/quant/raw/stock_daily/600551.SH.csv
正在获取3293/5426 凯盛科技(600552.SH) [20150105 , 20250827 )的数据...
  获取到 2425 条数据，保存到 /data/data_liy/quant/raw/stock_daily/600552.SH.csv
正在获取3294/5426 天下秀(600556.SH) [20150105 , 20250827 )的数据...
  获取到 2287 条数据，保存到 /data/data_liy/quant/raw/stock_daily/600556.SH.csv
正在获取3295/5426 康缘药业(600557.SH) [20150105 , 20250827 )的数据...
  获取到 2583 条数据，保存到 /data/data_liy/quant/raw/stock_daily/600557.SH.csv
正在获取3296/5426 大西洋(600558.SH) [20150105 , 20250827 )的数据...
  获取到 2490 条数据，保存到 /data/data_liy/quant/raw/stock_daily/600558.SH.csv
正在获取3297/5426 老白干酒(600559.SH) [20150105 , 20250827 )的数据...
  获取到 2391 条数据，保存到 /data/data_liy/quant/raw/stock_daily/600559.SH.csv
正在获取3298/5426 金自天正(600560.SH) [20150105 , 20250827 )的数据...
  获取到 2588 条数据，保存到 /data/data_liy/quant/raw/stock_daily/600560.SH.csv
正在获取3299/5426 江西长运(600561.SH) [20150105 , 20250827 )的数据...
  获取到 2511 条数据，保存到 /data/data_liy/quant/raw/stock_daily/600561.SH.csv
正在获取3300/5426 国睿科技(600562.SH) [20150105 , 20250827 )的数据...
  获取到 2558 条数据，保存到 /data/data_liy/quant/raw/stock_daily/600562.SH.csv
正在获取3301/5426 法拉电子(600563.SH) [20150105 , 20250827 )的数据...
  获取到 2588 条数据，保存到 /data/data_liy/quant/raw/stock_daily/600563.SH.csv
正在获取3302/5426 济川药业(600566.SH) [20150105 , 20250827 )的数据...
  获取到 2584 条数据，保存到 /data/data_liy/quant/raw/stock_daily/600566.SH.csv
正在获取3303/5426 山鹰国际(600567.SH) [20150105 , 20250827 )的数据...
  获取到 2570 条数据，保存到 /data/data_liy/quant/raw/stock_daily/600567.SH.csv
正在获取3304/5426 ST中珠(600568.SH) [20150105 , 20250827 )的数据...
  获取到 2309 条数据，保存到 /data/data_liy/quant/raw/stock_daily/600568.SH.csv
正在获取3305/5426 安阳钢铁(600569.SH) [20150105 , 20250827 )的数据...
  获取到 2574 条数据，保存到 /data/data_liy/quant/raw/stock_daily/600569.SH.csv
正在获取3306/5426 恒生电子(600570.SH) [20150105 , 20250827 )的数据...
  获取到 2581 条数据，保存到 /data/data_liy/quant/raw/stock_daily/600570.SH.csv
正在获取3307/5426 信雅达(600571.SH) [20150105 , 20250827 )的数据...
  获取到 2491 条数据，保存到 /data/data_liy/quant/raw/stock_daily/600571.SH.csv
正在获取3308/5426 康恩贝(600572.SH) [20150105 , 20250827 )的数据...
  获取到 2532 条数据，保存到 /data/data_liy/quant/raw/stock_daily/600572.SH.csv
正在获取3309/5426 惠泉啤酒(600573.SH) [20150105 , 20250827 )的数据...
  获取到 2588 条数据，保存到 /data/data_liy/quant/raw/stock_daily/600573.SH.csv
正在获取3310/5426 淮河能源(600575.SH) [20150105 , 20250827 )的数据...
  获取到 2366 条数据，保存到 /data/data_liy/quant/raw/stock_daily/600575.SH.csv
正在获取3311/5426 祥源文旅(600576.SH) [20150105 , 20250827 )的数据...
  获取到 2359 条数据，保存到 /data/data_liy/quant/raw/stock_daily/600576.SH.csv
正在获取3312/5426 精达股份(600577.SH) [20150105 , 20250827 )的数据...
  获取到 2373 条数据，保存到 /data/data_liy/quant/raw/stock_daily/600577.SH.csv
正在获取3313/5426 京能电力(600578.SH) [20150105 , 20250827 )的数据...
  获取到 2502 条数据，保存到 /data/data_liy/quant/raw/stock_daily/600578.SH.csv
正在获取3314/5426 中化装备(600579.SH) [20150105 , 20250827 )的数据...
  获取到 2433 条数据，保存到 /data/data_liy/quant/raw/stock_daily/600579.SH.csv
正在获取3315/5426 卧龙电驱(600580.SH) [20150105 , 20250827 )的数据...
  获取到 2565 条数据，保存到 /data/data_liy/quant/raw/stock_daily/600580.SH.csv
正在获取3316/5426 八一钢铁(600581.SH) [20150105 , 20250827 )的数据...
  获取到 2426 条数据，保存到 /data/data_liy/quant/raw/stock_daily/600581.SH.csv
正在获取3317/5426 天地科技(600582.SH) [20150105 , 20250827 )的数据...
  获取到 2579 条数据，保存到 /data/data_liy/quant/raw/stock_daily/600582.SH.csv
正在获取3318/5426 海油工程(600583.SH) [20150105 , 20250827 )的数据...
  获取到 2588 条数据，保存到 /data/data_liy/quant/raw/stock_daily/600583.SH.csv
正在获取3319/5426 长电科技(600584.SH) [20150105 , 20250827 )的数据...
  获取到 2419 条数据，保存到 /data/data_liy/quant/raw/stock_daily/600584.SH.csv
正在获取3320/5426 海螺水泥(600585.SH) [20150105 , 20250827 )的数据...
  获取到 2588 条数据，保存到 /data/data_liy/quant/raw/stock_daily/600585.SH.csv
正在获取3321/5426 金晶科技(600586.SH) [20150105 , 20250827 )的数据...
  获取到 2588 条数据，保存到 /data/data_liy/quant/raw/stock_daily/600586.SH.csv
正在获取3322/5426 新华医疗(600587.SH) [20150105 , 20250827 )的数据...
  获取到 2533 条数据，保存到 /data/data_liy/quant/raw/stock_daily/600587.SH.csv
正在获取3323/5426 用友网络(600588.SH) [20150105 , 20250827 )的数据...
  获取到 2582 条数据，保存到 /data/data_liy/quant/raw/stock_daily/600588.SH.csv
正在获取3324/5426 大位科技(600589.SH) [20150105 , 20250827 )的数据...
  获取到 2427 条数据，保存到 /data/data_liy/quant/raw/stock_daily/600589.SH.csv
正在获取3325/5426 泰豪科技(600590.SH) [20150105 , 20250827 )的数据...
  获取到 2396 条数据，保存到 /data/data_liy/quant/raw/stock_daily/600590.SH.csv
正在获取3326/5426 龙溪股份(600592.SH) [20150105 , 20250827 )的数据...
  获取到 2549 条数据，保存到 /data/data_liy/quant/raw/stock_daily/600592.SH.csv
正在获取3327/5426 大连圣亚(600593.SH) [20150105 , 20250827 )的数据...
  获取到 2510 条数据，保存到 /data/data_liy/quant/raw/stock_daily/600593.SH.csv
正在获取3328/5426 益佰制药(600594.SH) [20150105 , 20250827 )的数据...
  获取到 2583 条数据，保存到 /data/data_liy/quant/raw/stock_daily/600594.SH.csv
正在获取3329/5426 中孚实业(600595.SH) [20150105 , 20250827 )的数据...
  获取到 2525 条数据，保存到 /data/data_liy/quant/raw/stock_daily/600595.SH.csv
正在获取3330/5426 新安股份(600596.SH) [20150105 , 20250827 )的数据...
  获取到 2571 条数据，保存到 /data/data_liy/quant/raw/stock_daily/600596.SH.csv
正在获取3331/5426 光明乳业(600597.SH) [20150105 , 20250827 )的数据...
HTTPConnectionPool(host='api.waditu.com', port=80): Max retries exceeded with url: /dataapi/daily (Caused by NameResolutionError("<urllib3.connection.HTTPConnection object at 0x7f6a04584910>: Failed to resolve 'api.waditu.com' ([Errno -2] Name or service not known)"))
  获取到 2513 条数据，保存到 /data/data_liy/quant/raw/stock_daily/600597.SH.csv
正在获取3332/5426 北大荒(600598.SH) [20150105 , 20250827 )的数据...
  获取到 2581 条数据，保存到 /data/data_liy/quant/raw/stock_daily/600598.SH.csv
正在获取3333/5426 *ST熊猫(600599.SH) [20150105 , 20250827 )的数据...
  获取到 2500 条数据，保存到 /data/data_liy/quant/raw/stock_daily/600599.SH.csv
正在获取3334/5426 青岛啤酒(600600.SH) [20150105 , 20250827 )的数据...
  获取到 2588 条数据，保存到 /data/data_liy/quant/raw/stock_daily/600600.SH.csv
正在获取3335/5426 方正科技(600601.SH) [20150105 , 20250827 )的数据...
  获取到 2582 条数据，保存到 /data/data_liy/quant/raw/stock_daily/600601.SH.csv
正在获取3336/5426 云赛智联(600602.SH) [20150105 , 20250827 )的数据...
  获取到 2429 条数据，保存到 /data/data_liy/quant/raw/stock_daily/600602.SH.csv
正在获取3337/5426 ST广物(600603.SH) [20150105 , 20250827 )的数据...
  获取到 2429 条数据，保存到 /data/data_liy/quant/raw/stock_daily/600603.SH.csv
正在获取3338/5426 市北高新(600604.SH) [20150105 , 20250827 )的数据...
  获取到 2563 条数据，保存到 /data/data_liy/quant/raw/stock_daily/600604.SH.csv
正在获取3339/5426 汇通能源(600605.SH) [20150105 , 20250827 )的数据...
  获取到 2570 条数据，保存到 /data/data_liy/quant/raw/stock_daily/600605.SH.csv
正在获取3340/5426 绿地控股(600606.SH) [20150105 , 20250827 )的数据...
  获取到 2562 条数据，保存到 /data/data_liy/quant/raw/stock_daily/600606.SH.csv
正在获取3341/5426 *ST沪科(600608.SH) [20150105 , 20250827 )的数据...
  获取到 2530 条数据，保存到 /data/data_liy/quant/raw/stock_daily/600608.SH.csv
正在获取3342/5426 金杯汽车(600609.SH) [20150105 , 20250827 )的数据...
  获取到 2371 条数据，保存到 /data/data_liy/quant/raw/stock_daily/600609.SH.csv
正在获取3343/5426 中毅达(600610.SH) [20150105 , 20250827 )的数据...
  获取到 2104 条数据，保存到 /data/data_liy/quant/raw/stock_daily/600610.SH.csv
正在获取3344/5426 大众交通(600611.SH) [20150105 , 20250827 )的数据...
  获取到 2586 条数据，保存到 /data/data_liy/quant/raw/stock_daily/600611.SH.csv
正在获取3345/5426 老凤祥(600612.SH) [20150105 , 20250827 )的数据...
  获取到 2585 条数据，保存到 /data/data_liy/quant/raw/stock_daily/600612.SH.csv
正在获取3346/5426 神奇制药(600613.SH) [20150105 , 20250827 )的数据...
  获取到 2588 条数据，保存到 /data/data_liy/quant/raw/stock_daily/600613.SH.csv
正在获取3347/5426 鑫源智造(600615.SH) [20150105 , 20250827 )的数据...
  获取到 2573 条数据，保存到 /data/data_liy/quant/raw/stock_daily/600615.SH.csv
正在获取3348/5426 金枫酒业(600616.SH) [20150105 , 20250827 )的数据...
  获取到 2588 条数据，保存到 /data/data_liy/quant/raw/stock_daily/600616.SH.csv
正在获取3349/5426 国新能源(600617.SH) [20150105 , 20250827 )的数据...
  获取到 2588 条数据，保存到 /data/data_liy/quant/raw/stock_daily/600617.SH.csv
正在获取3350/5426 氯碱化工(600618.SH) [20150105 , 20250827 )的数据...
  获取到 2588 条数据，保存到 /data/data_liy/quant/raw/stock_daily/600618.SH.csv
正在获取3351/5426 海立股份(600619.SH) [20150105 , 20250827 )的数据...
  获取到 2548 条数据，保存到 /data/data_liy/quant/raw/stock_daily/600619.SH.csv
正在获取3352/5426 天宸股份(600620.SH) [20150105 , 20250827 )的数据...
  获取到 2507 条数据，保存到 /data/data_liy/quant/raw/stock_daily/600620.SH.csv
正在获取3353/5426 华鑫股份(600621.SH) [20150105 , 20250827 )的数据...
  获取到 2524 条数据，保存到 /data/data_liy/quant/raw/stock_daily/600621.SH.csv
正在获取3354/5426 光大嘉宝(600622.SH) [20150105 , 20250827 )的数据...
  获取到 2562 条数据，保存到 /data/data_liy/quant/raw/stock_daily/600622.SH.csv
正在获取3355/5426 华谊集团(600623.SH) [20150105 , 20250827 )的数据...
  获取到 2529 条数据，保存到 /data/data_liy/quant/raw/stock_daily/600623.SH.csv
正在获取3356/5426 复旦复华(600624.SH) [20150105 , 20250827 )的数据...
  获取到 2579 条数据，保存到 /data/data_liy/quant/raw/stock_daily/600624.SH.csv
正在获取3357/5426 申达股份(600626.SH) [20150105 , 20250827 )的数据...
  获取到 2537 条数据，保存到 /data/data_liy/quant/raw/stock_daily/600626.SH.csv
正在获取3358/5426 新世界(600628.SH) [20150105 , 20250827 )的数据...
  获取到 2539 条数据，保存到 /data/data_liy/quant/raw/stock_daily/600628.SH.csv
正在获取3359/5426 华建集团(600629.SH) [20150105 , 20250827 )的数据...
  获取到 2538 条数据，保存到 /data/data_liy/quant/raw/stock_daily/600629.SH.csv
正在获取3360/5426 龙头股份(600630.SH) [20150105 , 20250827 )的数据...
  获取到 2586 条数据，保存到 /data/data_liy/quant/raw/stock_daily/600630.SH.csv
正在获取3361/5426 浙数文化(600633.SH) [20150105 , 20250827 )的数据...
  获取到 2464 条数据，保存到 /data/data_liy/quant/raw/stock_daily/600633.SH.csv
正在获取3362/5426 大众公用(600635.SH) [20150105 , 20250827 )的数据...
  获取到 2584 条数据，保存到 /data/data_liy/quant/raw/stock_daily/600635.SH.csv
正在获取3363/5426 *ST国化(600636.SH) [20150105 , 20250827 )的数据...
  获取到 2282 条数据，保存到 /data/data_liy/quant/raw/stock_daily/600636.SH.csv
正在获取3364/5426 东方明珠(600637.SH) [20150105 , 20250827 )的数据...
  获取到 2565 条数据，保存到 /data/data_liy/quant/raw/stock_daily/600637.SH.csv
正在获取3365/5426 新黄浦(600638.SH) [20150105 , 20250827 )的数据...
  获取到 2585 条数据，保存到 /data/data_liy/quant/raw/stock_daily/600638.SH.csv
正在获取3366/5426 浦东金桥(600639.SH) [20150105 , 20250827 )的数据...
  获取到 2586 条数据，保存到 /data/data_liy/quant/raw/stock_daily/600639.SH.csv
正在获取3367/5426 国脉文化(600640.SH) [20150105 , 20250827 )的数据...
HTTPConnectionPool(host='api.waditu.com', port=80): Max retries exceeded with url: /dataapi/adj_factor (Caused by NameResolutionError("<urllib3.connection.HTTPConnection object at 0x7f6a04585de0>: Failed to resolve 'api.waditu.com' ([Errno -2] Name or service not known)"))
  获取到 2493 条数据，保存到 /data/data_liy/quant/raw/stock_daily/600640.SH.csv
正在获取3368/5426 万业企业(600641.SH) [20150105 , 20250827 )的数据...
  获取到 2402 条数据，保存到 /data/data_liy/quant/raw/stock_daily/600641.SH.csv
正在获取3369/5426 申能股份(600642.SH) [20150105 , 20250827 )的数据...
  获取到 2588 条数据，保存到 /data/data_liy/quant/raw/stock_daily/600642.SH.csv
正在获取3370/5426 爱建集团(600643.SH) [20150105 , 20250827 )的数据...
  获取到 2386 条数据，保存到 /data/data_liy/quant/raw/stock_daily/600643.SH.csv
正在获取3371/5426 乐山电力(600644.SH) [20150105 , 20250827 )的数据...
  获取到 2581 条数据，保存到 /data/data_liy/quant/raw/stock_daily/600644.SH.csv
正在获取3372/5426 中源协和(600645.SH) [20150105 , 20250827 )的数据...
  获取到 2263 条数据，保存到 /data/data_liy/quant/raw/stock_daily/600645.SH.csv
正在获取3373/5426 外高桥(600648.SH) [20150105 , 20250827 )的数据...
  获取到 2574 条数据，保存到 /data/data_liy/quant/raw/stock_daily/600648.SH.csv
正在获取3374/5426 城投控股(600649.SH) [20150105 , 20250827 )的数据...
  获取到 2302 条数据，保存到 /data/data_liy/quant/raw/stock_daily/600649.SH.csv
正在获取3375/5426 锦江在线(600650.SH) [20150105 , 20250827 )的数据...
  获取到 2588 条数据，保存到 /data/data_liy/quant/raw/stock_daily/600650.SH.csv
正在获取3376/5426 飞乐音响(600651.SH) [20150105 , 20250827 )的数据...
  获取到 2498 条数据，保存到 /data/data_liy/quant/raw/stock_daily/600651.SH.csv
正在获取3377/5426 申华控股(600653.SH) [20150105 , 20250827 )的数据...
  获取到 2407 条数据，保存到 /data/data_liy/quant/raw/stock_daily/600653.SH.csv
正在获取3378/5426 中安科(600654.SH) [20150105 , 20250827 )的数据...
  获取到 2152 条数据，保存到 /data/data_liy/quant/raw/stock_daily/600654.SH.csv
正在获取3379/5426 豫园股份(600655.SH) [20150105 , 20250827 )的数据...
  获取到 2351 条数据，保存到 /data/data_liy/quant/raw/stock_daily/600655.SH.csv
正在获取3380/5426 信达地产(600657.SH) [20150105 , 20250827 )的数据...
  获取到 2455 条数据，保存到 /data/data_liy/quant/raw/stock_daily/600657.SH.csv
正在获取3381/5426 电子城(600658.SH) [20150105 , 20250827 )的数据...
  获取到 2576 条数据，保存到 /data/data_liy/quant/raw/stock_daily/600658.SH.csv
正在获取3382/5426 福耀玻璃(600660.SH) [20150105 , 20250827 )的数据...
  获取到 2588 条数据，保存到 /data/data_liy/quant/raw/stock_daily/600660.SH.csv
正在获取3383/5426 昂立教育(600661.SH) [20150105 , 20250827 )的数据...
  获取到 2569 条数据，保存到 /data/data_liy/quant/raw/stock_daily/600661.SH.csv
正在获取3384/5426 外服控股(600662.SH) [20150105 , 20250827 )的数据...
  获取到 2577 条数据，保存到 /data/data_liy/quant/raw/stock_daily/600662.SH.csv
正在获取3385/5426 陆家嘴(600663.SH) [20150105 , 20250827 )的数据...
  获取到 2459 条数据，保存到 /data/data_liy/quant/raw/stock_daily/600663.SH.csv
正在获取3386/5426 哈药股份(600664.SH) [20150105 , 20250827 )的数据...
  获取到 2453 条数据，保存到 /data/data_liy/quant/raw/stock_daily/600664.SH.csv
正在获取3387/5426 天地源(600665.SH) [20150105 , 20250827 )的数据...
  获取到 2578 条数据，保存到 /data/data_liy/quant/raw/stock_daily/600665.SH.csv
正在获取3388/5426 奥瑞德(600666.SH) [20150105 , 20250827 )的数据...
  获取到 2236 条数据，保存到 /data/data_liy/quant/raw/stock_daily/600666.SH.csv
正在获取3389/5426 太极实业(600667.SH) [20150105 , 20250827 )的数据...
  获取到 2460 条数据，保存到 /data/data_liy/quant/raw/stock_daily/600667.SH.csv
正在获取3390/5426 尖峰集团(600668.SH) [20150105 , 20250827 )的数据...
  获取到 2588 条数据，保存到 /data/data_liy/quant/raw/stock_daily/600668.SH.csv
正在获取3391/5426 天目药业(600671.SH) [20150105 , 20250827 )的数据...
  获取到 2308 条数据，保存到 /data/data_liy/quant/raw/stock_daily/600671.SH.csv
正在获取3392/5426 东阳光(600673.SH) [20150105 , 20250827 )的数据...
  获取到 2310 条数据，保存到 /data/data_liy/quant/raw/stock_daily/600673.SH.csv
正在获取3393/5426 川投能源(600674.SH) [20150105 , 20250827 )的数据...
HTTPConnectionPool(host='api.waditu.com', port=80): Max retries exceeded with url: /dataapi/daily (Caused by NameResolutionError("<urllib3.connection.HTTPConnection object at 0x7f6a045867a0>: Failed to resolve 'api.waditu.com' ([Errno -2] Name or service not known)"))
  获取到 2588 条数据，保存到 /data/data_liy/quant/raw/stock_daily/600674.SH.csv
正在获取3394/5426 中华企业(600675.SH) [20150105 , 20250827 )的数据...
  获取到 2461 条数据，保存到 /data/data_liy/quant/raw/stock_daily/600675.SH.csv
正在获取3395/5426 交运股份(600676.SH) [20150105 , 20250827 )的数据...
  获取到 2560 条数据，保存到 /data/data_liy/quant/raw/stock_daily/600676.SH.csv
正在获取3396/5426 四川金顶(600678.SH) [20150105 , 20250827 )的数据...
  获取到 2458 条数据，保存到 /data/data_liy/quant/raw/stock_daily/600678.SH.csv
正在获取3397/5426 上海凤凰(600679.SH) [20150105 , 20250827 )的数据...
  获取到 2511 条数据，保存到 /data/data_liy/quant/raw/stock_daily/600679.SH.csv
正在获取3398/5426 百川能源(600681.SH) [20150105 , 20250827 )的数据...
  获取到 2380 条数据，保存到 /data/data_liy/quant/raw/stock_daily/600681.SH.csv
正在获取3399/5426 南京新百(600682.SH) [20150105 , 20250827 )的数据...
  获取到 2272 条数据，保存到 /data/data_liy/quant/raw/stock_daily/600682.SH.csv
正在获取3400/5426 京投发展(600683.SH) [20150105 , 20250827 )的数据...
  获取到 2572 条数据，保存到 /data/data_liy/quant/raw/stock_daily/600683.SH.csv
正在获取3401/5426 珠江股份(600684.SH) [20150105 , 20250827 )的数据...
  获取到 2588 条数据，保存到 /data/data_liy/quant/raw/stock_daily/600684.SH.csv
正在获取3402/5426 中船防务(600685.SH) [20150105 , 20250827 )的数据...
  获取到 2456 条数据，保存到 /data/data_liy/quant/raw/stock_daily/600685.SH.csv
正在获取3403/5426 金龙汽车(600686.SH) [20150105 , 20250827 )的数据...
  获取到 2566 条数据，保存到 /data/data_liy/quant/raw/stock_daily/600686.SH.csv
正在获取3404/5426 上海石化(600688.SH) [20150105 , 20250827 )的数据...
  获取到 2588 条数据，保存到 /data/data_liy/quant/raw/stock_daily/600688.SH.csv
正在获取3405/5426 上海三毛(600689.SH) [20150105 , 20250827 )的数据...
  获取到 2458 条数据，保存到 /data/data_liy/quant/raw/stock_daily/600689.SH.csv
正在获取3406/5426 海尔智家(600690.SH) [20150105 , 20250827 )的数据...
  获取到 2511 条数据，保存到 /data/data_liy/quant/raw/stock_daily/600690.SH.csv
正在获取3407/5426 阳煤化工(600691.SH) [20150105 , 20250827 )的数据...
  获取到 2549 条数据，保存到 /data/data_liy/quant/raw/stock_daily/600691.SH.csv
正在获取3408/5426 亚通股份(600692.SH) [20150105 , 20250827 )的数据...
  获取到 2588 条数据，保存到 /data/data_liy/quant/raw/stock_daily/600692.SH.csv
正在获取3409/5426 东百集团(600693.SH) [20150105 , 20250827 )的数据...
  获取到 2574 条数据，保存到 /data/data_liy/quant/raw/stock_daily/600693.SH.csv
正在获取3410/5426 大商股份(600694.SH) [20150105 , 20250827 )的数据...
  获取到 2588 条数据，保存到 /data/data_liy/quant/raw/stock_daily/600694.SH.csv
正在获取3411/5426 *ST岩石(600696.SH) [20150105 , 20250827 )的数据...
  获取到 2420 条数据，保存到 /data/data_liy/quant/raw/stock_daily/600696.SH.csv
正在获取3412/5426 欧亚集团(600697.SH) [20150105 , 20250827 )的数据...
  获取到 2575 条数据，保存到 /data/data_liy/quant/raw/stock_daily/600697.SH.csv
正在获取3413/5426 湖南天雁(600698.SH) [20150105 , 20250827 )的数据...
  获取到 2584 条数据，保存到 /data/data_liy/quant/raw/stock_daily/600698.SH.csv
正在获取3414/5426 均胜电子(600699.SH) [20150105 , 20250827 )的数据...
  获取到 2494 条数据，保存到 /data/data_liy/quant/raw/stock_daily/600699.SH.csv
正在获取3415/5426 舍得酒业(600702.SH) [20150105 , 20250827 )的数据...
  获取到 2532 条数据，保存到 /data/data_liy/quant/raw/stock_daily/600702.SH.csv
正在获取3416/5426 三安光电(600703.SH) [20150105 , 20250827 )的数据...
  获取到 2571 条数据，保存到 /data/data_liy/quant/raw/stock_daily/600703.SH.csv
正在获取3417/5426 物产中大(600704.SH) [20150105 , 20250827 )的数据...
  获取到 2552 条数据，保存到 /data/data_liy/quant/raw/stock_daily/600704.SH.csv
正在获取3418/5426 曲江文旅(600706.SH) [20150105 , 20250827 )的数据...
  获取到 2573 条数据，保存到 /data/data_liy/quant/raw/stock_daily/600706.SH.csv
正在获取3419/5426 彩虹股份(600707.SH) [20150105 , 20250827 )的数据...
  获取到 2499 条数据，保存到 /data/data_liy/quant/raw/stock_daily/600707.SH.csv
正在获取3420/5426 光明地产(600708.SH) [20150105 , 20250827 )的数据...
  获取到 2583 条数据，保存到 /data/data_liy/quant/raw/stock_daily/600708.SH.csv
正在获取3421/5426 苏美达(600710.SH) [20150105 , 20250827 )的数据...
  获取到 2127 条数据，保存到 /data/data_liy/quant/raw/stock_daily/600710.SH.csv
正在获取3422/5426 盛屯矿业(600711.SH) [20150105 , 20250827 )的数据...
  获取到 2506 条数据，保存到 /data/data_liy/quant/raw/stock_daily/600711.SH.csv
正在获取3423/5426 南宁百货(600712.SH) [20150105 , 20250827 )的数据...
  获取到 2588 条数据，保存到 /data/data_liy/quant/raw/stock_daily/600712.SH.csv
正在获取3424/5426 南京医药(600713.SH) [20150105 , 20250827 )的数据...
  获取到 2568 条数据，保存到 /data/data_liy/quant/raw/stock_daily/600713.SH.csv
正在获取3425/5426 金瑞矿业(600714.SH) [20150105 , 20250827 )的数据...
  获取到 2450 条数据，保存到 /data/data_liy/quant/raw/stock_daily/600714.SH.csv
正在获取3426/5426 文投控股(600715.SH) [20150105 , 20250827 )的数据...
  获取到 2418 条数据，保存到 /data/data_liy/quant/raw/stock_daily/600715.SH.csv
正在获取3427/5426 凤凰股份(600716.SH) [20150105 , 20250827 )的数据...
  获取到 2581 条数据，保存到 /data/data_liy/quant/raw/stock_daily/600716.SH.csv
正在获取3428/5426 天津港(600717.SH) [20150105 , 20250827 )的数据...
  获取到 2578 条数据，保存到 /data/data_liy/quant/raw/stock_daily/600717.SH.csv
正在获取3429/5426 东软集团(600718.SH) [20150105 , 20250827 )的数据...
  获取到 2563 条数据，保存到 /data/data_liy/quant/raw/stock_daily/600718.SH.csv
正在获取3430/5426 大连热电(600719.SH) [20150105 , 20250827 )的数据...
  获取到 2433 条数据，保存到 /data/data_liy/quant/raw/stock_daily/600719.SH.csv
正在获取3431/5426 中交设计(600720.SH) [20150105 , 20250827 )的数据...
  获取到 2576 条数据，保存到 /data/data_liy/quant/raw/stock_daily/600720.SH.csv
正在获取3432/5426 百花医药(600721.SH) [20150105 , 20250827 )的数据...
  获取到 2449 条数据，保存到 /data/data_liy/quant/raw/stock_daily/600721.SH.csv
正在获取3433/5426 金牛化工(600722.SH) [20150105 , 20250827 )的数据...
  获取到 2508 条数据，保存到 /data/data_liy/quant/raw/stock_daily/600722.SH.csv
正在获取3434/5426 宁波富达(600724.SH) [20150105 , 20250827 )的数据...
  获取到 2508 条数据，保存到 /data/data_liy/quant/raw/stock_daily/600724.SH.csv
正在获取3435/5426 云维股份(600725.SH) [20150105 , 20250827 )的数据...
  获取到 2214 条数据，保存到 /data/data_liy/quant/raw/stock_daily/600725.SH.csv
正在获取3436/5426 华电能源(600726.SH) [20150105 , 20250827 )的数据...
  获取到 2577 条数据，保存到 /data/data_liy/quant/raw/stock_daily/600726.SH.csv
正在获取3437/5426 鲁北化工(600727.SH) [20150105 , 20250827 )的数据...
  获取到 2555 条数据，保存到 /data/data_liy/quant/raw/stock_daily/600727.SH.csv
正在获取3438/5426 佳都科技(600728.SH) [20150105 , 20250827 )的数据...
  获取到 2550 条数据，保存到 /data/data_liy/quant/raw/stock_daily/600728.SH.csv
正在获取3439/5426 重庆百货(600729.SH) [20150105 , 20250827 )的数据...
  获取到 2426 条数据，保存到 /data/data_liy/quant/raw/stock_daily/600729.SH.csv
正在获取3440/5426 中国高科(600730.SH) [20150105 , 20250827 )的数据...
  获取到 2581 条数据，保存到 /data/data_liy/quant/raw/stock_daily/600730.SH.csv
正在获取3441/5426 湖南海利(600731.SH) [20150105 , 20250827 )的数据...
  获取到 2572 条数据，保存到 /data/data_liy/quant/raw/stock_daily/600731.SH.csv
正在获取3442/5426 爱旭股份(600732.SH) [20150105 , 20250827 )的数据...
  获取到 2200 条数据，保存到 /data/data_liy/quant/raw/stock_daily/600732.SH.csv
正在获取3443/5426 北汽蓝谷(600733.SH) [20150105 , 20250827 )的数据...
  获取到 2087 条数据，保存到 /data/data_liy/quant/raw/stock_daily/600733.SH.csv
正在获取3444/5426 实达集团(600734.SH) [20150105 , 20250827 )的数据...
  获取到 2118 条数据，保存到 /data/data_liy/quant/raw/stock_daily/600734.SH.csv
正在获取3445/5426 新华锦(600735.SH) [20150105 , 20250827 )的数据...
  获取到 2353 条数据，保存到 /data/data_liy/quant/raw/stock_daily/600735.SH.csv
正在获取3446/5426 苏州高新(600736.SH) [20150105 , 20250827 )的数据...
  获取到 2462 条数据，保存到 /data/data_liy/quant/raw/stock_daily/600736.SH.csv
正在获取3447/5426 中粮糖业(600737.SH) [20150105 , 20250827 )的数据...
  获取到 2573 条数据，保存到 /data/data_liy/quant/raw/stock_daily/600737.SH.csv
正在获取3448/5426 丽尚国潮(600738.SH) [20150105 , 20250827 )的数据...
  获取到 2500 条数据，保存到 /data/data_liy/quant/raw/stock_daily/600738.SH.csv
正在获取3449/5426 辽宁成大(600739.SH) [20150105 , 20250827 )的数据...
  获取到 2456 条数据，保存到 /data/data_liy/quant/raw/stock_daily/600739.SH.csv
正在获取3450/5426 山西焦化(600740.SH) [20150105 , 20250827 )的数据...
  获取到 2494 条数据，保存到 /data/data_liy/quant/raw/stock_daily/600740.SH.csv
正在获取3451/5426 华域汽车(600741.SH) [20150105 , 20250827 )的数据...
  获取到 2560 条数据，保存到 /data/data_liy/quant/raw/stock_daily/600741.SH.csv
正在获取3452/5426 富维股份(600742.SH) [20150105 , 20250827 )的数据...
  获取到 2588 条数据，保存到 /data/data_liy/quant/raw/stock_daily/600742.SH.csv
正在获取3453/5426 华远控股(600743.SH) [20150105 , 20250827 )的数据...
  获取到 2575 条数据，保存到 /data/data_liy/quant/raw/stock_daily/600743.SH.csv
正在获取3454/5426 华银电力(600744.SH) [20150105 , 20250827 )的数据...
  获取到 2567 条数据，保存到 /data/data_liy/quant/raw/stock_daily/600744.SH.csv
正在获取3455/5426 闻泰科技(600745.SH) [20150105 , 20250827 )的数据...
  获取到 2171 条数据，保存到 /data/data_liy/quant/raw/stock_daily/600745.SH.csv
正在获取3456/5426 江苏索普(600746.SH) [20150105 , 20250827 )的数据...
  获取到 2516 条数据，保存到 /data/data_liy/quant/raw/stock_daily/600746.SH.csv
正在获取3457/5426 上实发展(600748.SH) [20150105 , 20250827 )的数据...
  获取到 2559 条数据，保存到 /data/data_liy/quant/raw/stock_daily/600748.SH.csv
正在获取3458/5426 西藏旅游(600749.SH) [20150105 , 20250827 )的数据...
  获取到 2371 条数据，保存到 /data/data_liy/quant/raw/stock_daily/600749.SH.csv
正在获取3459/5426 江中药业(600750.SH) [20150105 , 20250827 )的数据...
  获取到 2523 条数据，保存到 /data/data_liy/quant/raw/stock_daily/600750.SH.csv
正在获取3460/5426 海航科技(600751.SH) [20150105 , 20250827 )的数据...
  获取到 2300 条数据，保存到 /data/data_liy/quant/raw/stock_daily/600751.SH.csv
正在获取3461/5426 *ST海钦(600753.SH) [20150105 , 20250827 )的数据...
  获取到 2361 条数据，保存到 /data/data_liy/quant/raw/stock_daily/600753.SH.csv
正在获取3462/5426 锦江酒店(600754.SH) [20150105 , 20250827 )的数据...
  获取到 2505 条数据，保存到 /data/data_liy/quant/raw/stock_daily/600754.SH.csv
正在获取3463/5426 厦门国贸(600755.SH) [20150105 , 20250827 )的数据...
  获取到 2587 条数据，保存到 /data/data_liy/quant/raw/stock_daily/600755.SH.csv
正在获取3464/5426 浪潮软件(600756.SH) [20150105 , 20250827 )的数据...
  获取到 2477 条数据，保存到 /data/data_liy/quant/raw/stock_daily/600756.SH.csv
正在获取3465/5426 长江传媒(600757.SH) [20150105 , 20250827 )的数据...
  获取到 2588 条数据，保存到 /data/data_liy/quant/raw/stock_daily/600757.SH.csv
正在获取3466/5426 辽宁能源(600758.SH) [20150105 , 20250827 )的数据...
  获取到 2565 条数据，保存到 /data/data_liy/quant/raw/stock_daily/600758.SH.csv
正在获取3467/5426 洲际油气(600759.SH) [20150105 , 20250827 )的数据...
  获取到 2215 条数据，保存到 /data/data_liy/quant/raw/stock_daily/600759.SH.csv
正在获取3468/5426 中航沈飞(600760.SH) [20150105 , 20250827 )的数据...
  获取到 2506 条数据，保存到 /data/data_liy/quant/raw/stock_daily/600760.SH.csv
正在获取3469/5426 安徽合力(600761.SH) [20150105 , 20250827 )的数据...
  获取到 2587 条数据，保存到 /data/data_liy/quant/raw/stock_daily/600761.SH.csv
正在获取3470/5426 通策医疗(600763.SH) [20150105 , 20250827 )的数据...
  获取到 2432 条数据，保存到 /data/data_liy/quant/raw/stock_daily/600763.SH.csv
正在获取3471/5426 中国海防(600764.SH) [20150105 , 20250827 )的数据...
  获取到 2333 条数据，保存到 /data/data_liy/quant/raw/stock_daily/600764.SH.csv
正在获取3472/5426 中航重机(600765.SH) [20150105 , 20250827 )的数据...
  获取到 2552 条数据，保存到 /data/data_liy/quant/raw/stock_daily/600765.SH.csv
正在获取3473/5426 宁波富邦(600768.SH) [20150105 , 20250827 )的数据...
  获取到 2279 条数据，保存到 /data/data_liy/quant/raw/stock_daily/600768.SH.csv
正在获取3474/5426 祥龙电业(600769.SH) [20150105 , 20250827 )的数据...
  获取到 2555 条数据，保存到 /data/data_liy/quant/raw/stock_daily/600769.SH.csv
正在获取3475/5426 综艺股份(600770.SH) [20150105 , 20250827 )的数据...
  获取到 2501 条数据，保存到 /data/data_liy/quant/raw/stock_daily/600770.SH.csv
正在获取3476/5426 广誉远(600771.SH) [20150105 , 20250827 )的数据...
  获取到 2491 条数据，保存到 /data/data_liy/quant/raw/stock_daily/600771.SH.csv
正在获取3477/5426 西藏城投(600773.SH) [20150105 , 20250827 )的数据...
  获取到 2472 条数据，保存到 /data/data_liy/quant/raw/stock_daily/600773.SH.csv
正在获取3478/5426 汉商集团(600774.SH) [20150105 , 20250827 )的数据...
  获取到 2568 条数据，保存到 /data/data_liy/quant/raw/stock_daily/600774.SH.csv
正在获取3479/5426 南京熊猫(600775.SH) [20150105 , 20250827 )的数据...
  获取到 2572 条数据，保存到 /data/data_liy/quant/raw/stock_daily/600775.SH.csv
正在获取3480/5426 东方通信(600776.SH) [20150105 , 20250827 )的数据...
  获取到 2586 条数据，保存到 /data/data_liy/quant/raw/stock_daily/600776.SH.csv
正在获取3481/5426 *ST新潮(600777.SH) [20150105 , 20250827 )的数据...
  获取到 2261 条数据，保存到 /data/data_liy/quant/raw/stock_daily/600777.SH.csv
正在获取3482/5426 友好集团(600778.SH) [20150105 , 20250827 )的数据...
  获取到 2489 条数据，保存到 /data/data_liy/quant/raw/stock_daily/600778.SH.csv
正在获取3483/5426 水井坊(600779.SH) [20150105 , 20250827 )的数据...
  获取到 2584 条数据，保存到 /data/data_liy/quant/raw/stock_daily/600779.SH.csv
正在获取3484/5426 通宝能源(600780.SH) [20150105 , 20250827 )的数据...
  获取到 2587 条数据，保存到 /data/data_liy/quant/raw/stock_daily/600780.SH.csv
正在获取3485/5426 新钢股份(600782.SH) [20150105 , 20250827 )的数据...
  获取到 2580 条数据，保存到 /data/data_liy/quant/raw/stock_daily/600782.SH.csv
正在获取3486/5426 鲁信创投(600783.SH) [20150105 , 20250827 )的数据...
  获取到 2587 条数据，保存到 /data/data_liy/quant/raw/stock_daily/600783.SH.csv
正在获取3487/5426 鲁银投资(600784.SH) [20150105 , 20250827 )的数据...
  获取到 2422 条数据，保存到 /data/data_liy/quant/raw/stock_daily/600784.SH.csv
正在获取3488/5426 新华百货(600785.SH) [20150105 , 20250827 )的数据...
  获取到 2503 条数据，保存到 /data/data_liy/quant/raw/stock_daily/600785.SH.csv
正在获取3489/5426 中储股份(600787.SH) [20150105 , 20250827 )的数据...
  获取到 2586 条数据，保存到 /data/data_liy/quant/raw/stock_daily/600787.SH.csv
正在获取3490/5426 鲁抗医药(600789.SH) [20150105 , 20250827 )的数据...
  获取到 2578 条数据，保存到 /data/data_liy/quant/raw/stock_daily/600789.SH.csv
正在获取3491/5426 轻纺城(600790.SH) [20150105 , 20250827 )的数据...
  获取到 2528 条数据，保存到 /data/data_liy/quant/raw/stock_daily/600790.SH.csv
正在获取3492/5426 京能置业(600791.SH) [20150105 , 20250827 )的数据...
  获取到 2586 条数据，保存到 /data/data_liy/quant/raw/stock_daily/600791.SH.csv
正在获取3493/5426 云煤能源(600792.SH) [20150105 , 20250827 )的数据...
  获取到 2581 条数据，保存到 /data/data_liy/quant/raw/stock_daily/600792.SH.csv
正在获取3494/5426 宜宾纸业(600793.SH) [20150105 , 20250827 )的数据...
  获取到 2406 条数据，保存到 /data/data_liy/quant/raw/stock_daily/600793.SH.csv
正在获取3495/5426 保税科技(600794.SH) [20150105 , 20250827 )的数据...
  获取到 2459 条数据，保存到 /data/data_liy/quant/raw/stock_daily/600794.SH.csv
正在获取3496/5426 国电电力(600795.SH) [20150105 , 20250827 )的数据...
  获取到 2524 条数据，保存到 /data/data_liy/quant/raw/stock_daily/600795.SH.csv
正在获取3497/5426 钱江生化(600796.SH) [20150105 , 20250827 )的数据...
  获取到 2353 条数据，保存到 /data/data_liy/quant/raw/stock_daily/600796.SH.csv
正在获取3498/5426 浙大网新(600797.SH) [20150105 , 20250827 )的数据...
  获取到 2447 条数据，保存到 /data/data_liy/quant/raw/stock_daily/600797.SH.csv
正在获取3499/5426 宁波海运(600798.SH) [20150105 , 20250827 )的数据...
  获取到 2462 条数据，保存到 /data/data_liy/quant/raw/stock_daily/600798.SH.csv
正在获取3500/5426 渤海化学(600800.SH) [20150105 , 20250827 )的数据...
  获取到 2468 条数据，保存到 /data/data_liy/quant/raw/stock_daily/600800.SH.csv
正在获取3501/5426 华新水泥(600801.SH) [20150105 , 20250827 )的数据...
  获取到 2585 条数据，保存到 /data/data_liy/quant/raw/stock_daily/600801.SH.csv
正在获取3502/5426 福建水泥(600802.SH) [20150105 , 20250827 )的数据...
  获取到 2588 条数据，保存到 /data/data_liy/quant/raw/stock_daily/600802.SH.csv
正在获取3503/5426 新奥股份(600803.SH) [20150105 , 20250827 )的数据...
  获取到 2525 条数据，保存到 /data/data_liy/quant/raw/stock_daily/600803.SH.csv
正在获取3504/5426 悦达投资(600805.SH) [20150105 , 20250827 )的数据...
  获取到 2588 条数据，保存到 /data/data_liy/quant/raw/stock_daily/600805.SH.csv
正在获取3505/5426 济高发展(600807.SH) [20150105 , 20250827 )的数据...
  获取到 2318 条数据，保存到 /data/data_liy/quant/raw/stock_daily/600807.SH.csv
正在获取3506/5426 马钢股份(600808.SH) [20150105 , 20250827 )的数据...
  获取到 2588 条数据，保存到 /data/data_liy/quant/raw/stock_daily/600808.SH.csv
正在获取3507/5426 山西汾酒(600809.SH) [20150105 , 20250827 )的数据...
  获取到 2576 条数据，保存到 /data/data_liy/quant/raw/stock_daily/600809.SH.csv
正在获取3508/5426 神马股份(600810.SH) [20150105 , 20250827 )的数据...
  获取到 2554 条数据，保存到 /data/data_liy/quant/raw/stock_daily/600810.SH.csv
正在获取3509/5426 华北制药(600812.SH) [20150105 , 20250827 )的数据...
HTTPConnectionPool(host='api.waditu.com', port=80): Max retries exceeded with url: /dataapi/adj_factor (Caused by NameResolutionError("<urllib3.connection.HTTPConnection object at 0x7f6a04587c70>: Failed to resolve 'api.waditu.com' ([Errno -2] Name or service not known)"))
  获取到 2578 条数据，保存到 /data/data_liy/quant/raw/stock_daily/600812.SH.csv
正在获取3510/5426 杭州解百(600814.SH) [20150105 , 20250827 )的数据...
  获取到 2579 条数据，保存到 /data/data_liy/quant/raw/stock_daily/600814.SH.csv
正在获取3511/5426 厦工股份(600815.SH) [20150105 , 20250827 )的数据...
  获取到 2578 条数据，保存到 /data/data_liy/quant/raw/stock_daily/600815.SH.csv
正在获取3512/5426 建元信托(600816.SH) [20150105 , 20250827 )的数据...
  获取到 2519 条数据，保存到 /data/data_liy/quant/raw/stock_daily/600816.SH.csv
正在获取3513/5426 宇通重工(600817.SH) [20150105 , 20250827 )的数据...
  获取到 2138 条数据，保存到 /data/data_liy/quant/raw/stock_daily/600817.SH.csv
正在获取3514/5426 中路股份(600818.SH) [20150105 , 20250827 )的数据...
  获取到 2500 条数据，保存到 /data/data_liy/quant/raw/stock_daily/600818.SH.csv
正在获取3515/5426 耀皮玻璃(600819.SH) [20150105 , 20250827 )的数据...
  获取到 2588 条数据，保存到 /data/data_liy/quant/raw/stock_daily/600819.SH.csv
正在获取3516/5426 隧道股份(600820.SH) [20150105 , 20250827 )的数据...
  获取到 2588 条数据，保存到 /data/data_liy/quant/raw/stock_daily/600820.SH.csv
正在获取3517/5426 金开新能(600821.SH) [20150105 , 20250827 )的数据...
  获取到 2515 条数据，保存到 /data/data_liy/quant/raw/stock_daily/600821.SH.csv
正在获取3518/5426 上海物贸(600822.SH) [20150105 , 20250827 )的数据...
  获取到 2442 条数据，保存到 /data/data_liy/quant/raw/stock_daily/600822.SH.csv
正在获取3519/5426 益民集团(600824.SH) [20150105 , 20250827 )的数据...
  获取到 2578 条数据，保存到 /data/data_liy/quant/raw/stock_daily/600824.SH.csv
正在获取3520/5426 新华传媒(600825.SH) [20150105 , 20250827 )的数据...
  获取到 2523 条数据，保存到 /data/data_liy/quant/raw/stock_daily/600825.SH.csv
正在获取3521/5426 兰生股份(600826.SH) [20150105 , 20250827 )的数据...
  获取到 2577 条数据，保存到 /data/data_liy/quant/raw/stock_daily/600826.SH.csv
正在获取3522/5426 百联股份(600827.SH) [20150105 , 20250827 )的数据...
  获取到 2553 条数据，保存到 /data/data_liy/quant/raw/stock_daily/600827.SH.csv
正在获取3523/5426 茂业商业(600828.SH) [20150105 , 20250827 )的数据...
  获取到 2387 条数据，保存到 /data/data_liy/quant/raw/stock_daily/600828.SH.csv
正在获取3524/5426 人民同泰(600829.SH) [20150105 , 20250827 )的数据...
  获取到 2453 条数据，保存到 /data/data_liy/quant/raw/stock_daily/600829.SH.csv
正在获取3525/5426 香溢融通(600830.SH) [20150105 , 20250827 )的数据...
  获取到 2587 条数据，保存到 /data/data_liy/quant/raw/stock_daily/600830.SH.csv
正在获取3526/5426 ST广网(600831.SH) [20150105 , 20250827 )的数据...
  获取到 2574 条数据，保存到 /data/data_liy/quant/raw/stock_daily/600831.SH.csv
正在获取3527/5426 第一医药(600833.SH) [20150105 , 20250827 )的数据...
  获取到 2586 条数据，保存到 /data/data_liy/quant/raw/stock_daily/600833.SH.csv
正在获取3528/5426 申通地铁(600834.SH) [20150105 , 20250827 )的数据...
  获取到 2505 条数据，保存到 /data/data_liy/quant/raw/stock_daily/600834.SH.csv
正在获取3529/5426 上海机电(600835.SH) [20150105 , 20250827 )的数据...
  获取到 2588 条数据，保存到 /data/data_liy/quant/raw/stock_daily/600835.SH.csv
正在获取3530/5426 上海九百(600838.SH) [20150105 , 20250827 )的数据...
  获取到 2588 条数据，保存到 /data/data_liy/quant/raw/stock_daily/600838.SH.csv
正在获取3531/5426 四川长虹(600839.SH) [20150105 , 20250827 )的数据...
  获取到 2584 条数据，保存到 /data/data_liy/quant/raw/stock_daily/600839.SH.csv
正在获取3532/5426 动力新科(600841.SH) [20150105 , 20250827 )的数据...
  获取到 2577 条数据，保存到 /data/data_liy/quant/raw/stock_daily/600841.SH.csv
正在获取3533/5426 上工申贝(600843.SH) [20150105 , 20250827 )的数据...
  获取到 2478 条数据，保存到 /data/data_liy/quant/raw/stock_daily/600843.SH.csv
正在获取3534/5426 金煤科技(600844.SH) [20150105 , 20250827 )的数据...
  获取到 2473 条数据，保存到 /data/data_liy/quant/raw/stock_daily/600844.SH.csv
正在获取3535/5426 宝信软件(600845.SH) [20150105 , 20250827 )的数据...
  获取到 2578 条数据，保存到 /data/data_liy/quant/raw/stock_daily/600845.SH.csv
正在获取3536/5426 同济科技(600846.SH) [20150105 , 20250827 )的数据...
  获取到 2578 条数据，保存到 /data/data_liy/quant/raw/stock_daily/600846.SH.csv
正在获取3537/5426 万里股份(600847.SH) [20150105 , 20250827 )的数据...
  获取到 2393 条数据，保存到 /data/data_liy/quant/raw/stock_daily/600847.SH.csv
正在获取3538/5426 上海临港(600848.SH) [20150105 , 20250827 )的数据...
  获取到 2421 条数据，保存到 /data/data_liy/quant/raw/stock_daily/600848.SH.csv
正在获取3539/5426 电科数字(600850.SH) [20150105 , 20250827 )的数据...
  获取到 2499 条数据，保存到 /data/data_liy/quant/raw/stock_daily/600850.SH.csv
正在获取3540/5426 海欣股份(600851.SH) [20150105 , 20250827 )的数据...
  获取到 2567 条数据，保存到 /data/data_liy/quant/raw/stock_daily/600851.SH.csv
正在获取3541/5426 龙建股份(600853.SH) [20150105 , 20250827 )的数据...
  获取到 2555 条数据，保存到 /data/data_liy/quant/raw/stock_daily/600853.SH.csv
正在获取3542/5426 春兰股份(600854.SH) [20150105 , 20250827 )的数据...
  获取到 2588 条数据，保存到 /data/data_liy/quant/raw/stock_daily/600854.SH.csv
正在获取3543/5426 航天长峰(600855.SH) [20150105 , 20250827 )的数据...
  获取到 2457 条数据，保存到 /data/data_liy/quant/raw/stock_daily/600855.SH.csv
正在获取3544/5426 宁波中百(600857.SH) [20150105 , 20250827 )的数据...
  获取到 2566 条数据，保存到 /data/data_liy/quant/raw/stock_daily/600857.SH.csv
正在获取3545/5426 银座股份(600858.SH) [20150105 , 20250827 )的数据...
  获取到 2497 条数据，保存到 /data/data_liy/quant/raw/stock_daily/600858.SH.csv
正在获取3546/5426 王府井(600859.SH) [20150105 , 20250827 )的数据...
  获取到 2390 条数据，保存到 /data/data_liy/quant/raw/stock_daily/600859.SH.csv
正在获取3547/5426 京城股份(600860.SH) [20150105 , 20250827 )的数据...
  获取到 2446 条数据，保存到 /data/data_liy/quant/raw/stock_daily/600860.SH.csv
正在获取3548/5426 北京人力(600861.SH) [20150105 , 20250827 )的数据...
  获取到 2577 条数据，保存到 /data/data_liy/quant/raw/stock_daily/600861.SH.csv
正在获取3549/5426 中航高科(600862.SH) [20150105 , 20250827 )的数据...
  获取到 2583 条数据，保存到 /data/data_liy/quant/raw/stock_daily/600862.SH.csv
正在获取3550/5426 内蒙华电(600863.SH) [20150105 , 20250827 )的数据...
  获取到 2570 条数据，保存到 /data/data_liy/quant/raw/stock_daily/600863.SH.csv
正在获取3551/5426 哈投股份(600864.SH) [20150105 , 20250827 )的数据...
  获取到 2514 条数据，保存到 /data/data_liy/quant/raw/stock_daily/600864.SH.csv
正在获取3552/5426 百大集团(600865.SH) [20150105 , 20250827 )的数据...
  获取到 2580 条数据，保存到 /data/data_liy/quant/raw/stock_daily/600865.SH.csv
正在获取3553/5426 星湖科技(600866.SH) [20150105 , 20250827 )的数据...
  获取到 2350 条数据，保存到 /data/data_liy/quant/raw/stock_daily/600866.SH.csv
正在获取3554/5426 通化东宝(600867.SH) [20150105 , 20250827 )的数据...
  获取到 2546 条数据，保存到 /data/data_liy/quant/raw/stock_daily/600867.SH.csv
正在获取3555/5426 梅雁吉祥(600868.SH) [20150105 , 20250827 )的数据...
  获取到 2579 条数据，保存到 /data/data_liy/quant/raw/stock_daily/600868.SH.csv
正在获取3556/5426 远东股份(600869.SH) [20150105 , 20250827 )的数据...
  获取到 2506 条数据，保存到 /data/data_liy/quant/raw/stock_daily/600869.SH.csv
正在获取3557/5426 石化油服(600871.SH) [20150105 , 20250827 )的数据...
  获取到 2556 条数据，保存到 /data/data_liy/quant/raw/stock_daily/600871.SH.csv
正在获取3558/5426 中炬高新(600872.SH) [20150105 , 20250827 )的数据...
HTTPConnectionPool(host='api.waditu.com', port=80): Max retries exceeded with url: /dataapi/adj_factor (Caused by NameResolutionError("<urllib3.connection.HTTPConnection object at 0x7f6a045855d0>: Failed to resolve 'api.waditu.com' ([Errno -2] Name or service not known)"))
  获取到 2499 条数据，保存到 /data/data_liy/quant/raw/stock_daily/600872.SH.csv
正在获取3559/5426 梅花生物(600873.SH) [20150105 , 20250827 )的数据...
  获取到 2467 条数据，保存到 /data/data_liy/quant/raw/stock_daily/600873.SH.csv
正在获取3560/5426 创业环保(600874.SH) [20150105 , 20250827 )的数据...
  获取到 2581 条数据，保存到 /data/data_liy/quant/raw/stock_daily/600874.SH.csv
正在获取3561/5426 东方电气(600875.SH) [20150105 , 20250827 )的数据...
  获取到 2512 条数据，保存到 /data/data_liy/quant/raw/stock_daily/600875.SH.csv
正在获取3562/5426 凯盛新能(600876.SH) [20150105 , 20250827 )的数据...
  获取到 2459 条数据，保存到 /data/data_liy/quant/raw/stock_daily/600876.SH.csv
正在获取3563/5426 电科芯片(600877.SH) [20150105 , 20250827 )的数据...
  获取到 2337 条数据，保存到 /data/data_liy/quant/raw/stock_daily/600877.SH.csv
正在获取3564/5426 航天电子(600879.SH) [20150105 , 20250827 )的数据...
  获取到 2494 条数据，保存到 /data/data_liy/quant/raw/stock_daily/600879.SH.csv
正在获取3565/5426 博瑞传播(600880.SH) [20150105 , 20250827 )的数据...
  获取到 2418 条数据，保存到 /data/data_liy/quant/raw/stock_daily/600880.SH.csv
正在获取3566/5426 亚泰集团(600881.SH) [20150105 , 20250827 )的数据...
  获取到 2578 条数据，保存到 /data/data_liy/quant/raw/stock_daily/600881.SH.csv
正在获取3567/5426 妙可蓝多(600882.SH) [20150105 , 20250827 )的数据...
  获取到 2399 条数据，保存到 /data/data_liy/quant/raw/stock_daily/600882.SH.csv
正在获取3568/5426 博闻科技(600883.SH) [20150105 , 20250827 )的数据...
  获取到 2582 条数据，保存到 /data/data_liy/quant/raw/stock_daily/600883.SH.csv
正在获取3569/5426 杉杉股份(600884.SH) [20150105 , 20250827 )的数据...
  获取到 2567 条数据，保存到 /data/data_liy/quant/raw/stock_daily/600884.SH.csv
正在获取3570/5426 宏发股份(600885.SH) [20150105 , 20250827 )的数据...
  获取到 2588 条数据，保存到 /data/data_liy/quant/raw/stock_daily/600885.SH.csv
正在获取3571/5426 国投电力(600886.SH) [20150105 , 20250827 )的数据...
  获取到 2528 条数据，保存到 /data/data_liy/quant/raw/stock_daily/600886.SH.csv
正在获取3572/5426 伊利股份(600887.SH) [20150105 , 20250827 )的数据...
  获取到 2564 条数据，保存到 /data/data_liy/quant/raw/stock_daily/600887.SH.csv
正在获取3573/5426 新疆众和(600888.SH) [20150105 , 20250827 )的数据...
  获取到 2543 条数据，保存到 /data/data_liy/quant/raw/stock_daily/600888.SH.csv
正在获取3574/5426 南京化纤(600889.SH) [20150105 , 20250827 )的数据...
  获取到 2559 条数据，保存到 /data/data_liy/quant/raw/stock_daily/600889.SH.csv
正在获取3575/5426 *ST大晟(600892.SH) [20150105 , 20250827 )的数据...
  获取到 2515 条数据，保存到 /data/data_liy/quant/raw/stock_daily/600892.SH.csv
正在获取3576/5426 航发动力(600893.SH) [20150105 , 20250827 )的数据...
  获取到 2553 条数据，保存到 /data/data_liy/quant/raw/stock_daily/600893.SH.csv
正在获取3577/5426 广日股份(600894.SH) [20150105 , 20250827 )的数据...
  获取到 2577 条数据，保存到 /data/data_liy/quant/raw/stock_daily/600894.SH.csv
正在获取3578/5426 张江高科(600895.SH) [20150105 , 20250827 )的数据...
  获取到 2585 条数据，保存到 /data/data_liy/quant/raw/stock_daily/600895.SH.csv
正在获取3579/5426 厦门空港(600897.SH) [20150105 , 20250827 )的数据...
  获取到 2588 条数据，保存到 /data/data_liy/quant/raw/stock_daily/600897.SH.csv
正在获取3580/5426 长江电力(600900.SH) [20150105 , 20250827 )的数据...
  获取到 2469 条数据，保存到 /data/data_liy/quant/raw/stock_daily/600900.SH.csv
正在获取3581/5426 江苏金租(600901.SH) [20150105 , 20250827 )的数据...
  获取到 1819 条数据，保存到 /data/data_liy/quant/raw/stock_daily/600901.SH.csv
正在获取3582/5426 贵州燃气(600903.SH) [20150105 , 20250827 )的数据...
  获取到 1883 条数据，保存到 /data/data_liy/quant/raw/stock_daily/600903.SH.csv
正在获取3583/5426 三峡能源(600905.SH) [20150105 , 20250827 )的数据...
  获取到 1022 条数据，保存到 /data/data_liy/quant/raw/stock_daily/600905.SH.csv
正在获取3584/5426 财达证券(600906.SH) [20150105 , 20250827 )的数据...
  获取到 1046 条数据，保存到 /data/data_liy/quant/raw/stock_daily/600906.SH.csv
正在获取3585/5426 无锡银行(600908.SH) [20150105 , 20250827 )的数据...
  获取到 2161 条数据，保存到 /data/data_liy/quant/raw/stock_daily/600908.SH.csv
正在获取3586/5426 华安证券(600909.SH) [20150105 , 20250827 )的数据...
  获取到 2113 条数据，保存到 /data/data_liy/quant/raw/stock_daily/600909.SH.csv
正在获取3587/5426 中国黄金(600916.SH) [20150105 , 20250827 )的数据...
  获取到 1102 条数据，保存到 /data/data_liy/quant/raw/stock_daily/600916.SH.csv
正在获取3588/5426 重庆燃气(600917.SH) [20150105 , 20250827 )的数据...
  获取到 2583 条数据，保存到 /data/data_liy/quant/raw/stock_daily/600917.SH.csv
正在获取3589/5426 中泰证券(600918.SH) [20150105 , 20250827 )的数据...
  获取到 1270 条数据，保存到 /data/data_liy/quant/raw/stock_daily/600918.SH.csv
正在获取3590/5426 江苏银行(600919.SH) [20150105 , 20250827 )的数据...
  获取到 2196 条数据，保存到 /data/data_liy/quant/raw/stock_daily/600919.SH.csv
正在获取3591/5426 苏能股份(600925.SH) [20150105 , 20250827 )的数据...
  获取到 585 条数据，保存到 /data/data_liy/quant/raw/stock_daily/600925.SH.csv
正在获取3592/5426 杭州银行(600926.SH) [20150105 , 20250827 )的数据...
  获取到 2147 条数据，保存到 /data/data_liy/quant/raw/stock_daily/600926.SH.csv
正在获取3593/5426 永安期货(600927.SH) [20150105 , 20250827 )的数据...
  获取到 890 条数据，保存到 /data/data_liy/quant/raw/stock_daily/600927.SH.csv
正在获取3594/5426 西安银行(600928.SH) [20150105 , 20250827 )的数据...
  获取到 1576 条数据，保存到 /data/data_liy/quant/raw/stock_daily/600928.SH.csv
正在获取3595/5426 雪天盐业(600929.SH) [20150105 , 20250827 )的数据...
  获取到 1797 条数据，保存到 /data/data_liy/quant/raw/stock_daily/600929.SH.csv
正在获取3596/5426 华电新能(600930.SH) [20150105 , 20250827 )的数据...
  获取到 29 条数据，保存到 /data/data_liy/quant/raw/stock_daily/600930.SH.csv
正在获取3597/5426 爱柯迪(600933.SH) [20150105 , 20250827 )的数据...
  获取到 1879 条数据，保存到 /data/data_liy/quant/raw/stock_daily/600933.SH.csv
正在获取3598/5426 华塑股份(600935.SH) [20150105 , 20250827 )的数据...
  获取到 909 条数据，保存到 /data/data_liy/quant/raw/stock_daily/600935.SH.csv
正在获取3599/5426 广西广电(600936.SH) [20150105 , 20250827 )的数据...
  获取到 2193 条数据，保存到 /data/data_liy/quant/raw/stock_daily/600936.SH.csv
正在获取3600/5426 中国海油(600938.SH) [20150105 , 20250827 )的数据...
  获取到 813 条数据，保存到 /data/data_liy/quant/raw/stock_daily/600938.SH.csv
正在获取3601/5426 重庆建工(600939.SH) [20150105 , 20250827 )的数据...
  获取到 2070 条数据，保存到 /data/data_liy/quant/raw/stock_daily/600939.SH.csv
正在获取3602/5426 中国移动(600941.SH) [20150105 , 20250827 )的数据...
  获取到 882 条数据，保存到 /data/data_liy/quant/raw/stock_daily/600941.SH.csv
正在获取3603/5426 维远股份(600955.SH) [20150105 , 20250827 )的数据...
  获取到 954 条数据，保存到 /data/data_liy/quant/raw/stock_daily/600955.SH.csv
正在获取3604/5426 新天绿能(600956.SH) [20150105 , 20250827 )的数据...
  获取到 1254 条数据，保存到 /data/data_liy/quant/raw/stock_daily/600956.SH.csv
正在获取3605/5426 东方证券(600958.SH) [20150105 , 20250827 )的数据...
  获取到 2526 条数据，保存到 /data/data_liy/quant/raw/stock_daily/600958.SH.csv
正在获取3606/5426 江苏有线(600959.SH) [20150105 , 20250827 )的数据...
  获取到 2411 条数据，保存到 /data/data_liy/quant/raw/stock_daily/600959.SH.csv
正在获取3607/5426 渤海汽车(600960.SH) [20150105 , 20250827 )的数据...
  获取到 2400 条数据，保存到 /data/data_liy/quant/raw/stock_daily/600960.SH.csv
正在获取3608/5426 株冶集团(600961.SH) [20150105 , 20250827 )的数据...
  获取到 2575 条数据，保存到 /data/data_liy/quant/raw/stock_daily/600961.SH.csv
正在获取3609/5426 国投中鲁(600962.SH) [20150105 , 20250827 )的数据...
  获取到 2537 条数据，保存到 /data/data_liy/quant/raw/stock_daily/600962.SH.csv
正在获取3610/5426 岳阳林纸(600963.SH) [20150105 , 20250827 )的数据...
  获取到 2536 条数据，保存到 /data/data_liy/quant/raw/stock_daily/600963.SH.csv
正在获取3611/5426 福成股份(600965.SH) [20150105 , 20250827 )的数据...
  获取到 2580 条数据，保存到 /data/data_liy/quant/raw/stock_daily/600965.SH.csv
正在获取3612/5426 博汇纸业(600966.SH) [20150105 , 20250827 )的数据...
  获取到 2579 条数据，保存到 /data/data_liy/quant/raw/stock_daily/600966.SH.csv
正在获取3613/5426 内蒙一机(600967.SH) [20150105 , 20250827 )的数据...
  获取到 2437 条数据，保存到 /data/data_liy/quant/raw/stock_daily/600967.SH.csv
正在获取3614/5426 海油发展(600968.SH) [20150105 , 20250827 )的数据...
  获取到 1498 条数据，保存到 /data/data_liy/quant/raw/stock_daily/600968.SH.csv
正在获取3615/5426 郴电国际(600969.SH) [20150105 , 20250827 )的数据...
  获取到 2587 条数据，保存到 /data/data_liy/quant/raw/stock_daily/600969.SH.csv
正在获取3616/5426 中材国际(600970.SH) [20150105 , 20250827 )的数据...
  获取到 2533 条数据，保存到 /data/data_liy/quant/raw/stock_daily/600970.SH.csv
正在获取3617/5426 恒源煤电(600971.SH) [20150105 , 20250827 )的数据...
  获取到 2588 条数据，保存到 /data/data_liy/quant/raw/stock_daily/600971.SH.csv
正在获取3618/5426 宝胜股份(600973.SH) [20150105 , 20250827 )的数据...
  获取到 2523 条数据，保存到 /data/data_liy/quant/raw/stock_daily/600973.SH.csv
正在获取3619/5426 新五丰(600975.SH) [20150105 , 20250827 )的数据...
  获取到 2501 条数据，保存到 /data/data_liy/quant/raw/stock_daily/600975.SH.csv
正在获取3620/5426 健民集团(600976.SH) [20150105 , 20250827 )的数据...
  获取到 2578 条数据，保存到 /data/data_liy/quant/raw/stock_daily/600976.SH.csv
正在获取3621/5426 中国电影(600977.SH) [20150105 , 20250827 )的数据...
  获取到 2197 条数据，保存到 /data/data_liy/quant/raw/stock_daily/600977.SH.csv
正在获取3622/5426 广安爱众(600979.SH) [20150105 , 20250827 )的数据...
  获取到 2469 条数据，保存到 /data/data_liy/quant/raw/stock_daily/600979.SH.csv
正在获取3623/5426 北矿科技(600980.SH) [20150105 , 20250827 )的数据...
  获取到 2577 条数据，保存到 /data/data_liy/quant/raw/stock_daily/600980.SH.csv
正在获取3624/5426 汇鸿集团(600981.SH) [20150105 , 20250827 )的数据...
  获取到 2566 条数据，保存到 /data/data_liy/quant/raw/stock_daily/600981.SH.csv
正在获取3625/5426 宁波能源(600982.SH) [20150105 , 20250827 )的数据...
  获取到 2492 条数据，保存到 /data/data_liy/quant/raw/stock_daily/600982.SH.csv
正在获取3626/5426 惠而浦(600983.SH) [20150105 , 20250827 )的数据...
  获取到 2482 条数据，保存到 /data/data_liy/quant/raw/stock_daily/600983.SH.csv
正在获取3627/5426 建设机械(600984.SH) [20150105 , 20250827 )的数据...
  获取到 2538 条数据，保存到 /data/data_liy/quant/raw/stock_daily/600984.SH.csv
正在获取3628/5426 淮北矿业(600985.SH) [20150105 , 20250827 )的数据...
  获取到 2471 条数据，保存到 /data/data_liy/quant/raw/stock_daily/600985.SH.csv
正在获取3629/5426 浙文互联(600986.SH) [20150105 , 20250827 )的数据...
  获取到 2465 条数据，保存到 /data/data_liy/quant/raw/stock_daily/600986.SH.csv
正在获取3630/5426 航民股份(600987.SH) [20150105 , 20250827 )的数据...
  获取到 2524 条数据，保存到 /data/data_liy/quant/raw/stock_daily/600987.SH.csv
正在获取3631/5426 赤峰黄金(600988.SH) [20150105 , 20250827 )的数据...
  获取到 2487 条数据，保存到 /data/data_liy/quant/raw/stock_daily/600988.SH.csv
正在获取3632/5426 宝丰能源(600989.SH) [20150105 , 20250827 )的数据...
  获取到 1526 条数据，保存到 /data/data_liy/quant/raw/stock_daily/600989.SH.csv
正在获取3633/5426 四创电子(600990.SH) [20150105 , 20250827 )的数据...
  获取到 2446 条数据，保存到 /data/data_liy/quant/raw/stock_daily/600990.SH.csv
正在获取3634/5426 贵绳股份(600992.SH) [20150105 , 20250827 )的数据...
  获取到 2588 条数据，保存到 /data/data_liy/quant/raw/stock_daily/600992.SH.csv
正在获取3635/5426 马应龙(600993.SH) [20150105 , 20250827 )的数据...
  获取到 2588 条数据，保存到 /data/data_liy/quant/raw/stock_daily/600993.SH.csv
正在获取3636/5426 南网储能(600995.SH) [20150105 , 20250827 )的数据...
  获取到 2501 条数据，保存到 /data/data_liy/quant/raw/stock_daily/600995.SH.csv
正在获取3637/5426 贵广网络(600996.SH) [20150105 , 20250827 )的数据...
  获取到 2103 条数据，保存到 /data/data_liy/quant/raw/stock_daily/600996.SH.csv
正在获取3638/5426 开滦股份(600997.SH) [20150105 , 20250827 )的数据...
  获取到 2584 条数据，保存到 /data/data_liy/quant/raw/stock_daily/600997.SH.csv
正在获取3639/5426 九州通(600998.SH) [20150105 , 20250827 )的数据...
  获取到 2576 条数据，保存到 /data/data_liy/quant/raw/stock_daily/600998.SH.csv
正在获取3640/5426 招商证券(600999.SH) [20150105 , 20250827 )的数据...
HTTPConnectionPool(host='api.waditu.com', port=80): Max retries exceeded with url: /dataapi/daily (Caused by NameResolutionError("<urllib3.connection.HTTPConnection object at 0x7f6a045b47c0>: Failed to resolve 'api.waditu.com' ([Errno -2] Name or service not known)"))
  获取到 2576 条数据，保存到 /data/data_liy/quant/raw/stock_daily/600999.SH.csv
正在获取3641/5426 唐山港(601000.SH) [20150105 , 20250827 )的数据...
  获取到 2506 条数据，保存到 /data/data_liy/quant/raw/stock_daily/601000.SH.csv
正在获取3642/5426 晋控煤业(601001.SH) [20150105 , 20250827 )的数据...
  获取到 2496 条数据，保存到 /data/data_liy/quant/raw/stock_daily/601001.SH.csv
正在获取3643/5426 晋亿实业(601002.SH) [20150105 , 20250827 )的数据...
  获取到 2588 条数据，保存到 /data/data_liy/quant/raw/stock_daily/601002.SH.csv
正在获取3644/5426 柳钢股份(601003.SH) [20150105 , 20250827 )的数据...
  获取到 2423 条数据，保存到 /data/data_liy/quant/raw/stock_daily/601003.SH.csv
正在获取3645/5426 重庆钢铁(601005.SH) [20150105 , 20250827 )的数据...
  获取到 2218 条数据，保存到 /data/data_liy/quant/raw/stock_daily/601005.SH.csv
正在获取3646/5426 大秦铁路(601006.SH) [20150105 , 20250827 )的数据...
  获取到 2588 条数据，保存到 /data/data_liy/quant/raw/stock_daily/601006.SH.csv
正在获取3647/5426 金陵饭店(601007.SH) [20150105 , 20250827 )的数据...
  获取到 2582 条数据，保存到 /data/data_liy/quant/raw/stock_daily/601007.SH.csv
正在获取3648/5426 连云港(601008.SH) [20150105 , 20250827 )的数据...
  获取到 2588 条数据，保存到 /data/data_liy/quant/raw/stock_daily/601008.SH.csv
正在获取3649/5426 南京银行(601009.SH) [20150105 , 20250827 )的数据...
  获取到 2581 条数据，保存到 /data/data_liy/quant/raw/stock_daily/601009.SH.csv
正在获取3650/5426 文峰股份(601010.SH) [20150105 , 20250827 )的数据...
  获取到 2578 条数据，保存到 /data/data_liy/quant/raw/stock_daily/601010.SH.csv
正在获取3651/5426 宝泰隆(601011.SH) [20150105 , 20250827 )的数据...
  获取到 2575 条数据，保存到 /data/data_liy/quant/raw/stock_daily/601011.SH.csv
正在获取3652/5426 隆基绿能(601012.SH) [20150105 , 20250827 )的数据...
  获取到 2576 条数据，保存到 /data/data_liy/quant/raw/stock_daily/601012.SH.csv
正在获取3653/5426 陕西黑猫(601015.SH) [20150105 , 20250827 )的数据...
HTTPConnectionPool(host='api.waditu.com', port=80): Max retries exceeded with url: /dataapi/daily (Caused by NameResolutionError("<urllib3.connection.HTTPConnection object at 0x7f6a045b4c10>: Failed to resolve 'api.waditu.com' ([Errno -2] Name or service not known)"))
  获取到 2579 条数据，保存到 /data/data_liy/quant/raw/stock_daily/601015.SH.csv
正在获取3654/5426 节能风电(601016.SH) [20150105 , 20250827 )的数据...
  获取到 2573 条数据，保存到 /data/data_liy/quant/raw/stock_daily/601016.SH.csv
正在获取3655/5426 宁波港(601018.SH) [20150105 , 20250827 )的数据...
  获取到 2451 条数据，保存到 /data/data_liy/quant/raw/stock_daily/601018.SH.csv
正在获取3656/5426 山东出版(601019.SH) [20150105 , 20250827 )的数据...
  获取到 1884 条数据，保存到 /data/data_liy/quant/raw/stock_daily/601019.SH.csv
正在获取3657/5426 华钰矿业(601020.SH) [20150105 , 20250827 )的数据...
  获取到 2284 条数据，保存到 /data/data_liy/quant/raw/stock_daily/601020.SH.csv
正在获取3658/5426 春秋航空(601021.SH) [20150105 , 20250827 )的数据...
  获取到 2552 条数据，保存到 /data/data_liy/quant/raw/stock_daily/601021.SH.csv
正在获取3659/5426 宁波远洋(601022.SH) [20150105 , 20250827 )的数据...
  获取到 658 条数据，保存到 /data/data_liy/quant/raw/stock_daily/601022.SH.csv
正在获取3660/5426 永兴股份(601033.SH) [20150105 , 20250827 )的数据...
  获取到 387 条数据，保存到 /data/data_liy/quant/raw/stock_daily/601033.SH.csv
正在获取3661/5426 一拖股份(601038.SH) [20150105 , 20250827 )的数据...
  获取到 2588 条数据，保存到 /data/data_liy/quant/raw/stock_daily/601038.SH.csv
正在获取3662/5426 赛轮轮胎(601058.SH) [20150105 , 20250827 )的数据...
  获取到 2571 条数据，保存到 /data/data_liy/quant/raw/stock_daily/601058.SH.csv
正在获取3663/5426 信达证券(601059.SH) [20150105 , 20250827 )的数据...
  获取到 625 条数据，保存到 /data/data_liy/quant/raw/stock_daily/601059.SH.csv
正在获取3664/5426 中信金属(601061.SH) [20150105 , 20250827 )的数据...
  获取到 578 条数据，保存到 /data/data_liy/quant/raw/stock_daily/601061.SH.csv
正在获取3665/5426 江盐集团(601065.SH) [20150105 , 20250827 )的数据...
  获取到 578 条数据，保存到 /data/data_liy/quant/raw/stock_daily/601065.SH.csv
正在获取3666/5426 中信建投(601066.SH) [20150105 , 20250827 )的数据...
  获取到 1745 条数据，保存到 /data/data_liy/quant/raw/stock_daily/601066.SH.csv
正在获取3667/5426 中铝国际(601068.SH) [20150105 , 20250827 )的数据...
  获取到 1693 条数据，保存到 /data/data_liy/quant/raw/stock_daily/601068.SH.csv
正在获取3668/5426 西部黄金(601069.SH) [20150105 , 20250827 )的数据...
  获取到 2454 条数据，保存到 /data/data_liy/quant/raw/stock_daily/601069.SH.csv
正在获取3669/5426 渝农商行(601077.SH) [20150105 , 20250827 )的数据...
  获取到 1415 条数据，保存到 /data/data_liy/quant/raw/stock_daily/601077.SH.csv
正在获取3670/5426 锦江航运(601083.SH) [20150105 , 20250827 )的数据...
  获取到 418 条数据，保存到 /data/data_liy/quant/raw/stock_daily/601083.SH.csv
正在获取3671/5426 国芳集团(601086.SH) [20150105 , 20250827 )的数据...
  获取到 1917 条数据，保存到 /data/data_liy/quant/raw/stock_daily/601086.SH.csv
正在获取3672/5426 中国神华(601088.SH) [20150105 , 20250827 )的数据...
  获取到 2514 条数据，保存到 /data/data_liy/quant/raw/stock_daily/601088.SH.csv
正在获取3673/5426 福元医药(601089.SH) [20150105 , 20250827 )的数据...
  获取到 767 条数据，保存到 /data/data_liy/quant/raw/stock_daily/601089.SH.csv
正在获取3674/5426 宏盛华源(601096.SH) [20150105 , 20250827 )的数据...
  获取到 405 条数据，保存到 /data/data_liy/quant/raw/stock_daily/601096.SH.csv
正在获取3675/5426 中南传媒(601098.SH) [20150105 , 20250827 )的数据...
  获取到 2588 条数据，保存到 /data/data_liy/quant/raw/stock_daily/601098.SH.csv
正在获取3676/5426 太平洋(601099.SH) [20150105 , 20250827 )的数据...
  获取到 2572 条数据，保存到 /data/data_liy/quant/raw/stock_daily/601099.SH.csv
正在获取3677/5426 恒立液压(601100.SH) [20150105 , 20250827 )的数据...
  获取到 2549 条数据，保存到 /data/data_liy/quant/raw/stock_daily/601100.SH.csv
正在获取3678/5426 昊华能源(601101.SH) [20150105 , 20250827 )的数据...
  获取到 2483 条数据，保存到 /data/data_liy/quant/raw/stock_daily/601101.SH.csv
正在获取3679/5426 中国一重(601106.SH) [20150105 , 20250827 )的数据...
  获取到 2579 条数据，保存到 /data/data_liy/quant/raw/stock_daily/601106.SH.csv
正在获取3680/5426 四川成渝(601107.SH) [20150105 , 20250827 )的数据...
  获取到 2567 条数据，保存到 /data/data_liy/quant/raw/stock_daily/601107.SH.csv
正在获取3681/5426 财通证券(601108.SH) [20150105 , 20250827 )的数据...
  获取到 1899 条数据，保存到 /data/data_liy/quant/raw/stock_daily/601108.SH.csv
正在获取3682/5426 中国国航(601111.SH) [20150105 , 20250827 )的数据...
  获取到 2566 条数据，保存到 /data/data_liy/quant/raw/stock_daily/601111.SH.csv
正在获取3683/5426 华鼎股份(601113.SH) [20150105 , 20250827 )的数据...
  获取到 2504 条数据，保存到 /data/data_liy/quant/raw/stock_daily/601113.SH.csv
正在获取3684/5426 三江购物(601116.SH) [20150105 , 20250827 )的数据...
  获取到 2573 条数据，保存到 /data/data_liy/quant/raw/stock_daily/601116.SH.csv
正在获取3685/5426 中国化学(601117.SH) [20150105 , 20250827 )的数据...
  获取到 2585 条数据，保存到 /data/data_liy/quant/raw/stock_daily/601117.SH.csv
正在获取3686/5426 海南橡胶(601118.SH) [20150105 , 20250827 )的数据...
  获取到 2463 条数据，保存到 /data/data_liy/quant/raw/stock_daily/601118.SH.csv
正在获取3687/5426 宝地矿业(601121.SH) [20150105 , 20250827 )的数据...
  获取到 594 条数据，保存到 /data/data_liy/quant/raw/stock_daily/601121.SH.csv
正在获取3688/5426 四方股份(601126.SH) [20150105 , 20250827 )的数据...
  获取到 2585 条数据，保存到 /data/data_liy/quant/raw/stock_daily/601126.SH.csv
正在获取3689/5426 赛力斯(601127.SH) [20150105 , 20250827 )的数据...
  获取到 2211 条数据，保存到 /data/data_liy/quant/raw/stock_daily/601127.SH.csv
正在获取3690/5426 常熟银行(601128.SH) [20150105 , 20250827 )的数据...
  获取到 2161 条数据，保存到 /data/data_liy/quant/raw/stock_daily/601128.SH.csv
正在获取3691/5426 柏诚股份(601133.SH) [20150105 , 20250827 )的数据...
  获取到 578 条数据，保存到 /data/data_liy/quant/raw/stock_daily/601133.SH.csv
正在获取3692/5426 首创证券(601136.SH) [20150105 , 20250827 )的数据...
  获取到 648 条数据，保存到 /data/data_liy/quant/raw/stock_daily/601136.SH.csv
正在获取3693/5426 博威合金(601137.SH) [20150105 , 20250827 )的数据...
  获取到 2527 条数据，保存到 /data/data_liy/quant/raw/stock_daily/601137.SH.csv
正在获取3694/5426 工业富联(601138.SH) [20150105 , 20250827 )的数据...
  获取到 1752 条数据，保存到 /data/data_liy/quant/raw/stock_daily/601138.SH.csv
正在获取3695/5426 深圳燃气(601139.SH) [20150105 , 20250827 )的数据...
  获取到 2587 条数据，保存到 /data/data_liy/quant/raw/stock_daily/601139.SH.csv
正在获取3696/5426 新城控股(601155.SH) [20150105 , 20250827 )的数据...
  获取到 2353 条数据，保存到 /data/data_liy/quant/raw/stock_daily/601155.SH.csv
正在获取3697/5426 东航物流(601156.SH) [20150105 , 20250827 )的数据...
  获取到 1023 条数据，保存到 /data/data_liy/quant/raw/stock_daily/601156.SH.csv
正在获取3698/5426 重庆水务(601158.SH) [20150105 , 20250827 )的数据...
  获取到 2581 条数据，保存到 /data/data_liy/quant/raw/stock_daily/601158.SH.csv
正在获取3699/5426 天风证券(601162.SH) [20150105 , 20250827 )的数据...
  获取到 1658 条数据，保存到 /data/data_liy/quant/raw/stock_daily/601162.SH.csv
正在获取3700/5426 三角轮胎(601163.SH) [20150105 , 20250827 )的数据...
  获取到 2174 条数据，保存到 /data/data_liy/quant/raw/stock_daily/601163.SH.csv
正在获取3701/5426 兴业银行(601166.SH) [20150105 , 20250827 )的数据...
  获取到 2583 条数据，保存到 /data/data_liy/quant/raw/stock_daily/601166.SH.csv
正在获取3702/5426 西部矿业(601168.SH) [20150105 , 20250827 )的数据...
  获取到 2394 条数据，保存到 /data/data_liy/quant/raw/stock_daily/601168.SH.csv
正在获取3703/5426 北京银行(601169.SH) [20150105 , 20250827 )的数据...
  获取到 2549 条数据，保存到 /data/data_liy/quant/raw/stock_daily/601169.SH.csv
正在获取3704/5426 杭齿前进(601177.SH) [20150105 , 20250827 )的数据...
  获取到 2585 条数据，保存到 /data/data_liy/quant/raw/stock_daily/601177.SH.csv
正在获取3705/5426 中国西电(601179.SH) [20150105 , 20250827 )的数据...
  获取到 2588 条数据，保存到 /data/data_liy/quant/raw/stock_daily/601179.SH.csv
正在获取3706/5426 中国铁建(601186.SH) [20150105 , 20250827 )的数据...
  获取到 2588 条数据，保存到 /data/data_liy/quant/raw/stock_daily/601186.SH.csv
正在获取3707/5426 厦门银行(601187.SH) [20150105 , 20250827 )的数据...
  获取到 1174 条数据，保存到 /data/data_liy/quant/raw/stock_daily/601187.SH.csv
正在获取3708/5426 龙江交通(601188.SH) [20150105 , 20250827 )的数据...
  获取到 2586 条数据，保存到 /data/data_liy/quant/raw/stock_daily/601188.SH.csv
正在获取3709/5426 东兴证券(601198.SH) [20150105 , 20250827 )的数据...
  获取到 2547 条数据，保存到 /data/data_liy/quant/raw/stock_daily/601198.SH.csv
正在获取3710/5426 江南水务(601199.SH) [20150105 , 20250827 )的数据...
HTTPConnectionPool(host='api.waditu.com', port=80): Max retries exceeded with url: /dataapi/daily (Caused by NameResolutionError("<urllib3.connection.HTTPConnection object at 0x7f6a045b53c0>: Failed to resolve 'api.waditu.com' ([Errno -2] Name or service not known)"))
  获取到 2563 条数据，保存到 /data/data_liy/quant/raw/stock_daily/601199.SH.csv
正在获取3711/5426 上海环境(601200.SH) [20150105 , 20250827 )的数据...
  获取到 2042 条数据，保存到 /data/data_liy/quant/raw/stock_daily/601200.SH.csv
正在获取3712/5426 东材科技(601208.SH) [20150105 , 20250827 )的数据...
  获取到 2588 条数据，保存到 /data/data_liy/quant/raw/stock_daily/601208.SH.csv
正在获取3713/5426 国泰海通(601211.SH) [20150105 , 20250827 )的数据...
  获取到 2453 条数据，保存到 /data/data_liy/quant/raw/stock_daily/601211.SH.csv
正在获取3714/5426 白银有色(601212.SH) [20150105 , 20250827 )的数据...
  获取到 2031 条数据，保存到 /data/data_liy/quant/raw/stock_daily/601212.SH.csv
正在获取3715/5426 君正集团(601216.SH) [20150105 , 20250827 )的数据...
  获取到 2491 条数据，保存到 /data/data_liy/quant/raw/stock_daily/601216.SH.csv
正在获取3716/5426 吉鑫科技(601218.SH) [20150105 , 20250827 )的数据...
HTTPConnectionPool(host='api.waditu.com', port=80): Max retries exceeded with url: /dataapi/adj_factor (Caused by NameResolutionError("<urllib3.connection.HTTPConnection object at 0x7f6a045b4c40>: Failed to resolve 'api.waditu.com' ([Errno -2] Name or service not known)"))
  获取到 2588 条数据，保存到 /data/data_liy/quant/raw/stock_daily/601218.SH.csv
正在获取3717/5426 林洋能源(601222.SH) [20150105 , 20250827 )的数据...
  获取到 2586 条数据，保存到 /data/data_liy/quant/raw/stock_daily/601222.SH.csv
正在获取3718/5426 陕西煤业(601225.SH) [20150105 , 20250827 )的数据...
  获取到 2588 条数据，保存到 /data/data_liy/quant/raw/stock_daily/601225.SH.csv
正在获取3719/5426 华电科工(601226.SH) [20150105 , 20250827 )的数据...
  获取到 2587 条数据，保存到 /data/data_liy/quant/raw/stock_daily/601226.SH.csv
正在获取3720/5426 广州港(601228.SH) [20150105 , 20250827 )的数据...
  获取到 2044 条数据，保存到 /data/data_liy/quant/raw/stock_daily/601228.SH.csv
正在获取3721/5426 上海银行(601229.SH) [20150105 , 20250827 )的数据...
  获取到 2133 条数据，保存到 /data/data_liy/quant/raw/stock_daily/601229.SH.csv
正在获取3722/5426 环旭电子(601231.SH) [20150105 , 20250827 )的数据...
  获取到 2578 条数据，保存到 /data/data_liy/quant/raw/stock_daily/601231.SH.csv
正在获取3723/5426 桐昆股份(601233.SH) [20150105 , 20250827 )的数据...
  获取到 2579 条数据，保存到 /data/data_liy/quant/raw/stock_daily/601233.SH.csv
正在获取3724/5426 红塔证券(601236.SH) [20150105 , 20250827 )的数据...
  获取到 1485 条数据，保存到 /data/data_liy/quant/raw/stock_daily/601236.SH.csv
正在获取3725/5426 广汽集团(601238.SH) [20150105 , 20250827 )的数据...
  获取到 2578 条数据，保存到 /data/data_liy/quant/raw/stock_daily/601238.SH.csv
正在获取3726/5426 英利汽车(601279.SH) [20150105 , 20250827 )的数据...
  获取到 1059 条数据，保存到 /data/data_liy/quant/raw/stock_daily/601279.SH.csv
正在获取3727/5426 农业银行(601288.SH) [20150105 , 20250827 )的数据...
  获取到 2588 条数据，保存到 /data/data_liy/quant/raw/stock_daily/601288.SH.csv
正在获取3728/5426 青岛港(601298.SH) [20150105 , 20250827 )的数据...
  获取到 1594 条数据，保存到 /data/data_liy/quant/raw/stock_daily/601298.SH.csv
正在获取3729/5426 骆驼股份(601311.SH) [20150105 , 20250827 )的数据...
  获取到 2568 条数据，保存到 /data/data_liy/quant/raw/stock_daily/601311.SH.csv
正在获取3730/5426 中国平安(601318.SH) [20150105 , 20250827 )的数据...
  获取到 2588 条数据，保存到 /data/data_liy/quant/raw/stock_daily/601318.SH.csv
正在获取3731/5426 中国人保(601319.SH) [20150105 , 20250827 )的数据...
  获取到 1644 条数据，保存到 /data/data_liy/quant/raw/stock_daily/601319.SH.csv
正在获取3732/5426 秦港股份(601326.SH) [20150105 , 20250827 )的数据...
  获取到 1949 条数据，保存到 /data/data_liy/quant/raw/stock_daily/601326.SH.csv
正在获取3733/5426 交通银行(601328.SH) [20150105 , 20250827 )的数据...
  获取到 2588 条数据，保存到 /data/data_liy/quant/raw/stock_daily/601328.SH.csv
正在获取3734/5426 绿色动力(601330.SH) [20150105 , 20250827 )的数据...
  获取到 1751 条数据，保存到 /data/data_liy/quant/raw/stock_daily/601330.SH.csv
正在获取3735/5426 广深铁路(601333.SH) [20150105 , 20250827 )的数据...
  获取到 2588 条数据，保存到 /data/data_liy/quant/raw/stock_daily/601333.SH.csv
正在获取3736/5426 新华保险(601336.SH) [20150105 , 20250827 )的数据...
  获取到 2563 条数据，保存到 /data/data_liy/quant/raw/stock_daily/601336.SH.csv
正在获取3737/5426 百隆东方(601339.SH) [20150105 , 20250827 )的数据...
  获取到 2587 条数据，保存到 /data/data_liy/quant/raw/stock_daily/601339.SH.csv
正在获取3738/5426 三六零(601360.SH) [20150105 , 20250827 )的数据...
  获取到 2464 条数据，保存到 /data/data_liy/quant/raw/stock_daily/601360.SH.csv
正在获取3739/5426 利群股份(601366.SH) [20150105 , 20250827 )的数据...
  获取到 2031 条数据，保存到 /data/data_liy/quant/raw/stock_daily/601366.SH.csv
正在获取3740/5426 绿城水务(601368.SH) [20150105 , 20250827 )的数据...
  获取到 2475 条数据，保存到 /data/data_liy/quant/raw/stock_daily/601368.SH.csv
正在获取3741/5426 陕鼓动力(601369.SH) [20150105 , 20250827 )的数据...
  获取到 2548 条数据，保存到 /data/data_liy/quant/raw/stock_daily/601369.SH.csv
正在获取3742/5426 中原证券(601375.SH) [20150105 , 20250827 )的数据...
  获取到 2100 条数据，保存到 /data/data_liy/quant/raw/stock_daily/601375.SH.csv
正在获取3743/5426 兴业证券(601377.SH) [20150105 , 20250827 )的数据...
  获取到 2570 条数据，保存到 /data/data_liy/quant/raw/stock_daily/601377.SH.csv
正在获取3744/5426 怡球资源(601388.SH) [20150105 , 20250827 )的数据...
  获取到 2435 条数据，保存到 /data/data_liy/quant/raw/stock_daily/601388.SH.csv
正在获取3745/5426 中国中铁(601390.SH) [20150105 , 20250827 )的数据...
  获取到 2502 条数据，保存到 /data/data_liy/quant/raw/stock_daily/601390.SH.csv
正在获取3746/5426 工商银行(601398.SH) [20150105 , 20250827 )的数据...
  获取到 2588 条数据，保存到 /data/data_liy/quant/raw/stock_daily/601398.SH.csv
正在获取3747/5426 国机重装(601399.SH) [20150105 , 20250827 )的数据...
  获取到 1266 条数据，保存到 /data/data_liy/quant/raw/stock_daily/601399.SH.csv
正在获取3748/5426 国联民生(601456.SH) [20150105 , 20250827 )的数据...
  获取到 1210 条数据，保存到 /data/data_liy/quant/raw/stock_daily/601456.SH.csv
正在获取3749/5426 通用股份(601500.SH) [20150105 , 20250827 )的数据...
  获取到 2163 条数据，保存到 /data/data_liy/quant/raw/stock_daily/601500.SH.csv
正在获取3750/5426 中新集团(601512.SH) [20150105 , 20250827 )的数据...
  获取到 1377 条数据，保存到 /data/data_liy/quant/raw/stock_daily/601512.SH.csv
正在获取3751/5426 东峰集团(601515.SH) [20150105 , 20250827 )的数据...
  获取到 2576 条数据，保存到 /data/data_liy/quant/raw/stock_daily/601515.SH.csv
正在获取3752/5426 吉林高速(601518.SH) [20150105 , 20250827 )的数据...
  获取到 2544 条数据，保存到 /data/data_liy/quant/raw/stock_daily/601518.SH.csv
正在获取3753/5426 大智慧(601519.SH) [20150105 , 20250827 )的数据...
  获取到 2547 条数据，保存到 /data/data_liy/quant/raw/stock_daily/601519.SH.csv
正在获取3754/5426 瑞丰银行(601528.SH) [20150105 , 20250827 )的数据...
  获取到 1012 条数据，保存到 /data/data_liy/quant/raw/stock_daily/601528.SH.csv
正在获取3755/5426 东吴证券(601555.SH) [20150105 , 20250827 )的数据...
  获取到 2570 条数据，保存到 /data/data_liy/quant/raw/stock_daily/601555.SH.csv
正在获取3756/5426 九牧王(601566.SH) [20150105 , 20250827 )的数据...
  获取到 2576 条数据，保存到 /data/data_liy/quant/raw/stock_daily/601566.SH.csv
正在获取3757/5426 三星医疗(601567.SH) [20150105 , 20250827 )的数据...
  获取到 2566 条数据，保存到 /data/data_liy/quant/raw/stock_daily/601567.SH.csv
正在获取3758/5426 北元集团(601568.SH) [20150105 , 20250827 )的数据...
  获取到 1179 条数据，保存到 /data/data_liy/quant/raw/stock_daily/601568.SH.csv
正在获取3759/5426 长沙银行(601577.SH) [20150105 , 20250827 )的数据...
  获取到 1676 条数据，保存到 /data/data_liy/quant/raw/stock_daily/601577.SH.csv
正在获取3760/5426 会稽山(601579.SH) [20150105 , 20250827 )的数据...
  获取到 2566 条数据，保存到 /data/data_liy/quant/raw/stock_daily/601579.SH.csv
正在获取3761/5426 北辰实业(601588.SH) [20150105 , 20250827 )的数据...
  获取到 2573 条数据，保存到 /data/data_liy/quant/raw/stock_daily/601588.SH.csv
正在获取3762/5426 上海电影(601595.SH) [20150105 , 20250827 )的数据...
  获取到 2191 条数据，保存到 /data/data_liy/quant/raw/stock_daily/601595.SH.csv
正在获取3763/5426 中国外运(601598.SH) [20150105 , 20250827 )的数据...
  获取到 1601 条数据，保存到 /data/data_liy/quant/raw/stock_daily/601598.SH.csv
正在获取3764/5426 浙文影业(601599.SH) [20150105 , 20250827 )的数据...
  获取到 2500 条数据，保存到 /data/data_liy/quant/raw/stock_daily/601599.SH.csv
正在获取3765/5426 中国铝业(601600.SH) [20150105 , 20250827 )的数据...
  获取到 2479 条数据，保存到 /data/data_liy/quant/raw/stock_daily/601600.SH.csv
正在获取3766/5426 中国太保(601601.SH) [20150105 , 20250827 )的数据...
  获取到 2588 条数据，保存到 /data/data_liy/quant/raw/stock_daily/601601.SH.csv
正在获取3767/5426 长城军工(601606.SH) [20150105 , 20250827 )的数据...
  获取到 1712 条数据，保存到 /data/data_liy/quant/raw/stock_daily/601606.SH.csv
正在获取3768/5426 上海医药(601607.SH) [20150105 , 20250827 )的数据...
  获取到 2588 条数据，保存到 /data/data_liy/quant/raw/stock_daily/601607.SH.csv
正在获取3769/5426 中信重工(601608.SH) [20150105 , 20250827 )的数据...
  获取到 2438 条数据，保存到 /data/data_liy/quant/raw/stock_daily/601608.SH.csv
正在获取3770/5426 金田股份(601609.SH) [20150105 , 20250827 )的数据...
  获取到 1297 条数据，保存到 /data/data_liy/quant/raw/stock_daily/601609.SH.csv
正在获取3771/5426 中国核建(601611.SH) [20150105 , 20250827 )的数据...
  获取到 2240 条数据，保存到 /data/data_liy/quant/raw/stock_daily/601611.SH.csv
正在获取3772/5426 明阳智能(601615.SH) [20150105 , 20250827 )的数据...
  获取到 1598 条数据，保存到 /data/data_liy/quant/raw/stock_daily/601615.SH.csv
正在获取3773/5426 广电电气(601616.SH) [20150105 , 20250827 )的数据...
  获取到 2579 条数据，保存到 /data/data_liy/quant/raw/stock_daily/601616.SH.csv
正在获取3774/5426 中国中冶(601618.SH) [20150105 , 20250827 )的数据...
  获取到 2516 条数据，保存到 /data/data_liy/quant/raw/stock_daily/601618.SH.csv
正在获取3775/5426 嘉泽新能(601619.SH) [20150105 , 20250827 )的数据...
HTTPConnectionPool(host='api.waditu.com', port=80): Max retries exceeded with url: /dataapi/daily (Caused by NameResolutionError("<urllib3.connection.HTTPConnection object at 0x7f6a045b5e10>: Failed to resolve 'api.waditu.com' ([Errno -2] Name or service not known)"))
  获取到 1839 条数据，保存到 /data/data_liy/quant/raw/stock_daily/601619.SH.csv
正在获取3776/5426 中国人寿(601628.SH) [20150105 , 20250827 )的数据...
  获取到 2588 条数据，保存到 /data/data_liy/quant/raw/stock_daily/601628.SH.csv
正在获取3777/5426 长城汽车(601633.SH) [20150105 , 20250827 )的数据...
  获取到 2566 条数据，保存到 /data/data_liy/quant/raw/stock_daily/601633.SH.csv
正在获取3778/5426 旗滨集团(601636.SH) [20150105 , 20250827 )的数据...
  获取到 2586 条数据，保存到 /data/data_liy/quant/raw/stock_daily/601636.SH.csv
正在获取3779/5426 邮储银行(601658.SH) [20150105 , 20250827 )的数据...
  获取到 1385 条数据，保存到 /data/data_liy/quant/raw/stock_daily/601658.SH.csv
正在获取3780/5426 齐鲁银行(601665.SH) [20150105 , 20250827 )的数据...
  获取到 1017 条数据，保存到 /data/data_liy/quant/raw/stock_daily/601665.SH.csv
正在获取3781/5426 平煤股份(601666.SH) [20150105 , 20250827 )的数据...
  获取到 2588 条数据，保存到 /data/data_liy/quant/raw/stock_daily/601666.SH.csv
正在获取3782/5426 中国建筑(601668.SH) [20150105 , 20250827 )的数据...
  获取到 2588 条数据，保存到 /data/data_liy/quant/raw/stock_daily/601668.SH.csv
正在获取3783/5426 中国电建(601669.SH) [20150105 , 20250827 )的数据...
  获取到 2573 条数据，保存到 /data/data_liy/quant/raw/stock_daily/601669.SH.csv
正在获取3784/5426 明泰铝业(601677.SH) [20150105 , 20250827 )的数据...
  获取到 2588 条数据，保存到 /data/data_liy/quant/raw/stock_daily/601677.SH.csv
正在获取3785/5426 滨化股份(601678.SH) [20150105 , 20250827 )的数据...
  获取到 2584 条数据，保存到 /data/data_liy/quant/raw/stock_daily/601678.SH.csv
正在获取3786/5426 友发集团(601686.SH) [20150105 , 20250827 )的数据...
  获取到 1146 条数据，保存到 /data/data_liy/quant/raw/stock_daily/601686.SH.csv
正在获取3787/5426 华泰证券(601688.SH) [20150105 , 20250827 )的数据...
  获取到 2588 条数据，保存到 /data/data_liy/quant/raw/stock_daily/601688.SH.csv
正在获取3788/5426 拓普集团(601689.SH) [20150105 , 20250827 )的数据...
  获取到 2530 条数据，保存到 /data/data_liy/quant/raw/stock_daily/601689.SH.csv
正在获取3789/5426 中银证券(601696.SH) [20150105 , 20250827 )的数据...
  获取到 1336 条数据，保存到 /data/data_liy/quant/raw/stock_daily/601696.SH.csv
正在获取3790/5426 中国卫通(601698.SH) [20150105 , 20250827 )的数据...
  获取到 1496 条数据，保存到 /data/data_liy/quant/raw/stock_daily/601698.SH.csv
正在获取3791/5426 潞安环能(601699.SH) [20150105 , 20250827 )的数据...
  获取到 2569 条数据，保存到 /data/data_liy/quant/raw/stock_daily/601699.SH.csv
正在获取3792/5426 风范股份(601700.SH) [20150105 , 20250827 )的数据...
  获取到 2392 条数据，保存到 /data/data_liy/quant/raw/stock_daily/601700.SH.csv
正在获取3793/5426 华峰铝业(601702.SH) [20150105 , 20250827 )的数据...
  获取到 1204 条数据，保存到 /data/data_liy/quant/raw/stock_daily/601702.SH.csv
正在获取3794/5426 中创智领(601717.SH) [20150105 , 20250827 )的数据...
  获取到 2388 条数据，保存到 /data/data_liy/quant/raw/stock_daily/601717.SH.csv
正在获取3795/5426 际华集团(601718.SH) [20150105 , 20250827 )的数据...
  获取到 2578 条数据，保存到 /data/data_liy/quant/raw/stock_daily/601718.SH.csv
正在获取3796/5426 上海电气(601727.SH) [20150105 , 20250827 )的数据...
  获取到 2328 条数据，保存到 /data/data_liy/quant/raw/stock_daily/601727.SH.csv
正在获取3797/5426 中国电信(601728.SH) [20150105 , 20250827 )的数据...
  获取到 972 条数据，保存到 /data/data_liy/quant/raw/stock_daily/601728.SH.csv
正在获取3798/5426 中国中车(601766.SH) [20150105 , 20250827 )的数据...
  获取到 2550 条数据，保存到 /data/data_liy/quant/raw/stock_daily/601766.SH.csv
正在获取3799/5426 千里科技(601777.SH) [20150105 , 20250827 )的数据...
  获取到 2557 条数据，保存到 /data/data_liy/quant/raw/stock_daily/601777.SH.csv
正在获取3800/5426 晶科科技(601778.SH) [20150105 , 20250827 )的数据...
  获取到 1281 条数据，保存到 /data/data_liy/quant/raw/stock_daily/601778.SH.csv
正在获取3801/5426 光大证券(601788.SH) [20150105 , 20250827 )的数据...
HTTPConnectionPool(host='api.waditu.com', port=80): Max retries exceeded with url: /dataapi/daily (Caused by NameResolutionError("<urllib3.connection.HTTPConnection object at 0x7f6a045b60b0>: Failed to resolve 'api.waditu.com' ([Errno -2] Name or service not known)"))
  获取到 2586 条数据，保存到 /data/data_liy/quant/raw/stock_daily/601788.SH.csv
正在获取3802/5426 宁波建工(601789.SH) [20150105 , 20250827 )的数据...
  获取到 2460 条数据，保存到 /data/data_liy/quant/raw/stock_daily/601789.SH.csv
正在获取3803/5426 蓝科高新(601798.SH) [20150105 , 20250827 )的数据...
  获取到 2526 条数据，保存到 /data/data_liy/quant/raw/stock_daily/601798.SH.csv
正在获取3804/5426 星宇股份(601799.SH) [20150105 , 20250827 )的数据...
  获取到 2570 条数据，保存到 /data/data_liy/quant/raw/stock_daily/601799.SH.csv
正在获取3805/5426 中国交建(601800.SH) [20150105 , 20250827 )的数据...
  获取到 2588 条数据，保存到 /data/data_liy/quant/raw/stock_daily/601800.SH.csv
正在获取3806/5426 皖新传媒(601801.SH) [20150105 , 20250827 )的数据...
  获取到 2567 条数据，保存到 /data/data_liy/quant/raw/stock_daily/601801.SH.csv
正在获取3807/5426 中海油服(601808.SH) [20150105 , 20250827 )的数据...
  获取到 2588 条数据，保存到 /data/data_liy/quant/raw/stock_daily/601808.SH.csv
正在获取3808/5426 新华文轩(601811.SH) [20150105 , 20250827 )的数据...
  获取到 2198 条数据，保存到 /data/data_liy/quant/raw/stock_daily/601811.SH.csv
正在获取3809/5426 京沪高铁(601816.SH) [20150105 , 20250827 )的数据...
  获取到 1359 条数据，保存到 /data/data_liy/quant/raw/stock_daily/601816.SH.csv
正在获取3810/5426 光大银行(601818.SH) [20150105 , 20250827 )的数据...
  获取到 2577 条数据，保存到 /data/data_liy/quant/raw/stock_daily/601818.SH.csv
正在获取3811/5426 沪农商行(601825.SH) [20150105 , 20250827 )的数据...
  获取到 973 条数据，保存到 /data/data_liy/quant/raw/stock_daily/601825.SH.csv
正在获取3812/5426 三峰环境(601827.SH) [20150105 , 20250827 )的数据...
  获取到 1268 条数据，保存到 /data/data_liy/quant/raw/stock_daily/601827.SH.csv
正在获取3813/5426 美凯龙(601828.SH) [20150105 , 20250827 )的数据...
  获取到 1839 条数据，保存到 /data/data_liy/quant/raw/stock_daily/601828.SH.csv
正在获取3814/5426 成都银行(601838.SH) [20150105 , 20250827 )的数据...
  获取到 1835 条数据，保存到 /data/data_liy/quant/raw/stock_daily/601838.SH.csv
正在获取3815/5426 中国石油(601857.SH) [20150105 , 20250827 )的数据...
  获取到 2588 条数据，保存到 /data/data_liy/quant/raw/stock_daily/601857.SH.csv
正在获取3816/5426 中国科传(601858.SH) [20150105 , 20250827 )的数据...
  获取到 2089 条数据，保存到 /data/data_liy/quant/raw/stock_daily/601858.SH.csv
正在获取3817/5426 紫金银行(601860.SH) [20150105 , 20250827 )的数据...
  获取到 1612 条数据，保存到 /data/data_liy/quant/raw/stock_daily/601860.SH.csv
正在获取3818/5426 福莱特(601865.SH) [20150105 , 20250827 )的数据...
  获取到 1586 条数据，保存到 /data/data_liy/quant/raw/stock_daily/601865.SH.csv
正在获取3819/5426 中远海发(601866.SH) [20150105 , 20250827 )的数据...
  获取到 2480 条数据，保存到 /data/data_liy/quant/raw/stock_daily/601866.SH.csv
正在获取3820/5426 中国能建(601868.SH) [20150105 , 20250827 )的数据...
  获取到 947 条数据，保存到 /data/data_liy/quant/raw/stock_daily/601868.SH.csv
正在获取3821/5426 长飞光纤(601869.SH) [20150105 , 20250827 )的数据...
  获取到 1723 条数据，保存到 /data/data_liy/quant/raw/stock_daily/601869.SH.csv
正在获取3822/5426 招商轮船(601872.SH) [20150105 , 20250827 )的数据...
  获取到 2488 条数据，保存到 /data/data_liy/quant/raw/stock_daily/601872.SH.csv
正在获取3823/5426 正泰电器(601877.SH) [20150105 , 20250827 )的数据...
  获取到 2451 条数据，保存到 /data/data_liy/quant/raw/stock_daily/601877.SH.csv
正在获取3824/5426 浙商证券(601878.SH) [20150105 , 20250827 )的数据...
  获取到 1986 条数据，保存到 /data/data_liy/quant/raw/stock_daily/601878.SH.csv
正在获取3825/5426 辽港股份(601880.SH) [20150105 , 20250827 )的数据...
  获取到 2571 条数据，保存到 /data/data_liy/quant/raw/stock_daily/601880.SH.csv
正在获取3826/5426 中国银河(601881.SH) [20150105 , 20250827 )的数据...
  获取到 2086 条数据，保存到 /data/data_liy/quant/raw/stock_daily/601881.SH.csv
正在获取3827/5426 海天精工(601882.SH) [20150105 , 20250827 )的数据...
  获取到 2137 条数据，保存到 /data/data_liy/quant/raw/stock_daily/601882.SH.csv
正在获取3828/5426 江河集团(601886.SH) [20150105 , 20250827 )的数据...
  获取到 2582 条数据，保存到 /data/data_liy/quant/raw/stock_daily/601886.SH.csv
正在获取3829/5426 中国中免(601888.SH) [20150105 , 20250827 )的数据...
  获取到 2532 条数据，保存到 /data/data_liy/quant/raw/stock_daily/601888.SH.csv
正在获取3830/5426 亚星锚链(601890.SH) [20150105 , 20250827 )的数据...
  获取到 2585 条数据，保存到 /data/data_liy/quant/raw/stock_daily/601890.SH.csv
正在获取3831/5426 中煤能源(601898.SH) [20150105 , 20250827 )的数据...
  获取到 2588 条数据，保存到 /data/data_liy/quant/raw/stock_daily/601898.SH.csv
正在获取3832/5426 紫金矿业(601899.SH) [20150105 , 20250827 )的数据...
  获取到 2558 条数据，保存到 /data/data_liy/quant/raw/stock_daily/601899.SH.csv
正在获取3833/5426 南方传媒(601900.SH) [20150105 , 20250827 )的数据...
  获取到 2201 条数据，保存到 /data/data_liy/quant/raw/stock_daily/601900.SH.csv
正在获取3834/5426 方正证券(601901.SH) [20150105 , 20250827 )的数据...
  获取到 2575 条数据，保存到 /data/data_liy/quant/raw/stock_daily/601901.SH.csv
正在获取3835/5426 京运通(601908.SH) [20150105 , 20250827 )的数据...
  获取到 2582 条数据，保存到 /data/data_liy/quant/raw/stock_daily/601908.SH.csv
正在获取3836/5426 浙商银行(601916.SH) [20150105 , 20250827 )的数据...
  获取到 1389 条数据，保存到 /data/data_liy/quant/raw/stock_daily/601916.SH.csv
正在获取3837/5426 新集能源(601918.SH) [20150105 , 20250827 )的数据...
  获取到 2574 条数据，保存到 /data/data_liy/quant/raw/stock_daily/601918.SH.csv
正在获取3838/5426 中远海控(601919.SH) [20150105 , 20250827 )的数据...
  获取到 2445 条数据，保存到 /data/data_liy/quant/raw/stock_daily/601919.SH.csv
正在获取3839/5426 浙版传媒(601921.SH) [20150105 , 20250827 )的数据...
  获取到 992 条数据，保存到 /data/data_liy/quant/raw/stock_daily/601921.SH.csv
正在获取3840/5426 凤凰传媒(601928.SH) [20150105 , 20250827 )的数据...
  获取到 2586 条数据，保存到 /data/data_liy/quant/raw/stock_daily/601928.SH.csv
正在获取3841/5426 吉视传媒(601929.SH) [20150105 , 20250827 )的数据...
  获取到 2581 条数据，保存到 /data/data_liy/quant/raw/stock_daily/601929.SH.csv
正在获取3842/5426 永辉超市(601933.SH) [20150105 , 20250827 )的数据...
  获取到 2576 条数据，保存到 /data/data_liy/quant/raw/stock_daily/601933.SH.csv
正在获取3843/5426 建设银行(601939.SH) [20150105 , 20250827 )的数据...
  获取到 2588 条数据，保存到 /data/data_liy/quant/raw/stock_daily/601939.SH.csv
正在获取3844/5426 中国出版(601949.SH) [20150105 , 20250827 )的数据...
  获取到 1946 条数据，保存到 /data/data_liy/quant/raw/stock_daily/601949.SH.csv
正在获取3845/5426 苏垦农发(601952.SH) [20150105 , 20250827 )的数据...
  获取到 2014 条数据，保存到 /data/data_liy/quant/raw/stock_daily/601952.SH.csv
正在获取3846/5426 东贝集团(601956.SH) [20150105 , 20250827 )的数据...
  获取到 1131 条数据，保存到 /data/data_liy/quant/raw/stock_daily/601956.SH.csv
正在获取3847/5426 金钼股份(601958.SH) [20150105 , 20250827 )的数据...
  获取到 2588 条数据，保存到 /data/data_liy/quant/raw/stock_daily/601958.SH.csv
正在获取3848/5426 重庆银行(601963.SH) [20150105 , 20250827 )的数据...
  获取到 1102 条数据，保存到 /data/data_liy/quant/raw/stock_daily/601963.SH.csv
正在获取3849/5426 中国汽研(601965.SH) [20150105 , 20250827 )的数据...
  获取到 2588 条数据，保存到 /data/data_liy/quant/raw/stock_daily/601965.SH.csv
正在获取3850/5426 玲珑轮胎(601966.SH) [20150105 , 20250827 )的数据...
  获取到 2202 条数据，保存到 /data/data_liy/quant/raw/stock_daily/601966.SH.csv
正在获取3851/5426 宝钢包装(601968.SH) [20150105 , 20250827 )的数据...
  获取到 2461 条数据，保存到 /data/data_liy/quant/raw/stock_daily/601968.SH.csv
正在获取3852/5426 海南矿业(601969.SH) [20150105 , 20250827 )的数据...
  获取到 2546 条数据，保存到 /data/data_liy/quant/raw/stock_daily/601969.SH.csv
正在获取3853/5426 招商南油(601975.SH) [20150105 , 20250827 )的数据...
  获取到 1608 条数据，保存到 /data/data_liy/quant/raw/stock_daily/601975.SH.csv
正在获取3854/5426 中国核电(601985.SH) [20150105 , 20250827 )的数据...
  获取到 2483 条数据，保存到 /data/data_liy/quant/raw/stock_daily/601985.SH.csv
正在获取3855/5426 中国银行(601988.SH) [20150105 , 20250827 )的数据...
  获取到 2588 条数据，保存到 /data/data_liy/quant/raw/stock_daily/601988.SH.csv
正在获取3856/5426 中国重工(601989.SH) [20150105 , 20250827 )的数据...
  获取到 2433 条数据，保存到 /data/data_liy/quant/raw/stock_daily/601989.SH.csv
正在获取3857/5426 南京证券(601990.SH) [20150105 , 20250827 )的数据...
  获取到 1749 条数据，保存到 /data/data_liy/quant/raw/stock_daily/601990.SH.csv
正在获取3858/5426 大唐发电(601991.SH) [20150105 , 20250827 )的数据...
  获取到 2578 条数据，保存到 /data/data_liy/quant/raw/stock_daily/601991.SH.csv
正在获取3859/5426 金隅集团(601992.SH) [20150105 , 20250827 )的数据...
  获取到 2572 条数据，保存到 /data/data_liy/quant/raw/stock_daily/601992.SH.csv
正在获取3860/5426 中金公司(601995.SH) [20150105 , 20250827 )的数据...
  获取到 1170 条数据，保存到 /data/data_liy/quant/raw/stock_daily/601995.SH.csv
正在获取3861/5426 丰林集团(601996.SH) [20150105 , 20250827 )的数据...
  获取到 2490 条数据，保存到 /data/data_liy/quant/raw/stock_daily/601996.SH.csv
正在获取3862/5426 贵阳银行(601997.SH) [20150105 , 20250827 )的数据...
  获取到 2192 条数据，保存到 /data/data_liy/quant/raw/stock_daily/601997.SH.csv
正在获取3863/5426 中信银行(601998.SH) [20150105 , 20250827 )的数据...
  获取到 2586 条数据，保存到 /data/data_liy/quant/raw/stock_daily/601998.SH.csv
正在获取3864/5426 出版传媒(601999.SH) [20150105 , 20250827 )的数据...
  获取到 2493 条数据，保存到 /data/data_liy/quant/raw/stock_daily/601999.SH.csv
正在获取3865/5426 人民网(603000.SH) [20150105 , 20250827 )的数据...
  获取到 2588 条数据，保存到 /data/data_liy/quant/raw/stock_daily/603000.SH.csv
正在获取3866/5426 奥康国际(603001.SH) [20150105 , 20250827 )的数据...
  获取到 2569 条数据，保存到 /data/data_liy/quant/raw/stock_daily/603001.SH.csv
正在获取3867/5426 宏昌电子(603002.SH) [20150105 , 20250827 )的数据...
  获取到 2562 条数据，保存到 /data/data_liy/quant/raw/stock_daily/603002.SH.csv
正在获取3868/5426 鼎龙科技(603004.SH) [20150105 , 20250827 )的数据...
  获取到 402 条数据，保存到 /data/data_liy/quant/raw/stock_daily/603004.SH.csv
正在获取3869/5426 晶方科技(603005.SH) [20150105 , 20250827 )的数据...
  获取到 2585 条数据，保存到 /data/data_liy/quant/raw/stock_daily/603005.SH.csv
正在获取3870/5426 联明股份(603006.SH) [20150105 , 20250827 )的数据...
  获取到 2521 条数据，保存到 /data/data_liy/quant/raw/stock_daily/603006.SH.csv
正在获取3871/5426 *ST花王(603007.SH) [20150105 , 20250827 )的数据...
HTTPConnectionPool(host='api.waditu.com', port=80): Max retries exceeded with url: /dataapi/daily (Caused by NameResolutionError("<urllib3.connection.HTTPConnection object at 0x7f6a045b7ee0>: Failed to resolve 'api.waditu.com' ([Errno -2] Name or service not known)"))
  获取到 2162 条数据，保存到 /data/data_liy/quant/raw/stock_daily/603007.SH.csv
正在获取3872/5426 喜临门(603008.SH) [20150105 , 20250827 )的数据...
  获取到 2533 条数据，保存到 /data/data_liy/quant/raw/stock_daily/603008.SH.csv
正在获取3873/5426 北特科技(603009.SH) [20150105 , 20250827 )的数据...
  获取到 2509 条数据，保存到 /data/data_liy/quant/raw/stock_daily/603009.SH.csv
正在获取3874/5426 万盛股份(603010.SH) [20150105 , 20250827 )的数据...
  获取到 2295 条数据，保存到 /data/data_liy/quant/raw/stock_daily/603010.SH.csv
正在获取3875/5426 合锻智能(603011.SH) [20150105 , 20250827 )的数据...
  获取到 2491 条数据，保存到 /data/data_liy/quant/raw/stock_daily/603011.SH.csv
正在获取3876/5426 创力集团(603012.SH) [20150105 , 20250827 )的数据...
  获取到 2534 条数据，保存到 /data/data_liy/quant/raw/stock_daily/603012.SH.csv
正在获取3877/5426 亚普股份(603013.SH) [20150105 , 20250827 )的数据...
  获取到 1774 条数据，保存到 /data/data_liy/quant/raw/stock_daily/603013.SH.csv
正在获取3878/5426 威高血净(603014.SH) [20150105 , 20250827 )的数据...
  获取到 70 条数据，保存到 /data/data_liy/quant/raw/stock_daily/603014.SH.csv
正在获取3879/5426 弘讯科技(603015.SH) [20150105 , 20250827 )的数据...
  获取到 2541 条数据，保存到 /data/data_liy/quant/raw/stock_daily/603015.SH.csv
正在获取3880/5426 新宏泰(603016.SH) [20150105 , 20250827 )的数据...
  获取到 2045 条数据，保存到 /data/data_liy/quant/raw/stock_daily/603016.SH.csv
正在获取3881/5426 中衡设计(603017.SH) [20150105 , 20250827 )的数据...
  获取到 2520 条数据，保存到 /data/data_liy/quant/raw/stock_daily/603017.SH.csv
正在获取3882/5426 华设集团(603018.SH) [20150105 , 20250827 )的数据...
  获取到 2527 条数据，保存到 /data/data_liy/quant/raw/stock_daily/603018.SH.csv
正在获取3883/5426 中科曙光(603019.SH) [20150105 , 20250827 )的数据...
  获取到 2562 条数据，保存到 /data/data_liy/quant/raw/stock_daily/603019.SH.csv
正在获取3884/5426 爱普股份(603020.SH) [20150105 , 20250827 )的数据...
  获取到 2536 条数据，保存到 /data/data_liy/quant/raw/stock_daily/603020.SH.csv
正在获取3885/5426 ST华鹏(603021.SH) [20150105 , 20250827 )的数据...
  获取到 2414 条数据，保存到 /data/data_liy/quant/raw/stock_daily/603021.SH.csv
正在获取3886/5426 新通联(603022.SH) [20150105 , 20250827 )的数据...
  获取到 2497 条数据，保存到 /data/data_liy/quant/raw/stock_daily/603022.SH.csv
正在获取3887/5426 威帝股份(603023.SH) [20150105 , 20250827 )的数据...
  获取到 2469 条数据，保存到 /data/data_liy/quant/raw/stock_daily/603023.SH.csv
正在获取3888/5426 大豪科技(603025.SH) [20150105 , 20250827 )的数据...
  获取到 2480 条数据，保存到 /data/data_liy/quant/raw/stock_daily/603025.SH.csv
正在获取3889/5426 石大胜华(603026.SH) [20150105 , 20250827 )的数据...
  获取到 2490 条数据，保存到 /data/data_liy/quant/raw/stock_daily/603026.SH.csv
正在获取3890/5426 千禾味业(603027.SH) [20150105 , 20250827 )的数据...
  获取到 2303 条数据，保存到 /data/data_liy/quant/raw/stock_daily/603027.SH.csv
正在获取3891/5426 赛福天(603028.SH) [20150105 , 20250827 )的数据...
  获取到 2266 条数据，保存到 /data/data_liy/quant/raw/stock_daily/603028.SH.csv
正在获取3892/5426 天鹅股份(603029.SH) [20150105 , 20250827 )的数据...
  获取到 2218 条数据，保存到 /data/data_liy/quant/raw/stock_daily/603029.SH.csv
正在获取3893/5426 全筑股份(603030.SH) [20150105 , 20250827 )的数据...
  获取到 2521 条数据，保存到 /data/data_liy/quant/raw/stock_daily/603030.SH.csv
正在获取3894/5426 安孚科技(603031.SH) [20150105 , 20250827 )的数据...
  获取到 2180 条数据，保存到 /data/data_liy/quant/raw/stock_daily/603031.SH.csv
正在获取3895/5426 德新科技(603032.SH) [20150105 , 20250827 )的数据...
  获取到 1943 条数据，保存到 /data/data_liy/quant/raw/stock_daily/603032.SH.csv
正在获取3896/5426 三维股份(603033.SH) [20150105 , 20250827 )的数据...
  获取到 2044 条数据，保存到 /data/data_liy/quant/raw/stock_daily/603033.SH.csv
正在获取3897/5426 常熟汽饰(603035.SH) [20150105 , 20250827 )的数据...
  获取到 2098 条数据，保存到 /data/data_liy/quant/raw/stock_daily/603035.SH.csv
正在获取3898/5426 如通股份(603036.SH) [20150105 , 20250827 )的数据...
  获取到 2111 条数据，保存到 /data/data_liy/quant/raw/stock_daily/603036.SH.csv
正在获取3899/5426 凯众股份(603037.SH) [20150105 , 20250827 )的数据...
  获取到 2087 条数据，保存到 /data/data_liy/quant/raw/stock_daily/603037.SH.csv
正在获取3900/5426 华立股份(603038.SH) [20150105 , 20250827 )的数据...
  获取到 2088 条数据，保存到 /data/data_liy/quant/raw/stock_daily/603038.SH.csv
正在获取3901/5426 泛微网络(603039.SH) [20150105 , 20250827 )的数据...
  获取到 2023 条数据，保存到 /data/data_liy/quant/raw/stock_daily/603039.SH.csv
正在获取3902/5426 新坐标(603040.SH) [20150105 , 20250827 )的数据...
  获取到 2077 条数据，保存到 /data/data_liy/quant/raw/stock_daily/603040.SH.csv
正在获取3903/5426 美思德(603041.SH) [20150105 , 20250827 )的数据...
  获取到 2043 条数据，保存到 /data/data_liy/quant/raw/stock_daily/603041.SH.csv
正在获取3904/5426 华脉科技(603042.SH) [20150105 , 20250827 )的数据...
  获取到 2000 条数据，保存到 /data/data_liy/quant/raw/stock_daily/603042.SH.csv
正在获取3905/5426 广州酒家(603043.SH) [20150105 , 20250827 )的数据...
  获取到 1985 条数据，保存到 /data/data_liy/quant/raw/stock_daily/603043.SH.csv
正在获取3906/5426 福达合金(603045.SH) [20150105 , 20250827 )的数据...
  获取到 1757 条数据，保存到 /data/data_liy/quant/raw/stock_daily/603045.SH.csv
正在获取3907/5426 浙江黎明(603048.SH) [20150105 , 20250827 )的数据...
  获取到 917 条数据，保存到 /data/data_liy/quant/raw/stock_daily/603048.SH.csv
正在获取3908/5426 中策橡胶(603049.SH) [20150105 , 20250827 )的数据...
  获取到 58 条数据，保存到 /data/data_liy/quant/raw/stock_daily/603049.SH.csv
正在获取3909/5426 科林电气(603050.SH) [20150105 , 20250827 )的数据...
  获取到 2033 条数据，保存到 /data/data_liy/quant/raw/stock_daily/603050.SH.csv
正在获取3910/5426 鹿山新材(603051.SH) [20150105 , 20250827 )的数据...
  获取到 830 条数据，保存到 /data/data_liy/quant/raw/stock_daily/603051.SH.csv
正在获取3911/5426 可川科技(603052.SH) [20150105 , 20250827 )的数据...
  获取到 700 条数据，保存到 /data/data_liy/quant/raw/stock_daily/603052.SH.csv
正在获取3912/5426 成都燃气(603053.SH) [20150105 , 20250827 )的数据...
  获取到 1380 条数据，保存到 /data/data_liy/quant/raw/stock_daily/603053.SH.csv
正在获取3913/5426 台华新材(603055.SH) [20150105 , 20250827 )的数据...
  获取到 1923 条数据，保存到 /data/data_liy/quant/raw/stock_daily/603055.SH.csv
正在获取3914/5426 德邦股份(603056.SH) [20150105 , 20250827 )的数据...
  获取到 1835 条数据，保存到 /data/data_liy/quant/raw/stock_daily/603056.SH.csv
正在获取3915/5426 紫燕食品(603057.SH) [20150105 , 20250827 )的数据...
  获取到 706 条数据，保存到 /data/data_liy/quant/raw/stock_daily/603057.SH.csv
正在获取3916/5426 永吉股份(603058.SH) [20150105 , 20250827 )的数据...
  获取到 2096 条数据，保存到 /data/data_liy/quant/raw/stock_daily/603058.SH.csv
正在获取3917/5426 倍加洁(603059.SH) [20150105 , 20250827 )的数据...
  获取到 1818 条数据，保存到 /data/data_liy/quant/raw/stock_daily/603059.SH.csv
正在获取3918/5426 国检集团(603060.SH) [20150105 , 20250827 )的数据...
  获取到 2138 条数据，保存到 /data/data_liy/quant/raw/stock_daily/603060.SH.csv
正在获取3919/5426 金海通(603061.SH) [20150105 , 20250827 )的数据...
  获取到 603 条数据，保存到 /data/data_liy/quant/raw/stock_daily/603061.SH.csv
正在获取3920/5426 麦加芯彩(603062.SH) [20150105 , 20250827 )的数据...
  获取到 438 条数据，保存到 /data/data_liy/quant/raw/stock_daily/603062.SH.csv
正在获取3921/5426 禾望电气(603063.SH) [20150105 , 20250827 )的数据...
  获取到 1962 条数据，保存到 /data/data_liy/quant/raw/stock_daily/603063.SH.csv
正在获取3922/5426 宿迁联盛(603065.SH) [20150105 , 20250827 )的数据...
  获取到 591 条数据，保存到 /data/data_liy/quant/raw/stock_daily/603065.SH.csv
正在获取3923/5426 音飞储存(603066.SH) [20150105 , 20250827 )的数据...
  获取到 2399 条数据，保存到 /data/data_liy/quant/raw/stock_daily/603066.SH.csv
正在获取3924/5426 振华股份(603067.SH) [20150105 , 20250827 )的数据...
  获取到 2159 条数据，保存到 /data/data_liy/quant/raw/stock_daily/603067.SH.csv
正在获取3925/5426 博通集成(603068.SH) [20150105 , 20250827 )的数据...
  获取到 1546 条数据，保存到 /data/data_liy/quant/raw/stock_daily/603068.SH.csv
正在获取3926/5426 海汽集团(603069.SH) [20150105 , 20250827 )的数据...
  获取到 2199 条数据，保存到 /data/data_liy/quant/raw/stock_daily/603069.SH.csv
正在获取3927/5426 万控智造(603070.SH) [20150105 , 20250827 )的数据...
  获取到 841 条数据，保存到 /data/data_liy/quant/raw/stock_daily/603070.SH.csv
正在获取3928/5426 物产环能(603071.SH) [20150105 , 20250827 )的数据...
  获取到 895 条数据，保存到 /data/data_liy/quant/raw/stock_daily/603071.SH.csv
正在获取3929/5426 天和磁材(603072.SH) [20150105 , 20250827 )的数据...
  获取到 156 条数据，保存到 /data/data_liy/quant/raw/stock_daily/603072.SH.csv
正在获取3930/5426 彩蝶实业(603073.SH) [20150105 , 20250827 )的数据...
  获取到 594 条数据，保存到 /data/data_liy/quant/raw/stock_daily/603073.SH.csv
正在获取3931/5426 热威股份(603075.SH) [20150105 , 20250827 )的数据...
  获取到 473 条数据，保存到 /data/data_liy/quant/raw/stock_daily/603075.SH.csv
正在获取3932/5426 乐惠国际(603076.SH) [20150105 , 20250827 )的数据...
  获取到 1891 条数据，保存到 /data/data_liy/quant/raw/stock_daily/603076.SH.csv
正在获取3933/5426 和邦生物(603077.SH) [20150105 , 20250827 )的数据...
  获取到 2560 条数据，保存到 /data/data_liy/quant/raw/stock_daily/603077.SH.csv
正在获取3934/5426 江化微(603078.SH) [20150105 , 20250827 )的数据...
  获取到 2036 条数据，保存到 /data/data_liy/quant/raw/stock_daily/603078.SH.csv
正在获取3935/5426 圣达生物(603079.SH) [20150105 , 20250827 )的数据...
  获取到 1906 条数据，保存到 /data/data_liy/quant/raw/stock_daily/603079.SH.csv
正在获取3936/5426 新疆火炬(603080.SH) [20150105 , 20250827 )的数据...
  获取到 1853 条数据，保存到 /data/data_liy/quant/raw/stock_daily/603080.SH.csv
正在获取3937/5426 大丰实业(603081.SH) [20150105 , 20250827 )的数据...
  获取到 2030 条数据，保存到 /data/data_liy/quant/raw/stock_daily/603081.SH.csv
正在获取3938/5426 北自科技(603082.SH) [20150105 , 20250827 )的数据...
  获取到 374 条数据，保存到 /data/data_liy/quant/raw/stock_daily/603082.SH.csv
正在获取3939/5426 剑桥科技(603083.SH) [20150105 , 20250827 )的数据...
  获取到 1892 条数据，保存到 /data/data_liy/quant/raw/stock_daily/603083.SH.csv
正在获取3940/5426 天成自控(603085.SH) [20150105 , 20250827 )的数据...
  获取到 2449 条数据，保存到 /data/data_liy/quant/raw/stock_daily/603085.SH.csv
正在获取3941/5426 先达股份(603086.SH) [20150105 , 20250827 )的数据...
  获取到 2016 条数据，保存到 /data/data_liy/quant/raw/stock_daily/603086.SH.csv
正在获取3942/5426 甘李药业(603087.SH) [20150105 , 20250827 )的数据...
  获取到 1254 条数据，保存到 /data/data_liy/quant/raw/stock_daily/603087.SH.csv
正在获取3943/5426 宁波精达(603088.SH) [20150105 , 20250827 )的数据...
  获取到 2571 条数据，保存到 /data/data_liy/quant/raw/stock_daily/603088.SH.csv
正在获取3944/5426 正裕工业(603089.SH) [20150105 , 20250827 )的数据...
  获取到 2083 条数据，保存到 /data/data_liy/quant/raw/stock_daily/603089.SH.csv
正在获取3945/5426 宏盛股份(603090.SH) [20150105 , 20250827 )的数据...
  获取到 2125 条数据，保存到 /data/data_liy/quant/raw/stock_daily/603090.SH.csv
正在获取3946/5426 众鑫股份(603091.SH) [20150105 , 20250827 )的数据...
  获取到 225 条数据，保存到 /data/data_liy/quant/raw/stock_daily/603091.SH.csv
正在获取3947/5426 南华期货(603093.SH) [20150105 , 20250827 )的数据...
  获取到 1451 条数据，保存到 /data/data_liy/quant/raw/stock_daily/603093.SH.csv
正在获取3948/5426 越剑智能(603095.SH) [20150105 , 20250827 )的数据...
  获取到 1302 条数据，保存到 /data/data_liy/quant/raw/stock_daily/603095.SH.csv
正在获取3949/5426 新经典(603096.SH) [20150105 , 20250827 )的数据...
  获取到 2027 条数据，保存到 /data/data_liy/quant/raw/stock_daily/603096.SH.csv
正在获取3950/5426 江苏华辰(603097.SH) [20150105 , 20250827 )的数据...
  获取到 801 条数据，保存到 /data/data_liy/quant/raw/stock_daily/603097.SH.csv
正在获取3951/5426 森特股份(603098.SH) [20150105 , 20250827 )的数据...
  获取到 2110 条数据，保存到 /data/data_liy/quant/raw/stock_daily/603098.SH.csv
正在获取3952/5426 长白山(603099.SH) [20150105 , 20250827 )的数据...
  获取到 2588 条数据，保存到 /data/data_liy/quant/raw/stock_daily/603099.SH.csv
正在获取3953/5426 川仪股份(603100.SH) [20150105 , 20250827 )的数据...
  获取到 2550 条数据，保存到 /data/data_liy/quant/raw/stock_daily/603100.SH.csv
正在获取3954/5426 汇嘉时代(603101.SH) [20150105 , 20250827 )的数据...
  获取到 2262 条数据，保存到 /data/data_liy/quant/raw/stock_daily/603101.SH.csv
正在获取3955/5426 百合股份(603102.SH) [20150105 , 20250827 )的数据...
  获取到 868 条数据，保存到 /data/data_liy/quant/raw/stock_daily/603102.SH.csv
正在获取3956/5426 横店影视(603103.SH) [20150105 , 20250827 )的数据...
  获取到 1913 条数据，保存到 /data/data_liy/quant/raw/stock_daily/603103.SH.csv
正在获取3957/5426 芯能科技(603105.SH) [20150105 , 20250827 )的数据...
  获取到 1732 条数据，保存到 /data/data_liy/quant/raw/stock_daily/603105.SH.csv
正在获取3958/5426 恒银科技(603106.SH) [20150105 , 20250827 )的数据...
  获取到 1923 条数据，保存到 /data/data_liy/quant/raw/stock_daily/603106.SH.csv
正在获取3959/5426 上海汽配(603107.SH) [20150105 , 20250827 )的数据...
  获取到 442 条数据，保存到 /data/data_liy/quant/raw/stock_daily/603107.SH.csv
正在获取3960/5426 润达医疗(603108.SH) [20150105 , 20250827 )的数据...
  获取到 2356 条数据，保存到 /data/data_liy/quant/raw/stock_daily/603108.SH.csv
正在获取3961/5426 神驰机电(603109.SH) [20150105 , 20250827 )的数据...
  获取到 1370 条数据，保存到 /data/data_liy/quant/raw/stock_daily/603109.SH.csv
正在获取3962/5426 东方材料(603110.SH) [20150105 , 20250827 )的数据...
  获取到 1910 条数据，保存到 /data/data_liy/quant/raw/stock_daily/603110.SH.csv
正在获取3963/5426 康尼机电(603111.SH) [20150105 , 20250827 )的数据...
  获取到 2398 条数据，保存到 /data/data_liy/quant/raw/stock_daily/603111.SH.csv
正在获取3964/5426 华翔股份(603112.SH) [20150105 , 20250827 )的数据...
  获取到 1196 条数据，保存到 /data/data_liy/quant/raw/stock_daily/603112.SH.csv
正在获取3965/5426 金能科技(603113.SH) [20150105 , 20250827 )的数据...
  获取到 2016 条数据，保存到 /data/data_liy/quant/raw/stock_daily/603113.SH.csv
正在获取3966/5426 海星股份(603115.SH) [20150105 , 20250827 )的数据...
  获取到 1466 条数据，保存到 /data/data_liy/quant/raw/stock_daily/603115.SH.csv
正在获取3967/5426 红蜻蜓(603116.SH) [20150105 , 20250827 )的数据...
  获取到 2468 条数据，保存到 /data/data_liy/quant/raw/stock_daily/603116.SH.csv
正在获取3968/5426 万林物流(603117.SH) [20150105 , 20250827 )的数据...
  获取到 2455 条数据，保存到 /data/data_liy/quant/raw/stock_daily/603117.SH.csv
正在获取3969/5426 共进股份(603118.SH) [20150105 , 20250827 )的数据...
  获取到 2524 条数据，保存到 /data/data_liy/quant/raw/stock_daily/603118.SH.csv
正在获取3970/5426 浙江荣泰(603119.SH) [20150105 , 20250827 )的数据...
  获取到 502 条数据，保存到 /data/data_liy/quant/raw/stock_daily/603119.SH.csv
正在获取3971/5426 肯特催化(603120.SH) [20150105 , 20250827 )的数据...
  获取到 90 条数据，保存到 /data/data_liy/quant/raw/stock_daily/603120.SH.csv
正在获取3972/5426 华培动力(603121.SH) [20150105 , 20250827 )的数据...
  获取到 1606 条数据，保存到 /data/data_liy/quant/raw/stock_daily/603121.SH.csv
正在获取3973/5426 合富中国(603122.SH) [20150105 , 20250827 )的数据...
  获取到 857 条数据，保存到 /data/data_liy/quant/raw/stock_daily/603122.SH.csv
正在获取3974/5426 翠微股份(603123.SH) [20150105 , 20250827 )的数据...
  获取到 2577 条数据，保存到 /data/data_liy/quant/raw/stock_daily/603123.SH.csv
正在获取3975/5426 江南新材(603124.SH) [20150105 , 20250827 )的数据...
  获取到 108 条数据，保存到 /data/data_liy/quant/raw/stock_daily/603124.SH.csv
正在获取3976/5426 常青科技(603125.SH) [20150105 , 20250827 )的数据...
  获取到 578 条数据，保存到 /data/data_liy/quant/raw/stock_daily/603125.SH.csv
正在获取3977/5426 中材节能(603126.SH) [20150105 , 20250827 )的数据...
  获取到 2528 条数据，保存到 /data/data_liy/quant/raw/stock_daily/603126.SH.csv
正在获取3978/5426 昭衍新药(603127.SH) [20150105 , 20250827 )的数据...
  获取到 1942 条数据，保存到 /data/data_liy/quant/raw/stock_daily/603127.SH.csv
正在获取3979/5426 华贸物流(603128.SH) [20150105 , 20250827 )的数据...
  获取到 2472 条数据，保存到 /data/data_liy/quant/raw/stock_daily/603128.SH.csv
正在获取3980/5426 春风动力(603129.SH) [20150105 , 20250827 )的数据...
  获取到 1947 条数据，保存到 /data/data_liy/quant/raw/stock_daily/603129.SH.csv
正在获取3981/5426 云中马(603130.SH) [20150105 , 20250827 )的数据...
  获取到 672 条数据，保存到 /data/data_liy/quant/raw/stock_daily/603130.SH.csv
正在获取3982/5426 上海沪工(603131.SH) [20150105 , 20250827 )的数据...
  获取到 2151 条数据，保存到 /data/data_liy/quant/raw/stock_daily/603131.SH.csv
正在获取3983/5426 金徽股份(603132.SH) [20150105 , 20250827 )的数据...
  获取到 853 条数据，保存到 /data/data_liy/quant/raw/stock_daily/603132.SH.csv
正在获取3984/5426 中重科技(603135.SH) [20150105 , 20250827 )的数据...
  获取到 578 条数据，保存到 /data/data_liy/quant/raw/stock_daily/603135.SH.csv
正在获取3985/5426 天目湖(603136.SH) [20150105 , 20250827 )的数据...
  获取到 1919 条数据，保存到 /data/data_liy/quant/raw/stock_daily/603136.SH.csv
正在获取3986/5426 恒尚节能(603137.SH) [20150105 , 20250827 )的数据...
  获取到 571 条数据，保存到 /data/data_liy/quant/raw/stock_daily/603137.SH.csv
正在获取3987/5426 海量数据(603138.SH) [20150105 , 20250827 )的数据...
  获取到 2061 条数据，保存到 /data/data_liy/quant/raw/stock_daily/603138.SH.csv
正在获取3988/5426 康惠制药(603139.SH) [20150105 , 20250827 )的数据...
  获取到 2027 条数据，保存到 /data/data_liy/quant/raw/stock_daily/603139.SH.csv
正在获取3989/5426 万朗磁塑(603150.SH) [20150105 , 20250827 )的数据...
  获取到 869 条数据，保存到 /data/data_liy/quant/raw/stock_daily/603150.SH.csv
正在获取3990/5426 邦基科技(603151.SH) [20150105 , 20250827 )的数据...
  获取到 686 条数据，保存到 /data/data_liy/quant/raw/stock_daily/603151.SH.csv
正在获取3991/5426 上海建科(603153.SH) [20150105 , 20250827 )的数据...
  获取到 597 条数据，保存到 /data/data_liy/quant/raw/stock_daily/603153.SH.csv
正在获取3992/5426 新亚强(603155.SH) [20150105 , 20250827 )的数据...
  获取到 1208 条数据，保存到 /data/data_liy/quant/raw/stock_daily/603155.SH.csv
正在获取3993/5426 养元饮品(603156.SH) [20150105 , 20250827 )的数据...
  获取到 1827 条数据，保存到 /data/data_liy/quant/raw/stock_daily/603156.SH.csv
正在获取3994/5426 腾龙股份(603158.SH) [20150105 , 20250827 )的数据...
  获取到 2500 条数据，保存到 /data/data_liy/quant/raw/stock_daily/603158.SH.csv
正在获取3995/5426 上海亚虹(603159.SH) [20150105 , 20250827 )的数据...
  获取到 2192 条数据，保存到 /data/data_liy/quant/raw/stock_daily/603159.SH.csv
正在获取3996/5426 汇顶科技(603160.SH) [20150105 , 20250827 )的数据...
  获取到 2145 条数据，保存到 /data/data_liy/quant/raw/stock_daily/603160.SH.csv
正在获取3997/5426 科华控股(603161.SH) [20150105 , 20250827 )的数据...
  获取到 1838 条数据，保存到 /data/data_liy/quant/raw/stock_daily/603161.SH.csv
正在获取3998/5426 海通发展(603162.SH) [20150105 , 20250827 )的数据...
  获取到 585 条数据，保存到 /data/data_liy/quant/raw/stock_daily/603162.SH.csv
正在获取3999/5426 圣晖集成(603163.SH) [20150105 , 20250827 )的数据...
  获取到 698 条数据，保存到 /data/data_liy/quant/raw/stock_daily/603163.SH.csv
正在获取4000/5426 荣晟环保(603165.SH) [20150105 , 20250827 )的数据...
  获取到 2089 条数据，保存到 /data/data_liy/quant/raw/stock_daily/603165.SH.csv
正在获取4001/5426 福达股份(603166.SH) [20150105 , 20250827 )的数据...
  获取到 2585 条数据，保存到 /data/data_liy/quant/raw/stock_daily/603166.SH.csv
正在获取4002/5426 渤海轮渡(603167.SH) [20150105 , 20250827 )的数据...
  获取到 2588 条数据，保存到 /data/data_liy/quant/raw/stock_daily/603167.SH.csv
正在获取4003/5426 莎普爱思(603168.SH) [20150105 , 20250827 )的数据...
  获取到 2562 条数据，保存到 /data/data_liy/quant/raw/stock_daily/603168.SH.csv
正在获取4004/5426 兰石重装(603169.SH) [20150105 , 20250827 )的数据...
  获取到 2494 条数据，保存到 /data/data_liy/quant/raw/stock_daily/603169.SH.csv
正在获取4005/5426 宝立食品(603170.SH) [20150105 , 20250827 )的数据...
  获取到 756 条数据，保存到 /data/data_liy/quant/raw/stock_daily/603170.SH.csv
正在获取4006/5426 税友股份(603171.SH) [20150105 , 20250827 )的数据...
  获取到 1009 条数据，保存到 /data/data_liy/quant/raw/stock_daily/603171.SH.csv
正在获取4007/5426 万丰股份(603172.SH) [20150105 , 20250827 )的数据...
  获取到 559 条数据，保存到 /data/data_liy/quant/raw/stock_daily/603172.SH.csv
正在获取4008/5426 福斯达(603173.SH) [20150105 , 20250827 )的数据...
  获取到 627 条数据，保存到 /data/data_liy/quant/raw/stock_daily/603173.SH.csv
正在获取4009/5426 汇通集团(603176.SH) [20150105 , 20250827 )的数据...
  获取到 884 条数据，保存到 /data/data_liy/quant/raw/stock_daily/603176.SH.csv
正在获取4010/5426 德创环保(603177.SH) [20150105 , 20250827 )的数据...
  获取到 2075 条数据，保存到 /data/data_liy/quant/raw/stock_daily/603177.SH.csv
正在获取4011/5426 圣龙股份(603178.SH) [20150105 , 20250827 )的数据...
  获取到 2045 条数据，保存到 /data/data_liy/quant/raw/stock_daily/603178.SH.csv
正在获取4012/5426 新泉股份(603179.SH) [20150105 , 20250827 )的数据...
  获取到 2052 条数据，保存到 /data/data_liy/quant/raw/stock_daily/603179.SH.csv
正在获取4013/5426 金牌家居(603180.SH) [20150105 , 20250827 )的数据...
  获取到 2015 条数据，保存到 /data/data_liy/quant/raw/stock_daily/603180.SH.csv
正在获取4014/5426 皇马科技(603181.SH) [20150105 , 20250827 )的数据...
  获取到 1943 条数据，保存到 /data/data_liy/quant/raw/stock_daily/603181.SH.csv
正在获取4015/5426 嘉华股份(603182.SH) [20150105 , 20250827 )的数据...
  获取到 716 条数据，保存到 /data/data_liy/quant/raw/stock_daily/603182.SH.csv
正在获取4016/5426 建研院(603183.SH) [20150105 , 20250827 )的数据...
  获取到 1929 条数据，保存到 /data/data_liy/quant/raw/stock_daily/603183.SH.csv
正在获取4017/5426 弘元绿能(603185.SH) [20150105 , 20250827 )的数据...
  获取到 1614 条数据，保存到 /data/data_liy/quant/raw/stock_daily/603185.SH.csv
正在获取4018/5426 华正新材(603186.SH) [20150105 , 20250827 )的数据...
  获取到 2100 条数据，保存到 /data/data_liy/quant/raw/stock_daily/603186.SH.csv
正在获取4019/5426 海容冷链(603187.SH) [20150105 , 20250827 )的数据...
  获取到 1635 条数据，保存到 /data/data_liy/quant/raw/stock_daily/603187.SH.csv
正在获取4020/5426 亚邦股份(603188.SH) [20150105 , 20250827 )的数据...
  获取到 2503 条数据，保存到 /data/data_liy/quant/raw/stock_daily/603188.SH.csv
正在获取4021/5426 网达软件(603189.SH) [20150105 , 20250827 )的数据...
  获取到 2170 条数据，保存到 /data/data_liy/quant/raw/stock_daily/603189.SH.csv
正在获取4022/5426 亚通精工(603190.SH) [20150105 , 20250827 )的数据...
  获取到 613 条数据，保存到 /data/data_liy/quant/raw/stock_daily/603190.SH.csv
正在获取4023/5426 望变电气(603191.SH) [20150105 , 20250827 )的数据...
  获取到 808 条数据，保存到 /data/data_liy/quant/raw/stock_daily/603191.SH.csv
正在获取4024/5426 汇得科技(603192.SH) [20150105 , 20250827 )的数据...
  获取到 1696 条数据，保存到 /data/data_liy/quant/raw/stock_daily/603192.SH.csv
正在获取4025/5426 润本股份(603193.SH) [20150105 , 20250827 )的数据...
  获取到 453 条数据，保存到 /data/data_liy/quant/raw/stock_daily/603193.SH.csv
正在获取4026/5426 中力股份(603194.SH) [20150105 , 20250827 )的数据...
  获取到 163 条数据，保存到 /data/data_liy/quant/raw/stock_daily/603194.SH.csv
正在获取4027/5426 公牛集团(603195.SH) [20150105 , 20250827 )的数据...
  获取到 1350 条数据，保存到 /data/data_liy/quant/raw/stock_daily/603195.SH.csv
正在获取4028/5426 日播时尚(603196.SH) [20150105 , 20250827 )的数据...
  获取到 1984 条数据，保存到 /data/data_liy/quant/raw/stock_daily/603196.SH.csv
正在获取4029/5426 保隆科技(603197.SH) [20150105 , 20250827 )的数据...
  获取到 2010 条数据，保存到 /data/data_liy/quant/raw/stock_daily/603197.SH.csv
正在获取4030/5426 迎驾贡酒(603198.SH) [20150105 , 20250827 )的数据...
  获取到 2492 条数据，保存到 /data/data_liy/quant/raw/stock_daily/603198.SH.csv
正在获取4031/5426 九华旅游(603199.SH) [20150105 , 20250827 )的数据...
  获取到 2535 条数据，保存到 /data/data_liy/quant/raw/stock_daily/603199.SH.csv
正在获取4032/5426 上海洗霸(603200.SH) [20150105 , 20250827 )的数据...
  获取到 2003 条数据，保存到 /data/data_liy/quant/raw/stock_daily/603200.SH.csv
正在获取4033/5426 常润股份(603201.SH) [20150105 , 20250827 )的数据...
  获取到 746 条数据，保存到 /data/data_liy/quant/raw/stock_daily/603201.SH.csv
正在获取4034/5426 天有为(603202.SH) [20150105 , 20250827 )的数据...
  获取到 84 条数据，保存到 /data/data_liy/quant/raw/stock_daily/603202.SH.csv
正在获取4035/5426 快克智能(603203.SH) [20150105 , 20250827 )的数据...
  获取到 2139 条数据，保存到 /data/data_liy/quant/raw/stock_daily/603203.SH.csv
正在获取4036/5426 健尔康(603205.SH) [20150105 , 20250827 )的数据...
  获取到 196 条数据，保存到 /data/data_liy/quant/raw/stock_daily/603205.SH.csv
正在获取4037/5426 嘉环科技(603206.SH) [20150105 , 20250827 )的数据...
  获取到 805 条数据，保存到 /data/data_liy/quant/raw/stock_daily/603206.SH.csv
正在获取4038/5426 小方制药(603207.SH) [20150105 , 20250827 )的数据...
  获取到 242 条数据，保存到 /data/data_liy/quant/raw/stock_daily/603207.SH.csv
正在获取4039/5426 江山欧派(603208.SH) [20150105 , 20250827 )的数据...
  获取到 2077 条数据，保存到 /data/data_liy/quant/raw/stock_daily/603208.SH.csv
正在获取4040/5426 兴通股份(603209.SH) [20150105 , 20250827 )的数据...
  获取到 831 条数据，保存到 /data/data_liy/quant/raw/stock_daily/603209.SH.csv
正在获取4041/5426 泰鸿万立(603210.SH) [20150105 , 20250827 )的数据...
  获取到 95 条数据，保存到 /data/data_liy/quant/raw/stock_daily/603210.SH.csv
正在获取4042/5426 晋拓股份(603211.SH) [20150105 , 20250827 )的数据...
  获取到 750 条数据，保存到 /data/data_liy/quant/raw/stock_daily/603211.SH.csv
正在获取4043/5426 赛伍技术(603212.SH) [20150105 , 20250827 )的数据...
  获取到 1291 条数据，保存到 /data/data_liy/quant/raw/stock_daily/603212.SH.csv
正在获取4044/5426 镇洋发展(603213.SH) [20150105 , 20250827 )的数据...
  获取到 916 条数据，保存到 /data/data_liy/quant/raw/stock_daily/603213.SH.csv
正在获取4045/5426 爱婴室(603214.SH) [20150105 , 20250827 )的数据...
  获取到 1798 条数据，保存到 /data/data_liy/quant/raw/stock_daily/603214.SH.csv
正在获取4046/5426 比依股份(603215.SH) [20150105 , 20250827 )的数据...
  获取到 855 条数据，保存到 /data/data_liy/quant/raw/stock_daily/603215.SH.csv
正在获取4047/5426 梦天家居(603216.SH) [20150105 , 20250827 )的数据...
  获取到 896 条数据，保存到 /data/data_liy/quant/raw/stock_daily/603216.SH.csv
正在获取4048/5426 元利科技(603217.SH) [20150105 , 20250827 )的数据...
  获取到 1502 条数据，保存到 /data/data_liy/quant/raw/stock_daily/603217.SH.csv
正在获取4049/5426 日月股份(603218.SH) [20150105 , 20250827 )的数据...
  获取到 2103 条数据，保存到 /data/data_liy/quant/raw/stock_daily/603218.SH.csv
正在获取4050/5426 富佳股份(603219.SH) [20150105 , 20250827 )的数据...
  获取到 913 条数据，保存到 /data/data_liy/quant/raw/stock_daily/603219.SH.csv
正在获取4051/5426 中贝通信(603220.SH) [20150105 , 20250827 )的数据...
  获取到 1645 条数据，保存到 /data/data_liy/quant/raw/stock_daily/603220.SH.csv
正在获取4052/5426 爱丽家居(603221.SH) [20150105 , 20250827 )的数据...
  获取到 1318 条数据，保存到 /data/data_liy/quant/raw/stock_daily/603221.SH.csv
正在获取4053/5426 济民健康(603222.SH) [20150105 , 20250827 )的数据...
  获取到 2503 条数据，保存到 /data/data_liy/quant/raw/stock_daily/603222.SH.csv
正在获取4054/5426 恒通股份(603223.SH) [20150105 , 20250827 )的数据...
  获取到 2457 条数据，保存到 /data/data_liy/quant/raw/stock_daily/603223.SH.csv
正在获取4055/5426 新凤鸣(603225.SH) [20150105 , 20250827 )的数据...
  获取到 2032 条数据，保存到 /data/data_liy/quant/raw/stock_daily/603225.SH.csv
正在获取4056/5426 菲林格尔(603226.SH) [20150105 , 20250827 )的数据...
  获取到 1987 条数据，保存到 /data/data_liy/quant/raw/stock_daily/603226.SH.csv
正在获取4057/5426 雪峰科技(603227.SH) [20150105 , 20250827 )的数据...
  获取到 2442 条数据，保存到 /data/data_liy/quant/raw/stock_daily/603227.SH.csv
正在获取4058/5426 景旺电子(603228.SH) [20150105 , 20250827 )的数据...
  获取到 2097 条数据，保存到 /data/data_liy/quant/raw/stock_daily/603228.SH.csv
正在获取4059/5426 奥翔药业(603229.SH) [20150105 , 20250827 )的数据...
  获取到 2018 条数据，保存到 /data/data_liy/quant/raw/stock_daily/603229.SH.csv
正在获取4060/5426 内蒙新华(603230.SH) [20150105 , 20250827 )的数据...
  获取到 889 条数据，保存到 /data/data_liy/quant/raw/stock_daily/603230.SH.csv
正在获取4061/5426 索宝蛋白(603231.SH) [20150105 , 20250827 )的数据...
  获取到 410 条数据，保存到 /data/data_liy/quant/raw/stock_daily/603231.SH.csv
正在获取4062/5426 格尔软件(603232.SH) [20150105 , 20250827 )的数据...
  获取到 2029 条数据，保存到 /data/data_liy/quant/raw/stock_daily/603232.SH.csv
正在获取4063/5426 大参林(603233.SH) [20150105 , 20250827 )的数据...
  获取到 1961 条数据，保存到 /data/data_liy/quant/raw/stock_daily/603233.SH.csv
正在获取4064/5426 天新药业(603235.SH) [20150105 , 20250827 )的数据...
  获取到 759 条数据，保存到 /data/data_liy/quant/raw/stock_daily/603235.SH.csv
正在获取4065/5426 移远通信(603236.SH) [20150105 , 20250827 )的数据...
HTTPConnectionPool(host='api.waditu.com', port=80): Max retries exceeded with url: /dataapi/daily (Caused by NameResolutionError("<urllib3.connection.HTTPConnection object at 0x7f6a045d0b20>: Failed to resolve 'api.waditu.com' ([Errno -2] Name or service not known)"))
  获取到 1484 条数据，保存到 /data/data_liy/quant/raw/stock_daily/603236.SH.csv
正在获取4066/5426 五芳斋(603237.SH) [20150105 , 20250827 )的数据...
  获取到 723 条数据，保存到 /data/data_liy/quant/raw/stock_daily/603237.SH.csv
正在获取4067/5426 诺邦股份(603238.SH) [20150105 , 20250827 )的数据...
  获取到 1999 条数据，保存到 /data/data_liy/quant/raw/stock_daily/603238.SH.csv
正在获取4068/5426 浙江仙通(603239.SH) [20150105 , 20250827 )的数据...
  获取到 2100 条数据，保存到 /data/data_liy/quant/raw/stock_daily/603239.SH.csv
正在获取4069/5426 鼎际得(603255.SH) [20150105 , 20250827 )的数据...
  获取到 732 条数据，保存到 /data/data_liy/quant/raw/stock_daily/603255.SH.csv
正在获取4070/5426 宏和科技(603256.SH) [20150105 , 20250827 )的数据...
  获取到 1481 条数据，保存到 /data/data_liy/quant/raw/stock_daily/603256.SH.csv
正在获取4071/5426 中国瑞林(603257.SH) [20150105 , 20250827 )的数据...
  获取到 96 条数据，保存到 /data/data_liy/quant/raw/stock_daily/603257.SH.csv
正在获取4072/5426 电魂网络(603258.SH) [20150105 , 20250827 )的数据...
  获取到 2148 条数据，保存到 /data/data_liy/quant/raw/stock_daily/603258.SH.csv
正在获取4073/5426 药明康德(603259.SH) [20150105 , 20250827 )的数据...
  获取到 1775 条数据，保存到 /data/data_liy/quant/raw/stock_daily/603259.SH.csv
正在获取4074/5426 合盛硅业(603260.SH) [20150105 , 20250827 )的数据...
  获取到 1901 条数据，保存到 /data/data_liy/quant/raw/stock_daily/603260.SH.csv
正在获取4075/5426 *ST立航(603261.SH) [20150105 , 20250827 )的数据...
  获取到 837 条数据，保存到 /data/data_liy/quant/raw/stock_daily/603261.SH.csv
正在获取4076/5426 技源集团(603262.SH) [20150105 , 20250827 )的数据...
  获取到 24 条数据，保存到 /data/data_liy/quant/raw/stock_daily/603262.SH.csv
正在获取4077/5426 天龙股份(603266.SH) [20150105 , 20250827 )的数据...
  获取到 2095 条数据，保存到 /data/data_liy/quant/raw/stock_daily/603266.SH.csv
正在获取4078/5426 鸿远电子(603267.SH) [20150105 , 20250827 )的数据...
  获取到 1527 条数据，保存到 /data/data_liy/quant/raw/stock_daily/603267.SH.csv
正在获取4079/5426 *ST松发(603268.SH) [20150105 , 20250827 )的数据...
  获取到 2402 条数据，保存到 /data/data_liy/quant/raw/stock_daily/603268.SH.csv
正在获取4080/5426 海鸥股份(603269.SH) [20150105 , 20250827 )的数据...
  获取到 2006 条数据，保存到 /data/data_liy/quant/raw/stock_daily/603269.SH.csv
正在获取4081/5426 金帝股份(603270.SH) [20150105 , 20250827 )的数据...
  获取到 479 条数据，保存到 /data/data_liy/quant/raw/stock_daily/603270.SH.csv
正在获取4082/5426 永杰新材(603271.SH) [20150105 , 20250827 )的数据...
  获取到 115 条数据，保存到 /data/data_liy/quant/raw/stock_daily/603271.SH.csv
正在获取4083/5426 联翔股份(603272.SH) [20150105 , 20250827 )的数据...
  获取到 795 条数据，保存到 /data/data_liy/quant/raw/stock_daily/603272.SH.csv
正在获取4084/5426 天元智能(603273.SH) [20150105 , 20250827 )的数据...
  获取到 449 条数据，保存到 /data/data_liy/quant/raw/stock_daily/603273.SH.csv
正在获取4085/5426 众辰科技(603275.SH) [20150105 , 20250827 )的数据...
  获取到 486 条数据，保存到 /data/data_liy/quant/raw/stock_daily/603275.SH.csv
正在获取4086/5426 恒兴新材(603276.SH) [20150105 , 20250827 )的数据...
  获取到 463 条数据，保存到 /data/data_liy/quant/raw/stock_daily/603276.SH.csv
正在获取4087/5426 银都股份(603277.SH) [20150105 , 20250827 )的数据...
  获取到 1931 条数据，保存到 /data/data_liy/quant/raw/stock_daily/603277.SH.csv
正在获取4088/5426 大业股份(603278.SH) [20150105 , 20250827 )的数据...
  获取到 1891 条数据，保存到 /data/data_liy/quant/raw/stock_daily/603278.SH.csv
正在获取4089/5426 景津装备(603279.SH) [20150105 , 20250827 )的数据...
  获取到 1475 条数据，保存到 /data/data_liy/quant/raw/stock_daily/603279.SH.csv
正在获取4090/5426 南方路机(603280.SH) [20150105 , 20250827 )的数据...
  获取到 680 条数据，保存到 /data/data_liy/quant/raw/stock_daily/603280.SH.csv
正在获取4091/5426 江瀚新材(603281.SH) [20150105 , 20250827 )的数据...
  获取到 626 条数据，保存到 /data/data_liy/quant/raw/stock_daily/603281.SH.csv
正在获取4092/5426 亚光股份(603282.SH) [20150105 , 20250827 )的数据...
  获取到 595 条数据，保存到 /data/data_liy/quant/raw/stock_daily/603282.SH.csv
正在获取4093/5426 赛腾股份(603283.SH) [20150105 , 20250827 )的数据...
  获取到 1855 条数据，保存到 /data/data_liy/quant/raw/stock_daily/603283.SH.csv
正在获取4094/5426 键邦股份(603285.SH) [20150105 , 20250827 )的数据...
  获取到 278 条数据，保存到 /data/data_liy/quant/raw/stock_daily/603285.SH.csv
正在获取4095/5426 日盈电子(603286.SH) [20150105 , 20250827 )的数据...
  获取到 1966 条数据，保存到 /data/data_liy/quant/raw/stock_daily/603286.SH.csv
正在获取4096/5426 海天味业(603288.SH) [20150105 , 20250827 )的数据...
  获取到 2588 条数据，保存到 /data/data_liy/quant/raw/stock_daily/603288.SH.csv
正在获取4097/5426 泰瑞机器(603289.SH) [20150105 , 20250827 )的数据...
  获取到 1900 条数据，保存到 /data/data_liy/quant/raw/stock_daily/603289.SH.csv
正在获取4098/5426 斯达半导(603290.SH) [20150105 , 20250827 )的数据...
  获取到 1352 条数据，保存到 /data/data_liy/quant/raw/stock_daily/603290.SH.csv
正在获取4099/5426 联合水务(603291.SH) [20150105 , 20250827 )的数据...
  获取到 587 条数据，保存到 /data/data_liy/quant/raw/stock_daily/603291.SH.csv
正在获取4100/5426 华勤技术(603296.SH) [20150105 , 20250827 )的数据...
  获取到 497 条数据，保存到 /data/data_liy/quant/raw/stock_daily/603296.SH.csv
正在获取4101/5426 永新光学(603297.SH) [20150105 , 20250827 )的数据...
  获取到 1687 条数据，保存到 /data/data_liy/quant/raw/stock_daily/603297.SH.csv
正在获取4102/5426 杭叉集团(603298.SH) [20150105 , 20250827 )的数据...
  获取到 2104 条数据，保存到 /data/data_liy/quant/raw/stock_daily/603298.SH.csv
正在获取4103/5426 苏盐井神(603299.SH) [20150105 , 20250827 )的数据...
  获取到 2224 条数据，保存到 /data/data_liy/quant/raw/stock_daily/603299.SH.csv
正在获取4104/5426 海南华铁(603300.SH) [20150105 , 20250827 )的数据...
  获取到 2468 条数据，保存到 /data/data_liy/quant/raw/stock_daily/603300.SH.csv
正在获取4105/5426 振德医疗(603301.SH) [20150105 , 20250827 )的数据...
  获取到 1791 条数据，保存到 /data/data_liy/quant/raw/stock_daily/603301.SH.csv
正在获取4106/5426 得邦照明(603303.SH) [20150105 , 20250827 )的数据...
  获取到 2043 条数据，保存到 /data/data_liy/quant/raw/stock_daily/603303.SH.csv
正在获取4107/5426 旭升集团(603305.SH) [20150105 , 20250827 )的数据...
  获取到 1971 条数据，保存到 /data/data_liy/quant/raw/stock_daily/603305.SH.csv
正在获取4108/5426 华懋科技(603306.SH) [20150105 , 20250827 )的数据...
  获取到 2553 条数据，保存到 /data/data_liy/quant/raw/stock_daily/603306.SH.csv
正在获取4109/5426 扬州金泉(603307.SH) [20150105 , 20250827 )的数据...
  获取到 614 条数据，保存到 /data/data_liy/quant/raw/stock_daily/603307.SH.csv
正在获取4110/5426 应流股份(603308.SH) [20150105 , 20250827 )的数据...
  获取到 2520 条数据，保存到 /data/data_liy/quant/raw/stock_daily/603308.SH.csv
正在获取4111/5426 维力医疗(603309.SH) [20150105 , 20250827 )的数据...
  获取到 2484 条数据，保存到 /data/data_liy/quant/raw/stock_daily/603309.SH.csv
正在获取4112/5426 巍华新材(603310.SH) [20150105 , 20250827 )的数据...
  获取到 250 条数据，保存到 /data/data_liy/quant/raw/stock_daily/603310.SH.csv
正在获取4113/5426 金海高科(603311.SH) [20150105 , 20250827 )的数据...
  获取到 2495 条数据，保存到 /data/data_liy/quant/raw/stock_daily/603311.SH.csv
正在获取4114/5426 西典新能(603312.SH) [20150105 , 20250827 )的数据...
  获取到 392 条数据，保存到 /data/data_liy/quant/raw/stock_daily/603312.SH.csv
正在获取4115/5426 梦百合(603313.SH) [20150105 , 20250827 )的数据...
  获取到 2157 条数据，保存到 /data/data_liy/quant/raw/stock_daily/603313.SH.csv
正在获取4116/5426 福鞍股份(603315.SH) [20150105 , 20250827 )的数据...
  获取到 2423 条数据，保存到 /data/data_liy/quant/raw/stock_daily/603315.SH.csv
正在获取4117/5426 诚邦股份(603316.SH) [20150105 , 20250827 )的数据...
  获取到 1991 条数据，保存到 /data/data_liy/quant/raw/stock_daily/603316.SH.csv
正在获取4118/5426 天味食品(603317.SH) [20150105 , 20250827 )的数据...
  获取到 1545 条数据，保存到 /data/data_liy/quant/raw/stock_daily/603317.SH.csv
正在获取4119/5426 水发燃气(603318.SH) [20150105 , 20250827 )的数据...
  获取到 2336 条数据，保存到 /data/data_liy/quant/raw/stock_daily/603318.SH.csv
正在获取4120/5426 美湖股份(603319.SH) [20150105 , 20250827 )的数据...
  获取到 2123 条数据，保存到 /data/data_liy/quant/raw/stock_daily/603319.SH.csv
正在获取4121/5426 迪贝电气(603320.SH) [20150105 , 20250827 )的数据...
  获取到 2023 条数据，保存到 /data/data_liy/quant/raw/stock_daily/603320.SH.csv
正在获取4122/5426 梅轮电梯(603321.SH) [20150105 , 20250827 )的数据...
  获取到 1927 条数据，保存到 /data/data_liy/quant/raw/stock_daily/603321.SH.csv
正在获取4123/5426 超讯通信(603322.SH) [20150105 , 20250827 )的数据...
  获取到 2180 条数据，保存到 /data/data_liy/quant/raw/stock_daily/603322.SH.csv
正在获取4124/5426 苏农银行(603323.SH) [20150105 , 20250827 )的数据...
  获取到 2124 条数据，保存到 /data/data_liy/quant/raw/stock_daily/603323.SH.csv
正在获取4125/5426 盛剑科技(603324.SH) [20150105 , 20250827 )的数据...
  获取到 1065 条数据，保存到 /data/data_liy/quant/raw/stock_daily/603324.SH.csv
正在获取4126/5426 博隆技术(603325.SH) [20150105 , 20250827 )的数据...
  获取到 393 条数据，保存到 /data/data_liy/quant/raw/stock_daily/603325.SH.csv
正在获取4127/5426 我乐家居(603326.SH) [20150105 , 20250827 )的数据...
  获取到 1991 条数据，保存到 /data/data_liy/quant/raw/stock_daily/603326.SH.csv
正在获取4128/5426 福蓉科技(603327.SH) [20150105 , 20250827 )的数据...
  获取到 1521 条数据，保存到 /data/data_liy/quant/raw/stock_daily/603327.SH.csv
正在获取4129/5426 依顿电子(603328.SH) [20150105 , 20250827 )的数据...
  获取到 2584 条数据，保存到 /data/data_liy/quant/raw/stock_daily/603328.SH.csv
正在获取4130/5426 上海雅仕(603329.SH) [20150105 , 20250827 )的数据...
  获取到 1851 条数据，保存到 /data/data_liy/quant/raw/stock_daily/603329.SH.csv
正在获取4131/5426 天洋新材(603330.SH) [20150105 , 20250827 )的数据...
  获取到 2059 条数据，保存到 /data/data_liy/quant/raw/stock_daily/603330.SH.csv
正在获取4132/5426 百达精工(603331.SH) [20150105 , 20250827 )的数据...
  获取到 1979 条数据，保存到 /data/data_liy/quant/raw/stock_daily/603331.SH.csv
正在获取4133/5426 苏州龙杰(603332.SH) [20150105 , 20250827 )的数据...
  获取到 1602 条数据，保存到 /data/data_liy/quant/raw/stock_daily/603332.SH.csv
正在获取4134/5426 尚纬股份(603333.SH) [20150105 , 20250827 )的数据...
  获取到 2544 条数据，保存到 /data/data_liy/quant/raw/stock_daily/603333.SH.csv
正在获取4135/5426 迪生力(603335.SH) [20150105 , 20250827 )的数据...
  获取到 1990 条数据，保存到 /data/data_liy/quant/raw/stock_daily/603335.SH.csv
正在获取4136/5426 宏辉果蔬(603336.SH) [20150105 , 20250827 )的数据...
  获取到 2110 条数据，保存到 /data/data_liy/quant/raw/stock_daily/603336.SH.csv
正在获取4137/5426 杰克股份(603337.SH) [20150105 , 20250827 )的数据...
  获取到 2088 条数据，保存到 /data/data_liy/quant/raw/stock_daily/603337.SH.csv
正在获取4138/5426 浙江鼎力(603338.SH) [20150105 , 20250827 )的数据...
  获取到 2523 条数据，保存到 /data/data_liy/quant/raw/stock_daily/603338.SH.csv
正在获取4139/5426 四方科技(603339.SH) [20150105 , 20250827 )的数据...
  获取到 2252 条数据，保存到 /data/data_liy/quant/raw/stock_daily/603339.SH.csv
正在获取4140/5426 龙旗科技(603341.SH) [20150105 , 20250827 )的数据...
  获取到 362 条数据，保存到 /data/data_liy/quant/raw/stock_daily/603341.SH.csv
正在获取4141/5426 星德胜(603344.SH) [20150105 , 20250827 )的数据...
  获取到 349 条数据，保存到 /data/data_liy/quant/raw/stock_daily/603344.SH.csv
正在获取4142/5426 安井食品(603345.SH) [20150105 , 20250827 )的数据...
  获取到 2030 条数据，保存到 /data/data_liy/quant/raw/stock_daily/603345.SH.csv
正在获取4143/5426 文灿股份(603348.SH) [20150105 , 20250827 )的数据...
  获取到 1780 条数据，保存到 /data/data_liy/quant/raw/stock_daily/603348.SH.csv
正在获取4144/5426 安乃达(603350.SH) [20150105 , 20250827 )的数据...
  获取到 280 条数据，保存到 /data/data_liy/quant/raw/stock_daily/603350.SH.csv
正在获取4145/5426 威尔药业(603351.SH) [20150105 , 20250827 )的数据...
HTTPConnectionPool(host='api.waditu.com', port=80): Max retries exceeded with url: /dataapi/daily (Caused by NameResolutionError("<urllib3.connection.HTTPConnection object at 0x7f6a045d0700>: Failed to resolve 'api.waditu.com' ([Errno -2] Name or service not known)"))
  获取到 1593 条数据，保存到 /data/data_liy/quant/raw/stock_daily/603351.SH.csv
正在获取4146/5426 和顺石油(603353.SH) [20150105 , 20250827 )的数据...
  获取到 1308 条数据，保存到 /data/data_liy/quant/raw/stock_daily/603353.SH.csv
正在获取4147/5426 莱克电气(603355.SH) [20150105 , 20250827 )的数据...
HTTPConnectionPool(host='api.waditu.com', port=80): Max retries exceeded with url: /dataapi/daily (Caused by NameResolutionError("<urllib3.connection.HTTPConnection object at 0x7f6a045d35b0>: Failed to resolve 'api.waditu.com' ([Errno -2] Name or service not known)"))
  获取到 2503 条数据，保存到 /data/data_liy/quant/raw/stock_daily/603355.SH.csv
正在获取4148/5426 华菱精工(603356.SH) [20150105 , 20250827 )的数据...
  获取到 1830 条数据，保存到 /data/data_liy/quant/raw/stock_daily/603356.SH.csv
正在获取4149/5426 设计总院(603357.SH) [20150105 , 20250827 )的数据...
  获取到 1960 条数据，保存到 /data/data_liy/quant/raw/stock_daily/603357.SH.csv
正在获取4150/5426 华达科技(603358.SH) [20150105 , 20250827 )的数据...
  获取到 2079 条数据，保存到 /data/data_liy/quant/raw/stock_daily/603358.SH.csv
正在获取4151/5426 东珠生态(603359.SH) [20150105 , 20250827 )的数据...
  获取到 1937 条数据，保存到 /data/data_liy/quant/raw/stock_daily/603359.SH.csv
正在获取4152/5426 百傲化学(603360.SH) [20150105 , 20250827 )的数据...
  获取到 2081 条数据，保存到 /data/data_liy/quant/raw/stock_daily/603360.SH.csv
正在获取4153/5426 傲农生物(603363.SH) [20150105 , 20250827 )的数据...
  获取到 1918 条数据，保存到 /data/data_liy/quant/raw/stock_daily/603363.SH.csv
正在获取4154/5426 水星家纺(603365.SH) [20150105 , 20250827 )的数据...
  获取到 1886 条数据，保存到 /data/data_liy/quant/raw/stock_daily/603365.SH.csv
正在获取4155/5426 日出东方(603366.SH) [20150105 , 20250827 )的数据...
  获取到 2587 条数据，保存到 /data/data_liy/quant/raw/stock_daily/603366.SH.csv
正在获取4156/5426 辰欣药业(603367.SH) [20150105 , 20250827 )的数据...
  获取到 1917 条数据，保存到 /data/data_liy/quant/raw/stock_daily/603367.SH.csv
正在获取4157/5426 柳药集团(603368.SH) [20150105 , 20250827 )的数据...
  获取到 2575 条数据，保存到 /data/data_liy/quant/raw/stock_daily/603368.SH.csv
正在获取4158/5426 今世缘(603369.SH) [20150105 , 20250827 )的数据...
  获取到 2585 条数据，保存到 /data/data_liy/quant/raw/stock_daily/603369.SH.csv
正在获取4159/5426 安邦护卫(603373.SH) [20150105 , 20250827 )的数据...
  获取到 407 条数据，保存到 /data/data_liy/quant/raw/stock_daily/603373.SH.csv
正在获取4160/5426 盛景微(603375.SH) [20150105 , 20250827 )的数据...
  获取到 383 条数据，保存到 /data/data_liy/quant/raw/stock_daily/603375.SH.csv
正在获取4161/5426 ST东时(603377.SH) [20150105 , 20250827 )的数据...
  获取到 2277 条数据，保存到 /data/data_liy/quant/raw/stock_daily/603377.SH.csv
正在获取4162/5426 亚士创能(603378.SH) [20150105 , 20250827 )的数据...
  获取到 1918 条数据，保存到 /data/data_liy/quant/raw/stock_daily/603378.SH.csv
正在获取4163/5426 三美股份(603379.SH) [20150105 , 20250827 )的数据...
  获取到 1554 条数据，保存到 /data/data_liy/quant/raw/stock_daily/603379.SH.csv
正在获取4164/5426 易德龙(603380.SH) [20150105 , 20250827 )的数据...
  获取到 1988 条数据，保存到 /data/data_liy/quant/raw/stock_daily/603380.SH.csv
正在获取4165/5426 永臻股份(603381.SH) [20150105 , 20250827 )的数据...
  获取到 285 条数据，保存到 /data/data_liy/quant/raw/stock_daily/603381.SH.csv
正在获取4166/5426 海阳科技(603382.SH) [20150105 , 20250827 )的数据...
  获取到 53 条数据，保存到 /data/data_liy/quant/raw/stock_daily/603382.SH.csv
正在获取4167/5426 顶点软件(603383.SH) [20150105 , 20250827 )的数据...
  获取到 2007 条数据，保存到 /data/data_liy/quant/raw/stock_daily/603383.SH.csv
正在获取4168/5426 惠达卫浴(603385.SH) [20150105 , 20250827 )的数据...
  获取到 2041 条数据，保存到 /data/data_liy/quant/raw/stock_daily/603385.SH.csv
正在获取4169/5426 骏亚科技(603386.SH) [20150105 , 20250827 )的数据...
  获取到 1842 条数据，保存到 /data/data_liy/quant/raw/stock_daily/603386.SH.csv
正在获取4170/5426 基蛋生物(603387.SH) [20150105 , 20250827 )的数据...
HTTPConnectionPool(host='api.waditu.com', port=80): Max retries exceeded with url: /dataapi/daily (Caused by NameResolutionError("<urllib3.connection.HTTPConnection object at 0x7f6a045d1fc0>: Failed to resolve 'api.waditu.com' ([Errno -2] Name or service not known)"))
  获取到 1971 条数据，保存到 /data/data_liy/quant/raw/stock_daily/603387.SH.csv
正在获取4171/5426 *ST元成(603388.SH) [20150105 , 20250827 )的数据...
  获取到 2044 条数据，保存到 /data/data_liy/quant/raw/stock_daily/603388.SH.csv
正在获取4172/5426 *ST亚振(603389.SH) [20150105 , 20250827 )的数据...
  获取到 2078 条数据，保存到 /data/data_liy/quant/raw/stock_daily/603389.SH.csv
正在获取4173/5426 通达电气(603390.SH) [20150105 , 20250827 )的数据...
HTTPConnectionPool(host='api.waditu.com', port=80): Max retries exceeded with url: /dataapi/adj_factor (Caused by NameResolutionError("<urllib3.connection.HTTPConnection object at 0x7f6a045d0d90>: Failed to resolve 'api.waditu.com' ([Errno -2] Name or service not known)"))
  获取到 1396 条数据，保存到 /data/data_liy/quant/raw/stock_daily/603390.SH.csv
正在获取4174/5426 力聚热能(603391.SH) [20150105 , 20250827 )的数据...
  获取到 260 条数据，保存到 /data/data_liy/quant/raw/stock_daily/603391.SH.csv
正在获取4175/5426 万泰生物(603392.SH) [20150105 , 20250827 )的数据...
  获取到 1292 条数据，保存到 /data/data_liy/quant/raw/stock_daily/603392.SH.csv
正在获取4176/5426 新天然气(603393.SH) [20150105 , 20250827 )的数据...
  获取到 2111 条数据，保存到 /data/data_liy/quant/raw/stock_daily/603393.SH.csv
正在获取4177/5426 红四方(603395.SH) [20150105 , 20250827 )的数据...
  获取到 183 条数据，保存到 /data/data_liy/quant/raw/stock_daily/603395.SH.csv
正在获取4178/5426 金辰股份(603396.SH) [20150105 , 20250827 )的数据...
  获取到 1909 条数据，保存到 /data/data_liy/quant/raw/stock_daily/603396.SH.csv
正在获取4179/5426 *ST沐邦(603398.SH) [20150105 , 20250827 )的数据...
  获取到 2239 条数据，保存到 /data/data_liy/quant/raw/stock_daily/603398.SH.csv
正在获取4180/5426 永杉锂业(603399.SH) [20150105 , 20250827 )的数据...
  获取到 2388 条数据，保存到 /data/data_liy/quant/raw/stock_daily/603399.SH.csv
正在获取4181/5426 华之杰(603400.SH) [20150105 , 20250827 )的数据...
  获取到 47 条数据，保存到 /data/data_liy/quant/raw/stock_daily/603400.SH.csv
正在获取4182/5426 天富龙(603406.SH) [20150105 , 20250827 )的数据...
  获取到 12 条数据，保存到 /data/data_liy/quant/raw/stock_daily/603406.SH.csv
正在获取4183/5426 建霖家居(603408.SH) [20150105 , 20250827 )的数据...
  获取到 1231 条数据，保存到 /data/data_liy/quant/raw/stock_daily/603408.SH.csv
正在获取4184/5426 汇通控股(603409.SH) [20150105 , 20250827 )的数据...
  获取到 120 条数据，保存到 /data/data_liy/quant/raw/stock_daily/603409.SH.csv
正在获取4185/5426 信捷电气(603416.SH) [20150105 , 20250827 )的数据...
  获取到 2108 条数据，保存到 /data/data_liy/quant/raw/stock_daily/603416.SH.csv
正在获取4186/5426 鼎信通讯(603421.SH) [20150105 , 20250827 )的数据...
  获取到 2159 条数据，保存到 /data/data_liy/quant/raw/stock_daily/603421.SH.csv
正在获取4187/5426 集友股份(603429.SH) [20150105 , 20250827 )的数据...
  获取到 2036 条数据，保存到 /data/data_liy/quant/raw/stock_daily/603429.SH.csv
正在获取4188/5426 贵州三力(603439.SH) [20150105 , 20250827 )的数据...
  获取到 1293 条数据，保存到 /data/data_liy/quant/raw/stock_daily/603439.SH.csv
正在获取4189/5426 吉比特(603444.SH) [20150105 , 20250827 )的数据...
  获取到 2099 条数据，保存到 /data/data_liy/quant/raw/stock_daily/603444.SH.csv
正在获取4190/5426 九洲药业(603456.SH) [20150105 , 20250827 )的数据...
  获取到 2550 条数据，保存到 /data/data_liy/quant/raw/stock_daily/603456.SH.csv
正在获取4191/5426 勘设股份(603458.SH) [20150105 , 20250827 )的数据...
  获取到 1952 条数据，保存到 /data/data_liy/quant/raw/stock_daily/603458.SH.csv
正在获取4192/5426 风语筑(603466.SH) [20150105 , 20250827 )的数据...
  获取到 1906 条数据，保存到 /data/data_liy/quant/raw/stock_daily/603466.SH.csv
正在获取4193/5426 巨星农牧(603477.SH) [20150105 , 20250827 )的数据...
  获取到 1855 条数据，保存到 /data/data_liy/quant/raw/stock_daily/603477.SH.csv
正在获取4194/5426 科沃斯(603486.SH) [20150105 , 20250827 )的数据...
  获取到 1761 条数据，保存到 /data/data_liy/quant/raw/stock_daily/603486.SH.csv
正在获取4195/5426 展鹏科技(603488.SH) [20150105 , 20250827 )的数据...
  获取到 1997 条数据，保存到 /data/data_liy/quant/raw/stock_daily/603488.SH.csv
正在获取4196/5426 八方股份(603489.SH) [20150105 , 20250827 )的数据...
  获取到 1406 条数据，保存到 /data/data_liy/quant/raw/stock_daily/603489.SH.csv
正在获取4197/5426 恒为科技(603496.SH) [20150105 , 20250827 )的数据...
  获取到 1999 条数据，保存到 /data/data_liy/quant/raw/stock_daily/603496.SH.csv
正在获取4198/5426 翔港科技(603499.SH) [20150105 , 20250827 )的数据...
  获取到 1910 条数据，保存到 /data/data_liy/quant/raw/stock_daily/603499.SH.csv
正在获取4199/5426 祥和实业(603500.SH) [20150105 , 20250827 )的数据...
  获取到 1936 条数据，保存到 /data/data_liy/quant/raw/stock_daily/603500.SH.csv
正在获取4200/5426 豪威集团(603501.SH) [20150105 , 20250827 )的数据...
  获取到 1850 条数据，保存到 /data/data_liy/quant/raw/stock_daily/603501.SH.csv
正在获取4201/5426 金石资源(603505.SH) [20150105 , 20250827 )的数据...
  获取到 2022 条数据，保存到 /data/data_liy/quant/raw/stock_daily/603505.SH.csv
正在获取4202/5426 南都物业(603506.SH) [20150105 , 20250827 )的数据...
  获取到 1834 条数据，保存到 /data/data_liy/quant/raw/stock_daily/603506.SH.csv
正在获取4203/5426 振江股份(603507.SH) [20150105 , 20250827 )的数据...
  获取到 1891 条数据，保存到 /data/data_liy/quant/raw/stock_daily/603507.SH.csv
正在获取4204/5426 思维列控(603508.SH) [20150105 , 20250827 )的数据...
  获取到 2262 条数据，保存到 /data/data_liy/quant/raw/stock_daily/603508.SH.csv
正在获取4205/5426 爱慕股份(603511.SH) [20150105 , 20250827 )的数据...
  获取到 1030 条数据，保存到 /data/data_liy/quant/raw/stock_daily/603511.SH.csv
正在获取4206/5426 欧普照明(603515.SH) [20150105 , 20250827 )的数据...
  获取到 2189 条数据，保存到 /data/data_liy/quant/raw/stock_daily/603515.SH.csv
正在获取4207/5426 淳中科技(603516.SH) [20150105 , 20250827 )的数据...
  获取到 1833 条数据，保存到 /data/data_liy/quant/raw/stock_daily/603516.SH.csv
正在获取4208/5426 绝味食品(603517.SH) [20150105 , 20250827 )的数据...
  获取到 2052 条数据，保存到 /data/data_liy/quant/raw/stock_daily/603517.SH.csv
正在获取4209/5426 锦泓集团(603518.SH) [20150105 , 20250827 )的数据...
  获取到 2452 条数据，保存到 /data/data_liy/quant/raw/stock_daily/603518.SH.csv
正在获取4210/5426 立霸股份(603519.SH) [20150105 , 20250827 )的数据...
  获取到 2446 条数据，保存到 /data/data_liy/quant/raw/stock_daily/603519.SH.csv
正在获取4211/5426 司太立(603520.SH) [20150105 , 20250827 )的数据...
  获取到 2176 条数据，保存到 /data/data_liy/quant/raw/stock_daily/603520.SH.csv
正在获取4212/5426 众源新材(603527.SH) [20150105 , 20250827 )的数据...
  获取到 1933 条数据，保存到 /data/data_liy/quant/raw/stock_daily/603527.SH.csv
正在获取4213/5426 多伦科技(603528.SH) [20150105 , 20250827 )的数据...
  获取到 2263 条数据，保存到 /data/data_liy/quant/raw/stock_daily/603528.SH.csv
正在获取4214/5426 爱玛科技(603529.SH) [20150105 , 20250827 )的数据...
  获取到 1020 条数据，保存到 /data/data_liy/quant/raw/stock_daily/603529.SH.csv
正在获取4215/5426 神马电力(603530.SH) [20150105 , 20250827 )的数据...
  获取到 1470 条数据，保存到 /data/data_liy/quant/raw/stock_daily/603530.SH.csv
正在获取4216/5426 掌阅科技(603533.SH) [20150105 , 20250827 )的数据...
  获取到 1921 条数据，保存到 /data/data_liy/quant/raw/stock_daily/603533.SH.csv
正在获取4217/5426 嘉诚国际(603535.SH) [20150105 , 20250827 )的数据...
  获取到 1955 条数据，保存到 /data/data_liy/quant/raw/stock_daily/603535.SH.csv
正在获取4218/5426 惠发食品(603536.SH) [20150105 , 20250827 )的数据...
  获取到 1995 条数据，保存到 /data/data_liy/quant/raw/stock_daily/603536.SH.csv
正在获取4219/5426 美诺华(603538.SH) [20150105 , 20250827 )的数据...
  获取到 1966 条数据，保存到 /data/data_liy/quant/raw/stock_daily/603538.SH.csv
正在获取4220/5426 奥普科技(603551.SH) [20150105 , 20250827 )的数据...
  获取到 1360 条数据，保存到 /data/data_liy/quant/raw/stock_daily/603551.SH.csv
正在获取4221/5426 海兴电力(603556.SH) [20150105 , 20250827 )的数据...
  获取到 2137 条数据，保存到 /data/data_liy/quant/raw/stock_daily/603556.SH.csv
正在获取4222/5426 ST起步(603557.SH) [20150105 , 20250827 )的数据...
  获取到 1936 条数据，保存到 /data/data_liy/quant/raw/stock_daily/603557.SH.csv
正在获取4223/5426 健盛集团(603558.SH) [20150105 , 20250827 )的数据...
  获取到 2470 条数据，保存到 /data/data_liy/quant/raw/stock_daily/603558.SH.csv
正在获取4224/5426 ST通脉(603559.SH) [20150105 , 20250827 )的数据...
  获取到 2040 条数据，保存到 /data/data_liy/quant/raw/stock_daily/603559.SH.csv
正在获取4225/5426 中谷物流(603565.SH) [20150105 , 20250827 )的数据...
  获取到 1190 条数据，保存到 /data/data_liy/quant/raw/stock_daily/603565.SH.csv
正在获取4226/5426 普莱柯(603566.SH) [20150105 , 20250827 )的数据...
  获取到 2495 条数据，保存到 /data/data_liy/quant/raw/stock_daily/603566.SH.csv
正在获取4227/5426 珍宝岛(603567.SH) [20150105 , 20250827 )的数据...
  获取到 2500 条数据，保存到 /data/data_liy/quant/raw/stock_daily/603567.SH.csv
正在获取4228/5426 伟明环保(603568.SH) [20150105 , 20250827 )的数据...
  获取到 2492 条数据，保存到 /data/data_liy/quant/raw/stock_daily/603568.SH.csv
正在获取4229/5426 长久物流(603569.SH) [20150105 , 20250827 )的数据...
  获取到 2196 条数据，保存到 /data/data_liy/quant/raw/stock_daily/603569.SH.csv
正在获取4230/5426 汇金通(603577.SH) [20150105 , 20250827 )的数据...
  获取到 2107 条数据，保存到 /data/data_liy/quant/raw/stock_daily/603577.SH.csv
正在获取4231/5426 三星新材(603578.SH) [20150105 , 20250827 )的数据...
  获取到 2049 条数据，保存到 /data/data_liy/quant/raw/stock_daily/603578.SH.csv
正在获取4232/5426 荣泰健康(603579.SH) [20150105 , 20250827 )的数据...
  获取到 2094 条数据，保存到 /data/data_liy/quant/raw/stock_daily/603579.SH.csv
正在获取4233/5426 *ST艾艾(603580.SH) [20150105 , 20250827 )的数据...
  获取到 2005 条数据，保存到 /data/data_liy/quant/raw/stock_daily/603580.SH.csv
正在获取4234/5426 捷昌驱动(603583.SH) [20150105 , 20250827 )的数据...
  获取到 1678 条数据，保存到 /data/data_liy/quant/raw/stock_daily/603583.SH.csv
正在获取4235/5426 苏利股份(603585.SH) [20150105 , 20250827 )的数据...
  获取到 2113 条数据，保存到 /data/data_liy/quant/raw/stock_daily/603585.SH.csv
正在获取4236/5426 金麒麟(603586.SH) [20150105 , 20250827 )的数据...
  获取到 2040 条数据，保存到 /data/data_liy/quant/raw/stock_daily/603586.SH.csv
正在获取4237/5426 地素时尚(603587.SH) [20150105 , 20250827 )的数据...
  获取到 1743 条数据，保存到 /data/data_liy/quant/raw/stock_daily/603587.SH.csv
正在获取4238/5426 高能环境(603588.SH) [20150105 , 20250827 )的数据...
  获取到 2485 条数据，保存到 /data/data_liy/quant/raw/stock_daily/603588.SH.csv
正在获取4239/5426 口子窖(603589.SH) [20150105 , 20250827 )的数据...
  获取到 2471 条数据，保存到 /data/data_liy/quant/raw/stock_daily/603589.SH.csv
正在获取4240/5426 康辰药业(603590.SH) [20150105 , 20250827 )的数据...
HTTPConnectionPool(host='api.waditu.com', port=80): Max retries exceeded with url: /dataapi/daily (Caused by NameResolutionError("<urllib3.connection.HTTPConnection object at 0x7f6a045d2950>: Failed to resolve 'api.waditu.com' ([Errno -2] Name or service not known)"))
  获取到 1697 条数据，保存到 /data/data_liy/quant/raw/stock_daily/603590.SH.csv
正在获取4241/5426 东尼电子(603595.SH) [20150105 , 20250827 )的数据...
  获取到 1974 条数据，保存到 /data/data_liy/quant/raw/stock_daily/603595.SH.csv
正在获取4242/5426 伯特利(603596.SH) [20150105 , 20250827 )的数据...
  获取到 1780 条数据，保存到 /data/data_liy/quant/raw/stock_daily/603596.SH.csv
正在获取4243/5426 引力传媒(603598.SH) [20150105 , 20250827 )的数据...
  获取到 2312 条数据，保存到 /data/data_liy/quant/raw/stock_daily/603598.SH.csv
正在获取4244/5426 广信股份(603599.SH) [20150105 , 20250827 )的数据...
  获取到 2497 条数据，保存到 /data/data_liy/quant/raw/stock_daily/603599.SH.csv
正在获取4245/5426 永艺股份(603600.SH) [20150105 , 20250827 )的数据...
  获取到 2562 条数据，保存到 /data/data_liy/quant/raw/stock_daily/603600.SH.csv
正在获取4246/5426 再升科技(603601.SH) [20150105 , 20250827 )的数据...
HTTPConnectionPool(host='api.waditu.com', port=80): Max retries exceeded with url: /dataapi/adj_factor (Caused by NameResolutionError("<urllib3.connection.HTTPConnection object at 0x7f6a04608100>: Failed to resolve 'api.waditu.com' ([Errno -2] Name or service not known)"))
  获取到 2518 条数据，保存到 /data/data_liy/quant/raw/stock_daily/603601.SH.csv
正在获取4247/5426 纵横通信(603602.SH) [20150105 , 20250827 )的数据...
  获取到 1891 条数据，保存到 /data/data_liy/quant/raw/stock_daily/603602.SH.csv
正在获取4248/5426 珀莱雅(603605.SH) [20150105 , 20250827 )的数据...
  获取到 1889 条数据，保存到 /data/data_liy/quant/raw/stock_daily/603605.SH.csv
正在获取4249/5426 东方电缆(603606.SH) [20150105 , 20250827 )的数据...
  获取到 2579 条数据，保存到 /data/data_liy/quant/raw/stock_daily/603606.SH.csv
正在获取4250/5426 京华激光(603607.SH) [20150105 , 20250827 )的数据...
  获取到 1903 条数据，保存到 /data/data_liy/quant/raw/stock_daily/603607.SH.csv
正在获取4251/5426 天创时尚(603608.SH) [20150105 , 20250827 )的数据...
  获取到 2235 条数据，保存到 /data/data_liy/quant/raw/stock_daily/603608.SH.csv
正在获取4252/5426 禾丰股份(603609.SH) [20150105 , 20250827 )的数据...
  获取到 2576 条数据，保存到 /data/data_liy/quant/raw/stock_daily/603609.SH.csv
正在获取4253/5426 麒盛科技(603610.SH) [20150105 , 20250827 )的数据...
  获取到 1415 条数据，保存到 /data/data_liy/quant/raw/stock_daily/603610.SH.csv
正在获取4254/5426 诺力股份(603611.SH) [20150105 , 20250827 )的数据...
  获取到 2488 条数据，保存到 /data/data_liy/quant/raw/stock_daily/603611.SH.csv
正在获取4255/5426 索通发展(603612.SH) [20150105 , 20250827 )的数据...
  获取到 1959 条数据，保存到 /data/data_liy/quant/raw/stock_daily/603612.SH.csv
正在获取4256/5426 国联股份(603613.SH) [20150105 , 20250827 )的数据...
  获取到 1474 条数据，保存到 /data/data_liy/quant/raw/stock_daily/603613.SH.csv
正在获取4257/5426 茶花股份(603615.SH) [20150105 , 20250827 )的数据...
  获取到 2076 条数据，保存到 /data/data_liy/quant/raw/stock_daily/603615.SH.csv
正在获取4258/5426 韩建河山(603616.SH) [20150105 , 20250827 )的数据...
  获取到 2464 条数据，保存到 /data/data_liy/quant/raw/stock_daily/603616.SH.csv
正在获取4259/5426 君禾股份(603617.SH) [20150105 , 20250827 )的数据...
  获取到 1981 条数据，保存到 /data/data_liy/quant/raw/stock_daily/603617.SH.csv
正在获取4260/5426 杭电股份(603618.SH) [20150105 , 20250827 )的数据...
  获取到 2532 条数据，保存到 /data/data_liy/quant/raw/stock_daily/603618.SH.csv
正在获取4261/5426 中曼石油(603619.SH) [20150105 , 20250827 )的数据...
  获取到 1887 条数据，保存到 /data/data_liy/quant/raw/stock_daily/603619.SH.csv
正在获取4262/5426 科森科技(603626.SH) [20150105 , 20250827 )的数据...
  获取到 2078 条数据，保存到 /data/data_liy/quant/raw/stock_daily/603626.SH.csv
正在获取4263/5426 清源股份(603628.SH) [20150105 , 20250827 )的数据...
  获取到 2089 条数据，保存到 /data/data_liy/quant/raw/stock_daily/603628.SH.csv
